Parameter,L_180nm_0,L_180nm_1,L_180nm_2,L_180nm_3,L_180nm_4,L_180nm_5,L_180nm_6,L_180nm_7,L_180nm_8,L_180nm_9,L_180nm_10,L_180nm_11,L_180nm_12,L_180nm_13,L_180nm_14,L_180nm_15,L_180nm_16,L_180nm_17,L_180nm_18,L_180nm_19,L_180nm_20,L_180nm_21,L_180nm_22,L_180nm_23,L_180nm_24,L_180nm_25,L_180nm_26,L_180nm_27,L_180nm_28,L_180nm_29,L_180nm_30,L_180nm_31,L_180nm_32,L_180nm_33,L_180nm_34,L_180nm_35,L_180nm_36,L_180nm_37,L_180nm_38,L_180nm_39,L_180nm_40,L_180nm_41,L_180nm_42,L_180nm_43,L_180nm_44,L_180nm_45,L_180nm_46,L_180nm_47,L_180nm_48,L_180nm_49,L_180nm_50,L_180nm_51,L_180nm_52,L_180nm_53,L_180nm_54,L_180nm_55,L_180nm_56,L_180nm_57,L_180nm_58,L_180nm_59,L_180nm_60,L_180nm_61,L_180nm_62,L_180nm_63,L_180nm_64,L_180nm_65,L_180nm_66,L_180nm_67,L_180nm_68,L_180nm_69,L_180nm_70,L_180nm_71,L_180nm_72,L_180nm_73,L_180nm_74,L_180nm_75,L_180nm_76,L_180nm_77,L_180nm_78,L_180nm_79,L_180nm_80,L_360nm_0,L_360nm_1,L_360nm_2,L_360nm_3,L_360nm_4,L_360nm_5,L_360nm_6,L_360nm_7,L_360nm_8,L_360nm_9,L_360nm_10,L_360nm_11,L_360nm_12,L_360nm_13,L_360nm_14,L_360nm_15,L_360nm_16,L_360nm_17,L_360nm_18,L_360nm_19,L_360nm_20,L_360nm_21,L_360nm_22,L_360nm_23,L_360nm_24,L_360nm_25,L_360nm_26,L_360nm_27,L_360nm_28,L_360nm_29,L_360nm_30,L_360nm_31,L_360nm_32,L_360nm_33,L_360nm_34,L_360nm_35,L_360nm_36,L_360nm_37,L_360nm_38,L_360nm_39,L_360nm_40,L_360nm_41,L_360nm_42,L_360nm_43,L_360nm_44,L_360nm_45,L_360nm_46,L_360nm_47,L_360nm_48,L_360nm_49,L_360nm_50,L_360nm_51,L_360nm_52,L_360nm_53,L_360nm_54,L_360nm_55,L_360nm_56,L_360nm_57,L_360nm_58,L_360nm_59,L_360nm_60,L_360nm_61,L_360nm_62,L_360nm_63,L_360nm_64,L_360nm_65,L_360nm_66,L_360nm_67,L_360nm_68,L_360nm_69,L_360nm_70,L_360nm_71,L_360nm_72,L_360nm_73,L_360nm_74,L_360nm_75,L_360nm_76,L_360nm_77,L_360nm_78,L_360nm_79,L_360nm_80,L_540nm_0,L_540nm_1,L_540nm_2,L_540nm_3,L_540nm_4,L_540nm_5,L_540nm_6,L_540nm_7,L_540nm_8,L_540nm_9,L_540nm_10,L_540nm_11,L_540nm_12,L_540nm_13,L_540nm_14,L_540nm_15,L_540nm_16,L_540nm_17,L_540nm_18,L_540nm_19,L_540nm_20,L_540nm_21,L_540nm_22,L_540nm_23,L_540nm_24,L_540nm_25,L_540nm_26,L_540nm_27,L_540nm_28,L_540nm_29,L_540nm_30,L_540nm_31,L_540nm_32,L_540nm_33,L_540nm_34,L_540nm_35,L_540nm_36,L_540nm_37,L_540nm_38,L_540nm_39,L_540nm_40,L_540nm_41,L_540nm_42,L_540nm_43,L_540nm_44,L_540nm_45,L_540nm_46,L_540nm_47,L_540nm_48,L_540nm_49,L_540nm_50,L_540nm_51,L_540nm_52,L_540nm_53,L_540nm_54,L_540nm_55,L_540nm_56,L_540nm_57,L_540nm_58,L_540nm_59,L_540nm_60,L_540nm_61,L_540nm_62,L_540nm_63,L_540nm_64,L_540nm_65,L_540nm_66,L_540nm_67,L_540nm_68,L_540nm_69,L_540nm_70,L_540nm_71,L_540nm_72,L_540nm_73,L_540nm_74,L_540nm_75,L_540nm_76,L_540nm_77,L_540nm_78,L_540nm_79,L_540nm_80,L_720nm_0,L_720nm_1,L_720nm_2,L_720nm_3,L_720nm_4,L_720nm_5,L_720nm_6,L_720nm_7,L_720nm_8,L_720nm_9,L_720nm_10,L_720nm_11,L_720nm_12,L_720nm_13,L_720nm_14,L_720nm_15,L_720nm_16,L_720nm_17,L_720nm_18,L_720nm_19,L_720nm_20,L_720nm_21,L_720nm_22,L_720nm_23,L_720nm_24,L_720nm_25,L_720nm_26,L_720nm_27,L_720nm_28,L_720nm_29,L_720nm_30,L_720nm_31,L_720nm_32,L_720nm_33,L_720nm_34,L_720nm_35,L_720nm_36,L_720nm_37,L_720nm_38,L_720nm_39,L_720nm_40,L_720nm_41,L_720nm_42,L_720nm_43,L_720nm_44,L_720nm_45,L_720nm_46,L_720nm_47,L_720nm_48,L_720nm_49,L_720nm_50,L_720nm_51,L_720nm_52,L_720nm_53,L_720nm_54,L_720nm_55,L_720nm_56,L_720nm_57,L_720nm_58,L_720nm_59,L_720nm_60,L_720nm_61,L_720nm_62,L_720nm_63,L_720nm_64,L_720nm_65,L_720nm_66,L_720nm_67,L_720nm_68,L_720nm_69,L_720nm_70,L_720nm_71,L_720nm_72,L_720nm_73,L_720nm_74,L_720nm_75,L_720nm_76,L_720nm_77,L_720nm_78,L_720nm_79,L_720nm_80,L_900nm_0,L_900nm_1,L_900nm_2,L_900nm_3,L_900nm_4,L_900nm_5,L_900nm_6,L_900nm_7,L_900nm_8,L_900nm_9,L_900nm_10,L_900nm_11,L_900nm_12,L_900nm_13,L_900nm_14,L_900nm_15,L_900nm_16,L_900nm_17,L_900nm_18,L_900nm_19,L_900nm_20,L_900nm_21,L_900nm_22,L_900nm_23,L_900nm_24,L_900nm_25,L_900nm_26,L_900nm_27,L_900nm_28,L_900nm_29,L_900nm_30,L_900nm_31,L_900nm_32,L_900nm_33,L_900nm_34,L_900nm_35,L_900nm_36,L_900nm_37,L_900nm_38,L_900nm_39,L_900nm_40,L_900nm_41,L_900nm_42,L_900nm_43,L_900nm_44,L_900nm_45,L_900nm_46,L_900nm_47,L_900nm_48,L_900nm_49,L_900nm_50,L_900nm_51,L_900nm_52,L_900nm_53,L_900nm_54,L_900nm_55,L_900nm_56,L_900nm_57,L_900nm_58,L_900nm_59,L_900nm_60,L_900nm_61,L_900nm_62,L_900nm_63,L_900nm_64,L_900nm_65,L_900nm_66,L_900nm_67,L_900nm_68,L_900nm_69,L_900nm_70,L_900nm_71,L_900nm_72,L_900nm_73,L_900nm_74,L_900nm_75,L_900nm_76,L_900nm_77,L_900nm_78,L_900nm_79,L_900nm_80,L_1080nm_0,L_1080nm_1,L_1080nm_2,L_1080nm_3,L_1080nm_4,L_1080nm_5,L_1080nm_6,L_1080nm_7,L_1080nm_8,L_1080nm_9,L_1080nm_10,L_1080nm_11,L_1080nm_12,L_1080nm_13,L_1080nm_14,L_1080nm_15,L_1080nm_16,L_1080nm_17,L_1080nm_18,L_1080nm_19,L_1080nm_20,L_1080nm_21,L_1080nm_22,L_1080nm_23,L_1080nm_24,L_1080nm_25,L_1080nm_26,L_1080nm_27,L_1080nm_28,L_1080nm_29,L_1080nm_30,L_1080nm_31,L_1080nm_32,L_1080nm_33,L_1080nm_34,L_1080nm_35,L_1080nm_36,L_1080nm_37,L_1080nm_38,L_1080nm_39,L_1080nm_40,L_1080nm_41,L_1080nm_42,L_1080nm_43,L_1080nm_44,L_1080nm_45,L_1080nm_46,L_1080nm_47,L_1080nm_48,L_1080nm_49,L_1080nm_50,L_1080nm_51,L_1080nm_52,L_1080nm_53,L_1080nm_54,L_1080nm_55,L_1080nm_56,L_1080nm_57,L_1080nm_58,L_1080nm_59,L_1080nm_60,L_1080nm_61,L_1080nm_62,L_1080nm_63,L_1080nm_64,L_1080nm_65,L_1080nm_66,L_1080nm_67,L_1080nm_68,L_1080nm_69,L_1080nm_70,L_1080nm_71,L_1080nm_72,L_1080nm_73,L_1080nm_74,L_1080nm_75,L_1080nm_76,L_1080nm_77,L_1080nm_78,L_1080nm_79,L_1080nm_80,L_1260nm_0,L_1260nm_1,L_1260nm_2,L_1260nm_3,L_1260nm_4,L_1260nm_5,L_1260nm_6,L_1260nm_7,L_1260nm_8,L_1260nm_9,L_1260nm_10,L_1260nm_11,L_1260nm_12,L_1260nm_13,L_1260nm_14,L_1260nm_15,L_1260nm_16,L_1260nm_17,L_1260nm_18,L_1260nm_19,L_1260nm_20,L_1260nm_21,L_1260nm_22,L_1260nm_23,L_1260nm_24,L_1260nm_25,L_1260nm_26,L_1260nm_27,L_1260nm_28,L_1260nm_29,L_1260nm_30,L_1260nm_31,L_1260nm_32,L_1260nm_33,L_1260nm_34,L_1260nm_35,L_1260nm_36,L_1260nm_37,L_1260nm_38,L_1260nm_39,L_1260nm_40,L_1260nm_41,L_1260nm_42,L_1260nm_43,L_1260nm_44,L_1260nm_45,L_1260nm_46,L_1260nm_47,L_1260nm_48,L_1260nm_49,L_1260nm_50,L_1260nm_51,L_1260nm_52,L_1260nm_53,L_1260nm_54,L_1260nm_55,L_1260nm_56,L_1260nm_57,L_1260nm_58,L_1260nm_59,L_1260nm_60,L_1260nm_61,L_1260nm_62,L_1260nm_63,L_1260nm_64,L_1260nm_65,L_1260nm_66,L_1260nm_67,L_1260nm_68,L_1260nm_69,L_1260nm_70,L_1260nm_71,L_1260nm_72,L_1260nm_73,L_1260nm_74,L_1260nm_75,L_1260nm_76,L_1260nm_77,L_1260nm_78,L_1260nm_79,L_1260nm_80
LN,0.00000018,0.00000018,0.00000018,0.00000018,0.00000018,0.00000018,0.00000018,0.00000018,0.00000018,0.00000018,0.00000018,0.00000018,0.00000018,0.00000018,0.00000018,0.00000018,0.00000018,0.00000018,0.00000018,0.00000018,0.00000018,0.00000018,0.00000018,0.00000018,0.00000018,0.00000018,0.00000018,0.00000018,0.00000018,0.00000018,0.00000018,0.00000018,0.00000018,0.00000018,0.00000018,0.00000018,0.00000018,0.00000018,0.00000018,0.00000018,0.00000018,0.00000018,0.00000018,0.00000018,0.00000018,0.00000018,0.00000018,0.00000018,0.00000018,0.00000018,0.00000018,0.00000018,0.00000018,0.00000018,0.00000018,0.00000018,0.00000018,0.00000018,0.00000018,0.00000018,0.00000018,0.00000018,0.00000018,0.00000018,0.00000018,0.00000018,0.00000018,0.00000018,0.00000018,0.00000018,0.00000018,0.00000018,0.00000018,0.00000018,0.00000018,0.00000018,0.00000018,0.00000018,0.00000018,0.00000018,0.00000018,0.00000036,0.00000036,0.00000036,0.00000036,0.00000036,0.00000036,0.00000036,0.00000036,0.00000036,0.00000036,0.00000036,0.00000036,0.00000036,0.00000036,0.00000036,0.00000036,0.00000036,0.00000036,0.00000036,0.00000036,0.00000036,0.00000036,0.00000036,0.00000036,0.00000036,0.00000036,0.00000036,0.00000036,0.00000036,0.00000036,0.00000036,0.00000036,0.00000036,0.00000036,0.00000036,0.00000036,0.00000036,0.00000036,0.00000036,0.00000036,0.00000036,0.00000036,0.00000036,0.00000036,0.00000036,0.00000036,0.00000036,0.00000036,0.00000036,0.00000036,0.00000036,0.00000036,0.00000036,0.00000036,0.00000036,0.00000036,0.00000036,0.00000036,0.00000036,0.00000036,0.00000036,0.00000036,0.00000036,0.00000036,0.00000036,0.00000036,0.00000036,0.00000036,0.00000036,0.00000036,0.00000036,0.00000036,0.00000036,0.00000036,0.00000036,0.00000036,0.00000036,0.00000036,0.00000036,0.00000036,0.00000036,0.00000054,0.00000054,0.00000054,0.00000054,0.00000054,0.00000054,0.00000054,0.00000054,0.00000054,0.00000054,0.00000054,0.00000054,0.00000054,0.00000054,0.00000054,0.00000054,0.00000054,0.00000054,0.00000054,0.00000054,0.00000054,0.00000054,0.00000054,0.00000054,0.00000054,0.00000054,0.00000054,0.00000054,0.00000054,0.00000054,0.00000054,0.00000054,0.00000054,0.00000054,0.00000054,0.00000054,0.00000054,0.00000054,0.00000054,0.00000054,0.00000054,0.00000054,0.00000054,0.00000054,0.00000054,0.00000054,0.00000054,0.00000054,0.00000054,0.00000054,0.00000054,0.00000054,0.00000054,0.00000054,0.00000054,0.00000054,0.00000054,0.00000054,0.00000054,0.00000054,0.00000054,0.00000054,0.00000054,0.00000054,0.00000054,0.00000054,0.00000054,0.00000054,0.00000054,0.00000054,0.00000054,0.00000054,0.00000054,0.00000054,0.00000054,0.00000054,0.00000054,0.00000054,0.00000054,0.00000054,0.00000054,0.00000072,0.00000072,0.00000072,0.00000072,0.00000072,0.00000072,0.00000072,0.00000072,0.00000072,0.00000072,0.00000072,0.00000072,0.00000072,0.00000072,0.00000072,0.00000072,0.00000072,0.00000072,0.00000072,0.00000072,0.00000072,0.00000072,0.00000072,0.00000072,0.00000072,0.00000072,0.00000072,0.00000072,0.00000072,0.00000072,0.00000072,0.00000072,0.00000072,0.00000072,0.00000072,0.00000072,0.00000072,0.00000072,0.00000072,0.00000072,0.00000072,0.00000072,0.00000072,0.00000072,0.00000072,0.00000072,0.00000072,0.00000072,0.00000072,0.00000072,0.00000072,0.00000072,0.00000072,0.00000072,0.00000072,0.00000072,0.00000072,0.00000072,0.00000072,0.00000072,0.00000072,0.00000072,0.00000072,0.00000072,0.00000072,0.00000072,0.00000072,0.00000072,0.00000072,0.00000072,0.00000072,0.00000072,0.00000072,0.00000072,0.00000072,0.00000072,0.00000072,0.00000072,0.00000072,0.00000072,0.00000072,0.0000009,0.0000009,0.0000009,0.0000009,0.0000009,0.0000009,0.0000009,0.0000009,0.0000009,0.0000009,0.0000009,0.0000009,0.0000009,0.0000009,0.0000009,0.0000009,0.0000009,0.0000009,0.0000009,0.0000009,0.0000009,0.0000009,0.0000009,0.0000009,0.0000009,0.0000009,0.0000009,0.0000009,0.0000009,0.0000009,0.0000009,0.0000009,0.0000009,0.0000009,0.0000009,0.0000009,0.0000009,0.0000009,0.0000009,0.0000009,0.0000009,0.0000009,0.0000009,0.0000009,0.0000009,0.0000009,0.0000009,0.0000009,0.0000009,0.0000009,0.0000009,0.0000009,0.0000009,0.0000009,0.0000009,0.0000009,0.0000009,0.0000009,0.0000009,0.0000009,0.0000009,0.0000009,0.0000009,0.0000009,0.0000009,0.0000009,0.0000009,0.0000009,0.0000009,0.0000009,0.0000009,0.0000009,0.0000009,0.0000009,0.0000009,0.0000009,0.0000009,0.0000009,0.0000009,0.0000009,0.0000009,0.00000108,0.00000108,0.00000108,0.00000108,0.00000108,0.00000108,0.00000108,0.00000108,0.00000108,0.00000108,0.00000108,0.00000108,0.00000108,0.00000108,0.00000108,0.00000108,0.00000108,0.00000108,0.00000108,0.00000108,0.00000108,0.00000108,0.00000108,0.00000108,0.00000108,0.00000108,0.00000108,0.00000108,0.00000108,0.00000108,0.00000108,0.00000108,0.00000108,0.00000108,0.00000108,0.00000108,0.00000108,0.00000108,0.00000108,0.00000108,0.00000108,0.00000108,0.00000108,0.00000108,0.00000108,0.00000108,0.00000108,0.00000108,0.00000108,0.00000108,0.00000108,0.00000108,0.00000108,0.00000108,0.00000108,0.00000108,0.00000108,0.00000108,0.00000108,0.00000108,0.00000108,0.00000108,0.00000108,0.00000108,0.00000108,0.00000108,0.00000108,0.00000108,0.00000108,0.00000108,0.00000108,0.00000108,0.00000108,0.00000108,0.00000108,0.00000108,0.00000108,0.00000108,0.00000108,0.00000108,0.00000108,0.00000126,0.00000126,0.00000126,0.00000126,0.00000126,0.00000126,0.00000126,0.00000126,0.00000126,0.00000126,0.00000126,0.00000126,0.00000126,0.00000126,0.00000126,0.00000126,0.00000126,0.00000126,0.00000126,0.00000126,0.00000126,0.00000126,0.00000126,0.00000126,0.00000126,0.00000126,0.00000126,0.00000126,0.00000126,0.00000126,0.00000126,0.00000126,0.00000126,0.00000126,0.00000126,0.00000126,0.00000126,0.00000126,0.00000126,0.00000126,0.00000126,0.00000126,0.00000126,0.00000126,0.00000126,0.00000126,0.00000126,0.00000126,0.00000126,0.00000126,0.00000126,0.00000126,0.00000126,0.00000126,0.00000126,0.00000126,0.00000126,0.00000126,0.00000126,0.00000126,0.00000126,0.00000126,0.00000126,0.00000126,0.00000126,0.00000126,0.00000126,0.00000126,0.00000126,0.00000126,0.00000126,0.00000126,0.00000126,0.00000126,0.00000126,0.00000126,0.00000126,0.00000126,0.00000126,0.00000126,0.00000126
VDS,0.2,0.2,0.2,0.2,0.2,0.2,0.2,0.2,0.2,0.2,0.2,0.2,0.2,0.2,0.2,0.2,0.2,0.2,0.2,0.2,0.2,0.2,0.2,0.2,0.2,0.2,0.2,0.2,0.2,0.2,0.2,0.2,0.2,0.2,0.2,0.2,0.2,0.2,0.2,0.2,0.2,0.2,0.2,0.2,0.2,0.2,0.2,0.2,0.2,0.2,0.2,0.2,0.2,0.2,0.2,0.2,0.2,0.2,0.2,0.2,0.2,0.2,0.2,0.2,0.2,0.2,0.2,0.2,0.2,0.2,0.2,0.2,0.2,0.2,0.2,0.2,0.2,0.2,0.2,0.2,0.2,0.2,0.2,0.2,0.2,0.2,0.2,0.2,0.2,0.2,0.2,0.2,0.2,0.2,0.2,0.2,0.2,0.2,0.2,0.2,0.2,0.2,0.2,0.2,0.2,0.2,0.2,0.2,0.2,0.2,0.2,0.2,0.2,0.2,0.2,0.2,0.2,0.2,0.2,0.2,0.2,0.2,0.2,0.2,0.2,0.2,0.2,0.2,0.2,0.2,0.2,0.2,0.2,0.2,0.2,0.2,0.2,0.2,0.2,0.2,0.2,0.2,0.2,0.2,0.2,0.2,0.2,0.2,0.2,0.2,0.2,0.2,0.2,0.2,0.2,0.2,0.2,0.2,0.2,0.2,0.2,0.2,0.2,0.2,0.2,0.2,0.2,0.2,0.2,0.2,0.2,0.2,0.2,0.2,0.2,0.2,0.2,0.2,0.2,0.2,0.2,0.2,0.2,0.2,0.2,0.2,0.2,0.2,0.2,0.2,0.2,0.2,0.2,0.2,0.2,0.2,0.2,0.2,0.2,0.2,0.2,0.2,0.2,0.2,0.2,0.2,0.2,0.2,0.2,0.2,0.2,0.2,0.2,0.2,0.2,0.2,0.2,0.2,0.2,0.2,0.2,0.2,0.2,0.2,0.2,0.2,0.2,0.2,0.2,0.2,0.2,0.2,0.2,0.2,0.2,0.2,0.2,0.2,0.2,0.2,0.2,0.2,0.2,0.2,0.2,0.2,0.2,0.2,0.2,0.2,0.2,0.2,0.2,0.2,0.2,0.2,0.2,0.2,0.2,0.2,0.2,0.2,0.2,0.2,0.2,0.2,0.2,0.2,0.2,0.2,0.2,0.2,0.2,0.2,0.2,0.2,0.2,0.2,0.2,0.2,0.2,0.2,0.2,0.2,0.2,0.2,0.2,0.2,0.2,0.2,0.2,0.2,0.2,0.2,0.2,0.2,0.2,0.2,0.2,0.2,0.2,0.2,0.2,0.2,0.2,0.2,0.2,0.2,0.2,0.2,0.2,0.2,0.2,0.2,0.2,0.2,0.2,0.2,0.2,0.2,0.2,0.2,0.2,0.2,0.2,0.2,0.2,0.2,0.2,0.2,0.2,0.2,0.2,0.2,0.2,0.2,0.2,0.2,0.2,0.2,0.2,0.2,0.2,0.2,0.2,0.2,0.2,0.2,0.2,0.2,0.2,0.2,0.2,0.2,0.2,0.2,0.2,0.2,0.2,0.2,0.2,0.2,0.2,0.2,0.2,0.2,0.2,0.2,0.2,0.2,0.2,0.2,0.2,0.2,0.2,0.2,0.2,0.2,0.2,0.2,0.2,0.2,0.2,0.2,0.2,0.2,0.2,0.2,0.2,0.2,0.2,0.2,0.2,0.2,0.2,0.2,0.2,0.2,0.2,0.2,0.2,0.2,0.2,0.2,0.2,0.2,0.2,0.2,0.2,0.2,0.2,0.2,0.2,0.2,0.2,0.2,0.2,0.2,0.2,0.2,0.2,0.2,0.2,0.2,0.2,0.2,0.2,0.2,0.2,0.2,0.2,0.2,0.2,0.2,0.2,0.2,0.2,0.2,0.2,0.2,0.2,0.2,0.2,0.2,0.2,0.2,0.2,0.2,0.2,0.2,0.2,0.2,0.2,0.2,0.2,0.2,0.2,0.2,0.2,0.2,0.2,0.2,0.2,0.2,0.2,0.2,0.2,0.2,0.2,0.2,0.2,0.2,0.2,0.2,0.2,0.2,0.2,0.2,0.2,0.2,0.2,0.2,0.2,0.2,0.2,0.2,0.2,0.2,0.2,0.2,0.2,0.2,0.2,0.2,0.2,0.2,0.2,0.2,0.2,0.2,0.2,0.2,0.2,0.2,0.2,0.2,0.2,0.2,0.2,0.2,0.2,0.2,0.2,0.2,0.2,0.2,0.2,0.2,0.2,0.2,0.2,0.2,0.2,0.2,0.2,0.2,0.2,0.2,0.2,0.2,0.2,0.2,0.2,0.2,0.2,0.2,0.2,0.2,0.2,0.2,0.2,0.2,0.2,0.2,0.2,0.2,0.2,0.2,0.2,0.2,0.2,0.2,0.2,0.2,0.2,0.2,0.2,0.2,0.2,0.2,0.2,0.2,0.2,0.2,0.2,0.2,0.2
VGS,0.4,0.41,0.42,0.43,0.44,0.45,0.46,0.47,0.48,0.49,0.5,0.51,0.52,0.53,0.54,0.55,0.56,0.57,0.58,0.59,0.6,0.61,0.62,0.63,0.64,0.65,0.66,0.67,0.68,0.69,0.7,0.71,0.72,0.73,0.74,0.75,0.76,0.77,0.78,0.79,0.8,0.81,0.82,0.83,0.84,0.85,0.86,0.87,0.88,0.89,0.9,0.91,0.92,0.93,0.94,0.95,0.96,0.97,0.98,0.99,1,1.01,1.02,1.03,1.04,1.05,1.06,1.07,1.08,1.09,1.1,1.11,1.12,1.13,1.14,1.15,1.16,1.17,1.18,1.19,1.2,0.4,0.41,0.42,0.43,0.44,0.45,0.46,0.47,0.48,0.49,0.5,0.51,0.52,0.53,0.54,0.55,0.56,0.57,0.58,0.59,0.6,0.61,0.62,0.63,0.64,0.65,0.66,0.67,0.68,0.69,0.7,0.71,0.72,0.73,0.74,0.75,0.76,0.77,0.78,0.79,0.8,0.81,0.82,0.83,0.84,0.85,0.86,0.87,0.88,0.89,0.9,0.91,0.92,0.93,0.94,0.95,0.96,0.97,0.98,0.99,1,1.01,1.02,1.03,1.04,1.05,1.06,1.07,1.08,1.09,1.1,1.11,1.12,1.13,1.14,1.15,1.16,1.17,1.18,1.19,1.2,0.4,0.41,0.42,0.43,0.44,0.45,0.46,0.47,0.48,0.49,0.5,0.51,0.52,0.53,0.54,0.55,0.56,0.57,0.58,0.59,0.6,0.61,0.62,0.63,0.64,0.65,0.66,0.67,0.68,0.69,0.7,0.71,0.72,0.73,0.74,0.75,0.76,0.77,0.78,0.79,0.8,0.81,0.82,0.83,0.84,0.85,0.86,0.87,0.88,0.89,0.9,0.91,0.92,0.93,0.94,0.95,0.96,0.97,0.98,0.99,1,1.01,1.02,1.03,1.04,1.05,1.06,1.07,1.08,1.09,1.1,1.11,1.12,1.13,1.14,1.15,1.16,1.17,1.18,1.19,1.2,0.4,0.41,0.42,0.43,0.44,0.45,0.46,0.47,0.48,0.49,0.5,0.51,0.52,0.53,0.54,0.55,0.56,0.57,0.58,0.59,0.6,0.61,0.62,0.63,0.64,0.65,0.66,0.67,0.68,0.69,0.7,0.71,0.72,0.73,0.74,0.75,0.76,0.77,0.78,0.79,0.8,0.81,0.82,0.83,0.84,0.85,0.86,0.87,0.88,0.89,0.9,0.91,0.92,0.93,0.94,0.95,0.96,0.97,0.98,0.99,1,1.01,1.02,1.03,1.04,1.05,1.06,1.07,1.08,1.09,1.1,1.11,1.12,1.13,1.14,1.15,1.16,1.17,1.18,1.19,1.2,0.4,0.41,0.42,0.43,0.44,0.45,0.46,0.47,0.48,0.49,0.5,0.51,0.52,0.53,0.54,0.55,0.56,0.57,0.58,0.59,0.6,0.61,0.62,0.63,0.64,0.65,0.66,0.67,0.68,0.69,0.7,0.71,0.72,0.73,0.74,0.75,0.76,0.77,0.78,0.79,0.8,0.81,0.82,0.83,0.84,0.85,0.86,0.87,0.88,0.89,0.9,0.91,0.92,0.93,0.94,0.95,0.96,0.97,0.98,0.99,1,1.01,1.02,1.03,1.04,1.05,1.06,1.07,1.08,1.09,1.1,1.11,1.12,1.13,1.14,1.15,1.16,1.17,1.18,1.19,1.2,0.4,0.41,0.42,0.43,0.44,0.45,0.46,0.47,0.48,0.49,0.5,0.51,0.52,0.53,0.54,0.55,0.56,0.57,0.58,0.59,0.6,0.61,0.62,0.63,0.64,0.65,0.66,0.67,0.68,0.69,0.7,0.71,0.72,0.73,0.74,0.75,0.76,0.77,0.78,0.79,0.8,0.81,0.82,0.83,0.84,0.85,0.86,0.87,0.88,0.89,0.9,0.91,0.92,0.93,0.94,0.95,0.96,0.97,0.98,0.99,1,1.01,1.02,1.03,1.04,1.05,1.06,1.07,1.08,1.09,1.1,1.11,1.12,1.13,1.14,1.15,1.16,1.17,1.18,1.19,1.2,0.4,0.41,0.42,0.43,0.44,0.45,0.46,0.47,0.48,0.49,0.5,0.51,0.52,0.53,0.54,0.55,0.56,0.57,0.58,0.59,0.6,0.61,0.62,0.63,0.64,0.65,0.66,0.67,0.68,0.69,0.7,0.71,0.72,0.73,0.74,0.75,0.76,0.77,0.78,0.79,0.8,0.81,0.82,0.83,0.84,0.85,0.86,0.87,0.88,0.89,0.9,0.91,0.92,0.93,0.94,0.95,0.96,0.97,0.98,0.99,1,1.01,1.02,1.03,1.04,1.05,1.06,1.07,1.08,1.09,1.1,1.11,1.12,1.13,1.14,1.15,1.16,1.17,1.18,1.19,1.2
Output,L_180nm_0,L_180nm_1,L_180nm_2,L_180nm_3,L_180nm_4,L_180nm_5,L_180nm_6,L_180nm_7,L_180nm_8,L_180nm_9,L_180nm_10,L_180nm_11,L_180nm_12,L_180nm_13,L_180nm_14,L_180nm_15,L_180nm_16,L_180nm_17,L_180nm_18,L_180nm_19,L_180nm_20,L_180nm_21,L_180nm_22,L_180nm_23,L_180nm_24,L_180nm_25,L_180nm_26,L_180nm_27,L_180nm_28,L_180nm_29,L_180nm_30,L_180nm_31,L_180nm_32,L_180nm_33,L_180nm_34,L_180nm_35,L_180nm_36,L_180nm_37,L_180nm_38,L_180nm_39,L_180nm_40,L_180nm_41,L_180nm_42,L_180nm_43,L_180nm_44,L_180nm_45,L_180nm_46,L_180nm_47,L_180nm_48,L_180nm_49,L_180nm_50,L_180nm_51,L_180nm_52,L_180nm_53,L_180nm_54,L_180nm_55,L_180nm_56,L_180nm_57,L_180nm_58,L_180nm_59,L_180nm_60,L_180nm_61,L_180nm_62,L_180nm_63,L_180nm_64,L_180nm_65,L_180nm_66,L_180nm_67,L_180nm_68,L_180nm_69,L_180nm_70,L_180nm_71,L_180nm_72,L_180nm_73,L_180nm_74,L_180nm_75,L_180nm_76,L_180nm_77,L_180nm_78,L_180nm_79,L_180nm_80,L_360nm_0,L_360nm_1,L_360nm_2,L_360nm_3,L_360nm_4,L_360nm_5,L_360nm_6,L_360nm_7,L_360nm_8,L_360nm_9,L_360nm_10,L_360nm_11,L_360nm_12,L_360nm_13,L_360nm_14,L_360nm_15,L_360nm_16,L_360nm_17,L_360nm_18,L_360nm_19,L_360nm_20,L_360nm_21,L_360nm_22,L_360nm_23,L_360nm_24,L_360nm_25,L_360nm_26,L_360nm_27,L_360nm_28,L_360nm_29,L_360nm_30,L_360nm_31,L_360nm_32,L_360nm_33,L_360nm_34,L_360nm_35,L_360nm_36,L_360nm_37,L_360nm_38,L_360nm_39,L_360nm_40,L_360nm_41,L_360nm_42,L_360nm_43,L_360nm_44,L_360nm_45,L_360nm_46,L_360nm_47,L_360nm_48,L_360nm_49,L_360nm_50,L_360nm_51,L_360nm_52,L_360nm_53,L_360nm_54,L_360nm_55,L_360nm_56,L_360nm_57,L_360nm_58,L_360nm_59,L_360nm_60,L_360nm_61,L_360nm_62,L_360nm_63,L_360nm_64,L_360nm_65,L_360nm_66,L_360nm_67,L_360nm_68,L_360nm_69,L_360nm_70,L_360nm_71,L_360nm_72,L_360nm_73,L_360nm_74,L_360nm_75,L_360nm_76,L_360nm_77,L_360nm_78,L_360nm_79,L_360nm_80,L_540nm_0,L_540nm_1,L_540nm_2,L_540nm_3,L_540nm_4,L_540nm_5,L_540nm_6,L_540nm_7,L_540nm_8,L_540nm_9,L_540nm_10,L_540nm_11,L_540nm_12,L_540nm_13,L_540nm_14,L_540nm_15,L_540nm_16,L_540nm_17,L_540nm_18,L_540nm_19,L_540nm_20,L_540nm_21,L_540nm_22,L_540nm_23,L_540nm_24,L_540nm_25,L_540nm_26,L_540nm_27,L_540nm_28,L_540nm_29,L_540nm_30,L_540nm_31,L_540nm_32,L_540nm_33,L_540nm_34,L_540nm_35,L_540nm_36,L_540nm_37,L_540nm_38,L_540nm_39,L_540nm_40,L_540nm_41,L_540nm_42,L_540nm_43,L_540nm_44,L_540nm_45,L_540nm_46,L_540nm_47,L_540nm_48,L_540nm_49,L_540nm_50,L_540nm_51,L_540nm_52,L_540nm_53,L_540nm_54,L_540nm_55,L_540nm_56,L_540nm_57,L_540nm_58,L_540nm_59,L_540nm_60,L_540nm_61,L_540nm_62,L_540nm_63,L_540nm_64,L_540nm_65,L_540nm_66,L_540nm_67,L_540nm_68,L_540nm_69,L_540nm_70,L_540nm_71,L_540nm_72,L_540nm_73,L_540nm_74,L_540nm_75,L_540nm_76,L_540nm_77,L_540nm_78,L_540nm_79,L_540nm_80,L_720nm_0,L_720nm_1,L_720nm_2,L_720nm_3,L_720nm_4,L_720nm_5,L_720nm_6,L_720nm_7,L_720nm_8,L_720nm_9,L_720nm_10,L_720nm_11,L_720nm_12,L_720nm_13,L_720nm_14,L_720nm_15,L_720nm_16,L_720nm_17,L_720nm_18,L_720nm_19,L_720nm_20,L_720nm_21,L_720nm_22,L_720nm_23,L_720nm_24,L_720nm_25,L_720nm_26,L_720nm_27,L_720nm_28,L_720nm_29,L_720nm_30,L_720nm_31,L_720nm_32,L_720nm_33,L_720nm_34,L_720nm_35,L_720nm_36,L_720nm_37,L_720nm_38,L_720nm_39,L_720nm_40,L_720nm_41,L_720nm_42,L_720nm_43,L_720nm_44,L_720nm_45,L_720nm_46,L_720nm_47,L_720nm_48,L_720nm_49,L_720nm_50,L_720nm_51,L_720nm_52,L_720nm_53,L_720nm_54,L_720nm_55,L_720nm_56,L_720nm_57,L_720nm_58,L_720nm_59,L_720nm_60,L_720nm_61,L_720nm_62,L_720nm_63,L_720nm_64,L_720nm_65,L_720nm_66,L_720nm_67,L_720nm_68,L_720nm_69,L_720nm_70,L_720nm_71,L_720nm_72,L_720nm_73,L_720nm_74,L_720nm_75,L_720nm_76,L_720nm_77,L_720nm_78,L_720nm_79,L_720nm_80,L_900nm_0,L_900nm_1,L_900nm_2,L_900nm_3,L_900nm_4,L_900nm_5,L_900nm_6,L_900nm_7,L_900nm_8,L_900nm_9,L_900nm_10,L_900nm_11,L_900nm_12,L_900nm_13,L_900nm_14,L_900nm_15,L_900nm_16,L_900nm_17,L_900nm_18,L_900nm_19,L_900nm_20,L_900nm_21,L_900nm_22,L_900nm_23,L_900nm_24,L_900nm_25,L_900nm_26,L_900nm_27,L_900nm_28,L_900nm_29,L_900nm_30,L_900nm_31,L_900nm_32,L_900nm_33,L_900nm_34,L_900nm_35,L_900nm_36,L_900nm_37,L_900nm_38,L_900nm_39,L_900nm_40,L_900nm_41,L_900nm_42,L_900nm_43,L_900nm_44,L_900nm_45,L_900nm_46,L_900nm_47,L_900nm_48,L_900nm_49,L_900nm_50,L_900nm_51,L_900nm_52,L_900nm_53,L_900nm_54,L_900nm_55,L_900nm_56,L_900nm_57,L_900nm_58,L_900nm_59,L_900nm_60,L_900nm_61,L_900nm_62,L_900nm_63,L_900nm_64,L_900nm_65,L_900nm_66,L_900nm_67,L_900nm_68,L_900nm_69,L_900nm_70,L_900nm_71,L_900nm_72,L_900nm_73,L_900nm_74,L_900nm_75,L_900nm_76,L_900nm_77,L_900nm_78,L_900nm_79,L_900nm_80,L_1080nm_0,L_1080nm_1,L_1080nm_2,L_1080nm_3,L_1080nm_4,L_1080nm_5,L_1080nm_6,L_1080nm_7,L_1080nm_8,L_1080nm_9,L_1080nm_10,L_1080nm_11,L_1080nm_12,L_1080nm_13,L_1080nm_14,L_1080nm_15,L_1080nm_16,L_1080nm_17,L_1080nm_18,L_1080nm_19,L_1080nm_20,L_1080nm_21,L_1080nm_22,L_1080nm_23,L_1080nm_24,L_1080nm_25,L_1080nm_26,L_1080nm_27,L_1080nm_28,L_1080nm_29,L_1080nm_30,L_1080nm_31,L_1080nm_32,L_1080nm_33,L_1080nm_34,L_1080nm_35,L_1080nm_36,L_1080nm_37,L_1080nm_38,L_1080nm_39,L_1080nm_40,L_1080nm_41,L_1080nm_42,L_1080nm_43,L_1080nm_44,L_1080nm_45,L_1080nm_46,L_1080nm_47,L_1080nm_48,L_1080nm_49,L_1080nm_50,L_1080nm_51,L_1080nm_52,L_1080nm_53,L_1080nm_54,L_1080nm_55,L_1080nm_56,L_1080nm_57,L_1080nm_58,L_1080nm_59,L_1080nm_60,L_1080nm_61,L_1080nm_62,L_1080nm_63,L_1080nm_64,L_1080nm_65,L_1080nm_66,L_1080nm_67,L_1080nm_68,L_1080nm_69,L_1080nm_70,L_1080nm_71,L_1080nm_72,L_1080nm_73,L_1080nm_74,L_1080nm_75,L_1080nm_76,L_1080nm_77,L_1080nm_78,L_1080nm_79,L_1080nm_80,L_1260nm_0,L_1260nm_1,L_1260nm_2,L_1260nm_3,L_1260nm_4,L_1260nm_5,L_1260nm_6,L_1260nm_7,L_1260nm_8,L_1260nm_9,L_1260nm_10,L_1260nm_11,L_1260nm_12,L_1260nm_13,L_1260nm_14,L_1260nm_15,L_1260nm_16,L_1260nm_17,L_1260nm_18,L_1260nm_19,L_1260nm_20,L_1260nm_21,L_1260nm_22,L_1260nm_23,L_1260nm_24,L_1260nm_25,L_1260nm_26,L_1260nm_27,L_1260nm_28,L_1260nm_29,L_1260nm_30,L_1260nm_31,L_1260nm_32,L_1260nm_33,L_1260nm_34,L_1260nm_35,L_1260nm_36,L_1260nm_37,L_1260nm_38,L_1260nm_39,L_1260nm_40,L_1260nm_41,L_1260nm_42,L_1260nm_43,L_1260nm_44,L_1260nm_45,L_1260nm_46,L_1260nm_47,L_1260nm_48,L_1260nm_49,L_1260nm_50,L_1260nm_51,L_1260nm_52,L_1260nm_53,L_1260nm_54,L_1260nm_55,L_1260nm_56,L_1260nm_57,L_1260nm_58,L_1260nm_59,L_1260nm_60,L_1260nm_61,L_1260nm_62,L_1260nm_63,L_1260nm_64,L_1260nm_65,L_1260nm_66,L_1260nm_67,L_1260nm_68,L_1260nm_69,L_1260nm_70,L_1260nm_71,L_1260nm_72,L_1260nm_73,L_1260nm_74,L_1260nm_75,L_1260nm_76,L_1260nm_77,L_1260nm_78,L_1260nm_79,L_1260nm_80
"OP(""/NM1"" ""vds"")",0.2,0.2,0.2,0.2,0.2,0.2,0.2,0.2,0.2,0.2,0.2,0.2,0.2,0.2,0.2,0.2,0.2,0.2,0.2,0.2,0.2,0.2,0.2,0.2,0.2,0.2,0.2,0.2,0.2,0.2,0.2,0.2,0.2,0.2,0.2,0.2,0.2,0.2,0.2,0.2,0.2,0.2,0.2,0.2,0.2,0.2,0.2,0.2,0.2,0.2,0.2,0.2,0.2,0.2,0.2,0.2,0.2,0.2,0.2,0.2,0.2,0.2,0.2,0.2,0.2,0.2,0.2,0.2,0.2,0.2,0.2,0.2,0.2,0.2,0.2,0.2,0.2,0.2,0.2,0.2,0.2,0.2,0.2,0.2,0.2,0.2,0.2,0.2,0.2,0.2,0.2,0.2,0.2,0.2,0.2,0.2,0.2,0.2,0.2,0.2,0.2,0.2,0.2,0.2,0.2,0.2,0.2,0.2,0.2,0.2,0.2,0.2,0.2,0.2,0.2,0.2,0.2,0.2,0.2,0.2,0.2,0.2,0.2,0.2,0.2,0.2,0.2,0.2,0.2,0.2,0.2,0.2,0.2,0.2,0.2,0.2,0.2,0.2,0.2,0.2,0.2,0.2,0.2,0.2,0.2,0.2,0.2,0.2,0.2,0.2,0.2,0.2,0.2,0.2,0.2,0.2,0.2,0.2,0.2,0.2,0.2,0.2,0.2,0.2,0.2,0.2,0.2,0.2,0.2,0.2,0.2,0.2,0.2,0.2,0.2,0.2,0.2,0.2,0.2,0.2,0.2,0.2,0.2,0.2,0.2,0.2,0.2,0.2,0.2,0.2,0.2,0.2,0.2,0.2,0.2,0.2,0.2,0.2,0.2,0.2,0.2,0.2,0.2,0.2,0.2,0.2,0.2,0.2,0.2,0.2,0.2,0.2,0.2,0.2,0.2,0.2,0.2,0.2,0.2,0.2,0.2,0.2,0.2,0.2,0.2,0.2,0.2,0.2,0.2,0.2,0.2,0.2,0.2,0.2,0.2,0.2,0.2,0.2,0.2,0.2,0.2,0.2,0.2,0.2,0.2,0.2,0.2,0.2,0.2,0.2,0.2,0.2,0.2,0.2,0.2,0.2,0.2,0.2,0.2,0.2,0.2,0.2,0.2,0.2,0.2,0.2,0.2,0.2,0.2,0.2,0.2,0.2,0.2,0.2,0.2,0.2,0.2,0.2,0.2,0.2,0.2,0.2,0.2,0.2,0.2,0.2,0.2,0.2,0.2,0.2,0.2,0.2,0.2,0.2,0.2,0.2,0.2,0.2,0.2,0.2,0.2,0.2,0.2,0.2,0.2,0.2,0.2,0.2,0.2,0.2,0.2,0.2,0.2,0.2,0.2,0.2,0.2,0.2,0.2,0.2,0.2,0.2,0.2,0.2,0.2,0.2,0.2,0.2,0.2,0.2,0.2,0.2,0.2,0.2,0.2,0.2,0.2,0.2,0.2,0.2,0.2,0.2,0.2,0.2,0.2,0.2,0.2,0.2,0.2,0.2,0.2,0.2,0.2,0.2,0.2,0.2,0.2,0.2,0.2,0.2,0.2,0.2,0.2,0.2,0.2,0.2,0.2,0.2,0.2,0.2,0.2,0.2,0.2,0.2,0.2,0.2,0.2,0.2,0.2,0.2,0.2,0.2,0.2,0.2,0.2,0.2,0.2,0.2,0.2,0.2,0.2,0.2,0.2,0.2,0.2,0.2,0.2,0.2,0.2,0.2,0.2,0.2,0.2,0.2,0.2,0.2,0.2,0.2,0.2,0.2,0.2,0.2,0.2,0.2,0.2,0.2,0.2,0.2,0.2,0.2,0.2,0.2,0.2,0.2,0.2,0.2,0.2,0.2,0.2,0.2,0.2,0.2,0.2,0.2,0.2,0.2,0.2,0.2,0.2,0.2,0.2,0.2,0.2,0.2,0.2,0.2,0.2,0.2,0.2,0.2,0.2,0.2,0.2,0.2,0.2,0.2,0.2,0.2,0.2,0.2,0.2,0.2,0.2,0.2,0.2,0.2,0.2,0.2,0.2,0.2,0.2,0.2,0.2,0.2,0.2,0.2,0.2,0.2,0.2,0.2,0.2,0.2,0.2,0.2,0.2,0.2,0.2,0.2,0.2,0.2,0.2,0.2,0.2,0.2,0.2,0.2,0.2,0.2,0.2,0.2,0.2,0.2,0.2,0.2,0.2,0.2,0.2,0.2,0.2,0.2,0.2,0.2,0.2,0.2,0.2,0.2,0.2,0.2,0.2,0.2,0.2,0.2,0.2,0.2,0.2,0.2,0.2,0.2,0.2,0.2,0.2,0.2,0.2,0.2,0.2,0.2,0.2,0.2,0.2,0.2,0.2,0.2,0.2,0.2,0.2,0.2,0.2,0.2,0.2,0.2,0.2,0.2,0.2,0.2,0.2,0.2,0.2,0.2,0.2,0.2,0.2,0.2,0.2,0.2,0.2,0.2,0.2
"OP(""/NM1"" ""region"")",3,3,3,3,3,3,3,3,3,3,3,2,2,2,2,2,2,2,2,2,2,2,2,2,2,2,2,2,2,2,2,2,2,2,2,2,2,2,2,2,2,2,2,2,2,2,2,2,2,2,2,2,2,2,2,2,2,2,1,1,1,1,1,1,1,1,1,1,1,1,1,1,1,1,1,1,1,1,1,1,1,3,3,3,3,3,3,3,3,2,2,2,2,2,2,2,2,2,2,2,2,2,2,2,2,2,2,2,2,2,2,2,2,2,2,2,2,2,2,2,1,1,1,1,1,1,1,1,1,1,1,1,1,1,1,1,1,1,1,1,1,1,1,1,1,1,1,1,1,1,1,1,1,1,1,1,1,1,1,1,1,1,3,3,3,3,3,3,2,2,2,2,2,2,2,2,2,2,2,2,2,2,2,2,2,2,2,2,2,2,2,2,2,2,2,2,2,1,1,1,1,1,1,1,1,1,1,1,1,1,1,1,1,1,1,1,1,1,1,1,1,1,1,1,1,1,1,1,1,1,1,1,1,1,1,1,1,1,1,1,1,1,1,3,3,3,3,2,2,2,2,2,2,2,2,2,2,2,2,2,2,2,2,2,2,2,2,2,2,2,2,2,2,2,2,1,1,1,1,1,1,1,1,1,1,1,1,1,1,1,1,1,1,1,1,1,1,1,1,1,1,1,1,1,1,1,1,1,1,1,1,1,1,1,1,1,1,1,1,1,1,1,1,1,3,3,3,2,2,2,2,2,2,2,2,2,2,2,2,2,2,2,2,2,2,2,2,2,2,2,2,2,2,2,2,1,1,1,1,1,1,1,1,1,1,1,1,1,1,1,1,1,1,1,1,1,1,1,1,1,1,1,1,1,1,1,1,1,1,1,1,1,1,1,1,1,1,1,1,1,1,1,1,1,1,3,3,2,2,2,2,2,2,2,2,2,2,2,2,2,2,2,2,2,2,2,2,2,2,2,2,2,2,2,1,1,1,1,1,1,1,1,1,1,1,1,1,1,1,1,1,1,1,1,1,1,1,1,1,1,1,1,1,1,1,1,1,1,1,1,1,1,1,1,1,1,1,1,1,1,1,1,1,1,1,1,3,3,2,2,2,2,2,2,2,2,2,2,2,2,2,2,2,2,2,2,2,2,2,2,2,2,2,2,2,1,1,1,1,1,1,1,1,1,1,1,1,1,1,1,1,1,1,1,1,1,1,1,1,1,1,1,1,1,1,1,1,1,1,1,1,1,1,1,1,1,1,1,1,1,1,1,1,1,1,1,1
"OP(""/NM1"" ""vgs"")",0.4,0.41,0.42,0.43,0.44,0.45,0.46,0.47,0.48,0.49,0.5,0.51,0.52,0.53,0.54,0.55,0.56,0.57,0.58,0.59,0.6,0.61,0.62,0.63,0.64,0.65,0.66,0.67,0.68,0.69,0.7,0.71,0.72,0.73,0.74,0.75,0.76,0.77,0.78,0.79,0.8,0.81,0.82,0.83,0.84,0.85,0.86,0.87,0.88,0.89,0.9,0.91,0.92,0.93,0.94,0.95,0.96,0.97,0.98,0.99,1,1.01,1.02,1.03,1.04,1.05,1.06,1.07,1.08,1.09,1.1,1.11,1.12,1.13,1.14,1.15,1.16,1.17,1.18,1.19,1.2,0.4,0.41,0.42,0.43,0.44,0.45,0.46,0.47,0.48,0.49,0.5,0.51,0.52,0.53,0.54,0.55,0.56,0.57,0.58,0.59,0.6,0.61,0.62,0.63,0.64,0.65,0.66,0.67,0.68,0.69,0.7,0.71,0.72,0.73,0.74,0.75,0.76,0.77,0.78,0.79,0.8,0.81,0.82,0.83,0.84,0.85,0.86,0.87,0.88,0.89,0.9,0.91,0.92,0.93,0.94,0.95,0.96,0.97,0.98,0.99,1,1.01,1.02,1.03,1.04,1.05,1.06,1.07,1.08,1.09,1.1,1.11,1.12,1.13,1.14,1.15,1.16,1.17,1.18,1.19,1.2,0.4,0.41,0.42,0.43,0.44,0.45,0.46,0.47,0.48,0.49,0.5,0.51,0.52,0.53,0.54,0.55,0.56,0.57,0.58,0.59,0.6,0.61,0.62,0.63,0.64,0.65,0.66,0.67,0.68,0.69,0.7,0.71,0.72,0.73,0.74,0.75,0.76,0.77,0.78,0.79,0.8,0.81,0.82,0.83,0.84,0.85,0.86,0.87,0.88,0.89,0.9,0.91,0.92,0.93,0.94,0.95,0.96,0.97,0.98,0.99,1,1.01,1.02,1.03,1.04,1.05,1.06,1.07,1.08,1.09,1.1,1.11,1.12,1.13,1.14,1.15,1.16,1.17,1.18,1.19,1.2,0.4,0.41,0.42,0.43,0.44,0.45,0.46,0.47,0.48,0.49,0.5,0.51,0.52,0.53,0.54,0.55,0.56,0.57,0.58,0.59,0.6,0.61,0.62,0.63,0.64,0.65,0.66,0.67,0.68,0.69,0.7,0.71,0.72,0.73,0.74,0.75,0.76,0.77,0.78,0.79,0.8,0.81,0.82,0.83,0.84,0.85,0.86,0.87,0.88,0.89,0.9,0.91,0.92,0.93,0.94,0.95,0.96,0.97,0.98,0.99,1,1.01,1.02,1.03,1.04,1.05,1.06,1.07,1.08,1.09,1.1,1.11,1.12,1.13,1.14,1.15,1.16,1.17,1.18,1.19,1.2,0.4,0.41,0.42,0.43,0.44,0.45,0.46,0.47,0.48,0.49,0.5,0.51,0.52,0.53,0.54,0.55,0.56,0.57,0.58,0.59,0.6,0.61,0.62,0.63,0.64,0.65,0.66,0.67,0.68,0.69,0.7,0.71,0.72,0.73,0.74,0.75,0.76,0.77,0.78,0.79,0.8,0.81,0.82,0.83,0.84,0.85,0.86,0.87,0.88,0.89,0.9,0.91,0.92,0.93,0.94,0.95,0.96,0.97,0.98,0.99,1,1.01,1.02,1.03,1.04,1.05,1.06,1.07,1.08,1.09,1.1,1.11,1.12,1.13,1.14,1.15,1.16,1.17,1.18,1.19,1.2,0.4,0.41,0.42,0.43,0.44,0.45,0.46,0.47,0.48,0.49,0.5,0.51,0.52,0.53,0.54,0.55,0.56,0.57,0.58,0.59,0.6,0.61,0.62,0.63,0.64,0.65,0.66,0.67,0.68,0.69,0.7,0.71,0.72,0.73,0.74,0.75,0.76,0.77,0.78,0.79,0.8,0.81,0.82,0.83,0.84,0.85,0.86,0.87,0.88,0.89,0.9,0.91,0.92,0.93,0.94,0.95,0.96,0.97,0.98,0.99,1,1.01,1.02,1.03,1.04,1.05,1.06,1.07,1.08,1.09,1.1,1.11,1.12,1.13,1.14,1.15,1.16,1.17,1.18,1.19,1.2,0.4,0.41,0.42,0.43,0.44,0.45,0.46,0.47,0.48,0.49,0.5,0.51,0.52,0.53,0.54,0.55,0.56,0.57,0.58,0.59,0.6,0.61,0.62,0.63,0.64,0.65,0.66,0.67,0.68,0.69,0.7,0.71,0.72,0.73,0.74,0.75,0.76,0.77,0.78,0.79,0.8,0.81,0.82,0.83,0.84,0.85,0.86,0.87,0.88,0.89,0.9,0.91,0.92,0.93,0.94,0.95,0.96,0.97,0.98,0.99,1,1.01,1.02,1.03,1.04,1.05,1.06,1.07,1.08,1.09,1.1,1.11,1.12,1.13,1.14,1.15,1.16,1.17,1.18,1.19,1.2
"OP(""/NM1"" ""vth"")",0.504,0.504,0.504,0.504,0.504,0.504,0.504,0.504,0.504,0.504,0.504,0.504,0.504,0.504,0.504,0.504,0.504,0.504,0.504,0.504,0.504,0.504,0.504,0.504,0.504,0.504,0.504,0.504,0.504,0.504,0.504,0.504,0.504,0.504,0.504,0.504,0.504,0.504,0.504,0.504,0.504,0.504,0.504,0.504,0.504,0.504,0.504,0.504,0.504,0.504,0.504,0.504,0.504,0.504,0.504,0.504,0.504,0.504,0.504,0.504,0.504,0.504,0.504,0.504,0.504,0.504,0.504,0.504,0.504,0.504,0.504,0.504,0.504,0.504,0.504,0.504,0.504,0.504,0.504,0.504,0.504,0.477,0.477,0.477,0.477,0.477,0.477,0.477,0.477,0.477,0.477,0.477,0.477,0.477,0.477,0.477,0.477,0.477,0.477,0.477,0.477,0.477,0.477,0.477,0.477,0.477,0.477,0.477,0.477,0.477,0.477,0.477,0.477,0.477,0.477,0.477,0.477,0.477,0.477,0.477,0.477,0.477,0.477,0.477,0.477,0.477,0.477,0.477,0.477,0.477,0.477,0.477,0.477,0.477,0.477,0.477,0.477,0.477,0.477,0.477,0.477,0.477,0.477,0.477,0.477,0.477,0.477,0.477,0.477,0.477,0.477,0.477,0.477,0.477,0.477,0.477,0.477,0.477,0.477,0.477,0.477,0.477,0.456,0.456,0.456,0.456,0.456,0.456,0.456,0.456,0.456,0.456,0.456,0.456,0.456,0.456,0.456,0.456,0.456,0.456,0.456,0.456,0.456,0.456,0.456,0.456,0.456,0.456,0.456,0.456,0.456,0.456,0.456,0.456,0.456,0.456,0.456,0.456,0.456,0.456,0.456,0.456,0.456,0.456,0.456,0.456,0.456,0.456,0.456,0.456,0.456,0.456,0.456,0.456,0.456,0.456,0.456,0.456,0.456,0.456,0.456,0.456,0.456,0.456,0.456,0.456,0.456,0.456,0.456,0.456,0.456,0.456,0.456,0.456,0.456,0.456,0.456,0.456,0.456,0.456,0.456,0.456,0.456,0.44,0.44,0.44,0.44,0.44,0.44,0.44,0.44,0.44,0.44,0.44,0.44,0.44,0.44,0.44,0.44,0.44,0.44,0.44,0.44,0.44,0.44,0.44,0.44,0.44,0.44,0.44,0.44,0.44,0.44,0.44,0.44,0.44,0.44,0.44,0.44,0.44,0.44,0.44,0.44,0.44,0.44,0.44,0.44,0.44,0.44,0.44,0.44,0.44,0.44,0.44,0.44,0.44,0.44,0.44,0.44,0.44,0.44,0.44,0.44,0.44,0.44,0.44,0.44,0.44,0.44,0.44,0.44,0.44,0.44,0.44,0.44,0.44,0.44,0.44,0.44,0.44,0.44,0.44,0.44,0.44,0.427,0.427,0.427,0.427,0.427,0.427,0.427,0.427,0.427,0.427,0.427,0.427,0.427,0.427,0.427,0.427,0.427,0.427,0.427,0.427,0.427,0.427,0.427,0.427,0.427,0.427,0.427,0.427,0.427,0.427,0.427,0.427,0.427,0.427,0.427,0.427,0.427,0.427,0.427,0.427,0.427,0.427,0.427,0.427,0.427,0.427,0.427,0.427,0.427,0.427,0.427,0.427,0.427,0.427,0.427,0.427,0.427,0.427,0.427,0.427,0.427,0.427,0.427,0.427,0.427,0.427,0.427,0.427,0.427,0.427,0.427,0.427,0.427,0.427,0.427,0.427,0.427,0.427,0.427,0.427,0.427,0.419,0.419,0.419,0.419,0.419,0.419,0.419,0.419,0.419,0.419,0.419,0.419,0.419,0.419,0.419,0.419,0.419,0.419,0.419,0.419,0.419,0.419,0.419,0.419,0.419,0.419,0.419,0.419,0.419,0.419,0.419,0.419,0.419,0.419,0.419,0.419,0.419,0.419,0.419,0.419,0.419,0.419,0.419,0.419,0.419,0.419,0.419,0.419,0.419,0.419,0.419,0.419,0.419,0.419,0.419,0.419,0.419,0.419,0.419,0.419,0.419,0.419,0.419,0.419,0.419,0.419,0.419,0.419,0.419,0.419,0.419,0.419,0.419,0.419,0.419,0.419,0.419,0.419,0.419,0.419,0.419,0.412,0.412,0.412,0.412,0.412,0.412,0.412,0.412,0.412,0.412,0.412,0.412,0.412,0.412,0.412,0.412,0.412,0.412,0.412,0.412,0.412,0.412,0.412,0.412,0.412,0.412,0.412,0.412,0.412,0.412,0.412,0.412,0.412,0.412,0.412,0.412,0.412,0.412,0.412,0.412,0.412,0.412,0.412,0.412,0.412,0.412,0.412,0.412,0.412,0.412,0.412,0.412,0.412,0.412,0.412,0.412,0.412,0.412,0.412,0.412,0.412,0.412,0.412,0.412,0.412,0.412,0.412,0.412,0.412,0.412,0.412,0.412,0.412,0.412,0.412,0.412,0.412,0.412,0.412,0.412,0.412
nov,-0.104,-0.0936,-0.0836,-0.0736,-0.0636,-0.0536,-0.0436,-0.0336,-0.0236,-0.0136,-0.00355,0.00645,0.0165,0.0265,0.0365,0.0465,0.0565,0.0665,0.0765,0.0865,0.0965,0.107,0.117,0.127,0.137,0.147,0.157,0.167,0.177,0.187,0.197,0.207,0.217,0.227,0.237,0.247,0.257,0.267,0.277,0.287,0.297,0.307,0.317,0.327,0.337,0.347,0.357,0.367,0.377,0.387,0.397,0.407,0.417,0.427,0.437,0.447,0.457,0.467,0.477,0.487,0.497,0.507,0.517,0.527,0.537,0.547,0.557,0.567,0.577,0.587,0.597,0.607,0.617,0.627,0.637,0.647,0.657,0.667,0.677,0.687,0.697,-0.0773,-0.0673,-0.0573,-0.0473,-0.0373,-0.0273,-0.0173,-0.00734,0.00267,0.0127,0.0227,0.0327,0.0427,0.0527,0.0627,0.0727,0.0827,0.0927,0.103,0.113,0.123,0.133,0.143,0.153,0.163,0.173,0.183,0.193,0.203,0.213,0.223,0.233,0.243,0.253,0.263,0.273,0.283,0.293,0.303,0.313,0.323,0.333,0.343,0.353,0.363,0.373,0.383,0.393,0.403,0.413,0.423,0.433,0.443,0.453,0.463,0.473,0.483,0.493,0.503,0.513,0.523,0.533,0.543,0.553,0.563,0.573,0.583,0.593,0.603,0.613,0.623,0.633,0.643,0.653,0.663,0.673,0.683,0.693,0.703,0.713,0.723,-0.0562,-0.0462,-0.0362,-0.0262,-0.0162,-0.00615,0.00385,0.0139,0.0239,0.0339,0.0439,0.0539,0.0639,0.0739,0.0839,0.0939,0.104,0.114,0.124,0.134,0.144,0.154,0.164,0.174,0.184,0.194,0.204,0.214,0.224,0.234,0.244,0.254,0.264,0.274,0.284,0.294,0.304,0.314,0.324,0.334,0.344,0.354,0.364,0.374,0.384,0.394,0.404,0.414,0.424,0.434,0.444,0.454,0.464,0.474,0.484,0.494,0.504,0.514,0.524,0.534,0.544,0.554,0.564,0.574,0.584,0.594,0.604,0.614,0.624,0.634,0.644,0.654,0.664,0.674,0.684,0.694,0.704,0.714,0.724,0.734,0.744,-0.0396,-0.0296,-0.0196,-0.00957,0.00043,0.0104,0.0204,0.0304,0.0404,0.0504,0.0604,0.0704,0.0804,0.0904,0.1,0.11,0.12,0.13,0.14,0.15,0.16,0.17,0.18,0.19,0.2,0.21,0.22,0.23,0.24,0.25,0.26,0.27,0.28,0.29,0.3,0.31,0.32,0.33,0.34,0.35,0.36,0.37,0.38,0.39,0.4,0.41,0.42,0.43,0.44,0.45,0.46,0.47,0.48,0.49,0.5,0.51,0.52,0.53,0.54,0.55,0.56,0.57,0.58,0.59,0.6,0.61,0.62,0.63,0.64,0.65,0.66,0.67,0.68,0.69,0.7,0.71,0.72,0.73,0.74,0.75,0.76,-0.0274,-0.0174,-0.00742,0.00258,0.0126,0.0226,0.0326,0.0426,0.0526,0.0626,0.0726,0.0826,0.0926,0.103,0.113,0.123,0.133,0.143,0.153,0.163,0.173,0.183,0.193,0.203,0.213,0.223,0.233,0.243,0.253,0.263,0.273,0.283,0.293,0.303,0.313,0.323,0.333,0.343,0.353,0.363,0.373,0.383,0.393,0.403,0.413,0.423,0.433,0.443,0.453,0.463,0.473,0.483,0.493,0.503,0.513,0.523,0.533,0.543,0.553,0.563,0.573,0.583,0.593,0.603,0.613,0.623,0.633,0.643,0.653,0.663,0.673,0.683,0.693,0.703,0.713,0.723,0.733,0.743,0.753,0.763,0.773,-0.0185,-0.00849,0.00151,0.0115,0.0215,0.0315,0.0415,0.0515,0.0615,0.0715,0.0815,0.0915,0.102,0.112,0.122,0.132,0.142,0.152,0.162,0.172,0.182,0.192,0.202,0.212,0.222,0.232,0.242,0.252,0.262,0.272,0.282,0.292,0.302,0.312,0.322,0.332,0.342,0.352,0.362,0.372,0.382,0.392,0.402,0.412,0.422,0.432,0.442,0.452,0.462,0.472,0.482,0.492,0.502,0.512,0.522,0.532,0.542,0.552,0.562,0.572,0.582,0.592,0.602,0.612,0.622,0.632,0.642,0.652,0.662,0.672,0.682,0.692,0.702,0.712,0.722,0.732,0.742,0.752,0.762,0.772,0.782,-0.0118,-0.00179,0.00821,0.0182,0.0282,0.0382,0.0482,0.0582,0.0682,0.0782,0.0882,0.0982,0.108,0.118,0.128,0.138,0.148,0.158,0.168,0.178,0.188,0.198,0.208,0.218,0.228,0.238,0.248,0.258,0.268,0.278,0.288,0.298,0.308,0.318,0.328,0.338,0.348,0.358,0.368,0.378,0.388,0.398,0.408,0.418,0.428,0.438,0.448,0.458,0.468,0.478,0.488,0.498,0.508,0.518,0.528,0.538,0.548,0.558,0.568,0.578,0.588,0.598,0.608,0.618,0.628,0.638,0.648,0.658,0.668,0.678,0.688,0.698,0.708,0.718,0.728,0.738,0.748,0.758,0.768,0.778,0.788
ngm,0.0177,0.0224,0.0283,0.0357,0.0449,0.0564,0.0705,0.0879,0.109,0.135,0.165,0.201,0.242,0.29,0.343,0.402,0.466,0.533,0.603,0.675,0.748,0.819,0.888,0.954,1.016,1.073,1.125,1.173,1.215,1.252,1.285,1.313,1.337,1.357,1.373,1.387,1.397,1.406,1.412,1.416,1.419,1.42,1.42,1.419,1.417,1.414,1.41,1.405,1.4,1.395,1.389,1.382,1.375,1.368,1.361,1.353,1.344,1.336,1.327,1.319,1.31,1.3,1.291,1.281,1.271,1.262,1.252,1.241,1.231,1.221,1.21,1.2,1.189,1.178,1.167,1.157,1.146,1.135,1.124,1.113,1.101,0.012,0.0152,0.0192,0.0242,0.0304,0.0381,0.0475,0.0589,0.0725,0.0886,0.107,0.129,0.153,0.18,0.209,0.241,0.274,0.308,0.343,0.378,0.412,0.446,0.479,0.51,0.539,0.566,0.591,0.614,0.635,0.654,0.67,0.685,0.697,0.708,0.717,0.725,0.731,0.736,0.74,0.742,0.744,0.745,0.746,0.746,0.745,0.744,0.742,0.741,0.738,0.736,0.734,0.731,0.728,0.725,0.722,0.718,0.715,0.711,0.708,0.704,0.7,0.696,0.692,0.688,0.684,0.68,0.676,0.671,0.667,0.663,0.658,0.654,0.649,0.645,0.64,0.635,0.631,0.626,0.621,0.616,0.611,0.0119,0.015,0.0189,0.0237,0.0296,0.0367,0.0452,0.0553,0.0671,0.0807,0.096,0.113,0.132,0.152,0.173,0.195,0.218,0.241,0.263,0.286,0.308,0.329,0.349,0.368,0.386,0.402,0.418,0.431,0.444,0.455,0.464,0.473,0.48,0.486,0.491,0.495,0.499,0.501,0.503,0.505,0.505,0.506,0.506,0.506,0.505,0.504,0.504,0.502,0.501,0.5,0.498,0.497,0.495,0.493,0.491,0.489,0.487,0.485,0.483,0.481,0.479,0.476,0.474,0.472,0.469,0.467,0.464,0.462,0.459,0.456,0.454,0.451,0.448,0.445,0.443,0.44,0.437,0.434,0.431,0.428,0.425,0.0125,0.0156,0.0195,0.0243,0.0301,0.0369,0.045,0.0543,0.065,0.0769,0.09,0.104,0.12,0.135,0.152,0.169,0.186,0.203,0.219,0.236,0.251,0.266,0.28,0.294,0.306,0.317,0.328,0.337,0.345,0.352,0.359,0.364,0.369,0.372,0.375,0.378,0.38,0.381,0.382,0.383,0.384,0.384,0.384,0.383,0.383,0.382,0.382,0.381,0.38,0.379,0.378,0.377,0.376,0.375,0.373,0.372,0.371,0.369,0.368,0.366,0.365,0.363,0.361,0.36,0.358,0.356,0.354,0.353,0.351,0.349,0.347,0.345,0.343,0.341,0.339,0.337,0.335,0.333,0.331,0.328,0.326,0.0127,0.0159,0.0197,0.0244,0.0299,0.0364,0.0439,0.0524,0.062,0.0724,0.0838,0.0959,0.109,0.122,0.135,0.149,0.162,0.176,0.188,0.201,0.213,0.224,0.235,0.245,0.254,0.263,0.27,0.277,0.283,0.288,0.293,0.296,0.299,0.302,0.304,0.306,0.307,0.308,0.309,0.309,0.309,0.309,0.309,0.309,0.309,0.308,0.308,0.307,0.306,0.306,0.305,0.304,0.303,0.302,0.301,0.3,0.299,0.298,0.297,0.296,0.295,0.293,0.292,0.291,0.29,0.288,0.287,0.285,0.284,0.283,0.281,0.28,0.278,0.277,0.275,0.273,0.272,0.27,0.268,0.267,0.265,0.0126,0.0157,0.0195,0.0239,0.0291,0.0352,0.0421,0.0498,0.0583,0.0676,0.0775,0.0879,0.0987,0.11,0.121,0.132,0.143,0.154,0.165,0.175,0.185,0.194,0.202,0.21,0.217,0.224,0.23,0.235,0.24,0.244,0.247,0.25,0.252,0.254,0.256,0.257,0.258,0.258,0.259,0.259,0.259,0.259,0.259,0.259,0.259,0.258,0.258,0.257,0.257,0.256,0.256,0.255,0.254,0.253,0.253,0.252,0.251,0.25,0.249,0.248,0.247,0.246,0.245,0.244,0.243,0.242,0.241,0.24,0.239,0.238,0.236,0.235,0.234,0.233,0.231,0.23,0.229,0.228,0.226,0.225,0.223,0.0124,0.0153,0.0189,0.0231,0.0279,0.0335,0.0398,0.0469,0.0545,0.0628,0.0715,0.0806,0.09,0.0995,0.109,0.119,0.128,0.137,0.146,0.155,0.163,0.17,0.177,0.184,0.19,0.195,0.2,0.204,0.208,0.211,0.214,0.216,0.218,0.219,0.22,0.221,0.222,0.222,0.223,0.223,0.223,0.223,0.223,0.223,0.223,0.222,0.222,0.221,0.221,0.221,0.22,0.219,0.219,0.218,0.218,0.217,0.216,0.216,0.215,0.214,0.213,0.212,0.212,0.211,0.21,0.209,0.208,0.207,0.206,0.205,0.204,0.203,0.202,0.201,0.2,0.199,0.198,0.197,0.195,0.194,0.193
"OP(""/NM1"" ""id"")",0.000717,0.000917,0.00117,0.00149,0.00189,0.00239,0.00303,0.00382,0.0048,0.00601,0.0075,0.00932,0.0115,0.0142,0.0174,0.0211,0.0254,0.0304,0.0361,0.0425,0.0496,0.0574,0.066,0.0752,0.085,0.0955,0.107,0.118,0.13,0.142,0.155,0.168,0.181,0.195,0.208,0.222,0.236,0.25,0.264,0.278,0.292,0.307,0.321,0.335,0.349,0.363,0.378,0.392,0.406,0.42,0.434,0.447,0.461,0.475,0.489,0.502,0.516,0.529,0.542,0.556,0.569,0.582,0.595,0.608,0.62,0.633,0.646,0.658,0.67,0.683,0.695,0.707,0.719,0.731,0.742,0.754,0.765,0.777,0.788,0.799,0.81,0.00049,0.000626,0.000797,0.00101,0.00129,0.00163,0.00205,0.00258,0.00324,0.00404,0.00502,0.0062,0.00761,0.00927,0.0112,0.0135,0.016,0.0189,0.0222,0.0258,0.0298,0.034,0.0387,0.0436,0.0489,0.0544,0.0602,0.0662,0.0725,0.0789,0.0855,0.0923,0.0992,0.106,0.113,0.121,0.128,0.135,0.143,0.15,0.157,0.165,0.172,0.18,0.187,0.195,0.202,0.21,0.217,0.224,0.232,0.239,0.246,0.254,0.261,0.268,0.275,0.282,0.289,0.296,0.303,0.31,0.317,0.324,0.331,0.338,0.345,0.351,0.358,0.365,0.371,0.378,0.384,0.391,0.397,0.404,0.41,0.416,0.423,0.429,0.435,0.000493,0.000627,0.000796,0.00101,0.00127,0.0016,0.00201,0.00251,0.00312,0.00386,0.00474,0.00579,0.00701,0.00843,0.0101,0.0119,0.014,0.0162,0.0188,0.0215,0.0245,0.0277,0.0311,0.0346,0.0384,0.0424,0.0465,0.0507,0.0551,0.0596,0.0642,0.0689,0.0736,0.0785,0.0833,0.0883,0.0932,0.0982,0.103,0.108,0.113,0.118,0.124,0.129,0.134,0.139,0.144,0.149,0.154,0.159,0.164,0.169,0.174,0.179,0.184,0.188,0.193,0.198,0.203,0.208,0.213,0.217,0.222,0.227,0.232,0.236,0.241,0.246,0.25,0.255,0.259,0.264,0.268,0.273,0.277,0.282,0.286,0.29,0.295,0.299,0.303,0.000521,0.000661,0.000836,0.00106,0.00133,0.00166,0.00207,0.00256,0.00316,0.00387,0.0047,0.00567,0.00679,0.00806,0.0095,0.0111,0.0129,0.0148,0.0169,0.0192,0.0216,0.0242,0.027,0.0298,0.0328,0.036,0.0392,0.0425,0.0459,0.0494,0.053,0.0566,0.0602,0.0639,0.0677,0.0714,0.0752,0.079,0.0829,0.0867,0.0905,0.0944,0.0982,0.102,0.106,0.11,0.114,0.117,0.121,0.125,0.129,0.133,0.136,0.14,0.144,0.147,0.151,0.155,0.159,0.162,0.166,0.17,0.173,0.177,0.18,0.184,0.187,0.191,0.195,0.198,0.202,0.205,0.208,0.212,0.215,0.219,0.222,0.225,0.229,0.232,0.235,0.000538,0.000681,0.000858,0.00108,0.00135,0.00168,0.00208,0.00256,0.00313,0.0038,0.00458,0.00548,0.0065,0.00766,0.00894,0.0104,0.0119,0.0136,0.0154,0.0174,0.0194,0.0216,0.0239,0.0263,0.0288,0.0314,0.0341,0.0368,0.0396,0.0425,0.0454,0.0483,0.0513,0.0543,0.0573,0.0604,0.0634,0.0665,0.0696,0.0727,0.0758,0.0789,0.082,0.085,0.0881,0.0912,0.0943,0.0974,0.1,0.104,0.107,0.11,0.113,0.116,0.119,0.122,0.125,0.128,0.131,0.134,0.137,0.14,0.142,0.145,0.148,0.151,0.154,0.157,0.16,0.163,0.165,0.168,0.171,0.174,0.177,0.179,0.182,0.185,0.187,0.19,0.193,0.000541,0.000682,0.000857,0.00107,0.00134,0.00166,0.00204,0.0025,0.00304,0.00367,0.0044,0.00522,0.00616,0.0072,0.00835,0.00962,0.011,0.0125,0.0141,0.0158,0.0176,0.0195,0.0215,0.0235,0.0257,0.0279,0.0301,0.0325,0.0348,0.0372,0.0397,0.0422,0.0447,0.0472,0.0498,0.0523,0.0549,0.0575,0.0601,0.0627,0.0652,0.0678,0.0704,0.073,0.0756,0.0782,0.0808,0.0833,0.0859,0.0885,0.091,0.0936,0.0961,0.0987,0.101,0.104,0.106,0.109,0.111,0.114,0.116,0.119,0.121,0.124,0.126,0.128,0.131,0.133,0.136,0.138,0.14,0.143,0.145,0.147,0.15,0.152,0.154,0.157,0.159,0.161,0.163,0.000533,0.000671,0.000841,0.00105,0.0013,0.00161,0.00198,0.00241,0.00292,0.0035,0.00417,0.00493,0.00579,0.00673,0.00778,0.00892,0.0102,0.0115,0.0129,0.0144,0.016,0.0177,0.0194,0.0212,0.0231,0.025,0.027,0.029,0.031,0.0331,0.0353,0.0374,0.0396,0.0418,0.044,0.0462,0.0484,0.0506,0.0528,0.0551,0.0573,0.0595,0.0617,0.064,0.0662,0.0684,0.0706,0.0729,0.0751,0.0773,0.0795,0.0817,0.0839,0.0861,0.0882,0.0904,0.0926,0.0947,0.0969,0.099,0.101,0.103,0.105,0.108,0.11,0.112,0.114,0.116,0.118,0.12,0.122,0.124,0.126,0.128,0.13,0.132,0.134,0.136,0.138,0.14,0.142
ngm_id,24.66,24.44,24.23,24.01,23.78,23.55,23.3,23.03,22.72,22.37,21.98,21.52,21,20.42,19.78,19.07,18.33,17.54,16.73,15.9,15.08,14.26,13.46,12.69,11.95,11.24,10.57,9.943,9.354,8.805,8.293,7.818,7.378,6.97,6.593,6.244,5.921,5.623,5.346,5.09,4.852,4.631,4.426,4.235,4.057,3.891,3.735,3.589,3.453,3.325,3.204,3.09,2.983,2.881,2.785,2.694,2.608,2.526,2.448,2.374,2.303,2.235,2.171,2.109,2.05,1.993,1.939,1.887,1.837,1.788,1.742,1.697,1.654,1.613,1.573,1.534,1.497,1.461,1.426,1.392,1.359,24.51,24.31,24.11,23.9,23.67,23.42,23.12,22.78,22.38,21.92,21.39,20.79,20.14,19.42,18.67,17.88,17.07,16.26,15.44,14.64,13.86,13.1,12.38,11.69,11.03,10.41,9.826,9.278,8.765,8.285,7.837,7.419,7.029,6.665,6.326,6.011,5.717,5.443,5.188,4.95,4.728,4.521,4.328,4.148,3.979,3.821,3.673,3.535,3.404,3.282,3.167,3.058,2.956,2.859,2.767,2.681,2.598,2.52,2.446,2.375,2.307,2.243,2.181,2.122,2.066,2.012,1.96,1.91,1.863,1.817,1.772,1.73,1.688,1.649,1.611,1.574,1.538,1.503,1.47,1.437,1.406,24.18,23.98,23.75,23.5,23.21,22.88,22.48,22.02,21.49,20.9,20.24,19.54,18.79,18.01,17.21,16.4,15.6,14.81,14.04,13.29,12.58,11.89,11.24,10.63,10.05,9.503,8.99,8.509,8.057,7.635,7.239,6.868,6.522,6.198,5.895,5.613,5.349,5.103,4.873,4.659,4.459,4.272,4.098,3.934,3.782,3.639,3.505,3.379,3.26,3.149,3.043,2.944,2.85,2.761,2.677,2.597,2.521,2.449,2.38,2.314,2.251,2.191,2.134,2.079,2.026,1.975,1.927,1.88,1.835,1.792,1.75,1.709,1.67,1.633,1.596,1.561,1.527,1.494,1.462,1.431,1.401,23.87,23.64,23.37,23.05,22.68,22.25,21.75,21.19,20.56,19.88,19.15,18.38,17.59,16.8,16,15.21,14.43,13.68,12.96,12.27,11.61,10.99,10.4,9.841,9.316,8.823,8.36,7.924,7.515,7.132,6.772,6.435,6.119,5.824,5.548,5.29,5.05,4.825,4.615,4.42,4.237,4.066,3.907,3.757,3.617,3.486,3.363,3.247,3.137,3.034,2.937,2.845,2.758,2.675,2.597,2.522,2.451,2.383,2.318,2.257,2.197,2.141,2.087,2.035,1.985,1.937,1.89,1.846,1.803,1.762,1.722,1.683,1.646,1.61,1.575,1.541,1.509,1.477,1.446,1.416,1.388,23.61,23.33,23.01,22.63,22.19,21.68,21.1,20.47,19.78,19.04,18.28,17.49,16.7,15.9,15.12,14.35,13.61,12.9,12.22,11.57,10.95,10.37,9.823,9.306,8.819,8.36,7.929,7.523,7.142,6.784,6.448,6.133,5.838,5.562,5.305,5.064,4.839,4.63,4.434,4.252,4.081,3.921,3.772,3.632,3.501,3.378,3.262,3.153,3.05,2.953,2.861,2.774,2.691,2.613,2.538,2.467,2.399,2.335,2.273,2.214,2.157,2.103,2.051,2.001,1.953,1.907,1.863,1.82,1.778,1.738,1.7,1.663,1.627,1.592,1.558,1.525,1.494,1.463,1.433,1.404,1.376,23.38,23.07,22.7,22.26,21.76,21.2,20.57,19.89,19.16,18.4,17.62,16.83,16.04,15.26,14.49,13.75,13.04,12.35,11.7,11.08,10.5,9.948,9.427,8.937,8.474,8.039,7.629,7.244,6.881,6.541,6.221,5.921,5.641,5.379,5.134,4.905,4.692,4.493,4.307,4.134,3.972,3.82,3.678,3.545,3.419,3.302,3.191,3.087,2.988,2.895,2.807,2.723,2.644,2.568,2.496,2.428,2.363,2.3,2.24,2.183,2.129,2.076,2.026,1.977,1.93,1.886,1.842,1.801,1.76,1.721,1.684,1.647,1.612,1.578,1.545,1.513,1.482,1.452,1.423,1.395,1.367,23.19,22.84,22.43,21.96,21.41,20.81,20.15,19.44,18.69,17.91,17.13,16.34,15.55,14.78,14.03,13.31,12.62,11.96,11.33,10.74,10.18,9.645,9.145,8.673,8.228,7.809,7.415,7.043,6.694,6.366,6.058,5.769,5.499,5.247,5.011,4.791,4.586,4.395,4.216,4.049,3.893,3.747,3.61,3.481,3.361,3.247,3.14,3.039,2.944,2.853,2.768,2.687,2.609,2.536,2.466,2.399,2.336,2.275,2.217,2.161,2.107,2.056,2.007,1.959,1.914,1.87,1.827,1.786,1.747,1.709,1.672,1.636,1.602,1.568,1.536,1.504,1.474,1.444,1.416,1.388,1.36
"OP(""/NM1"" ""rout"")",1180,922.6,726.3,573.3,453.8,360.2,286.8,229,183.5,147.5,119,96.33,78.31,63.93,52.42,43.18,35.74,29.74,24.86,20.9,17.66,15.01,12.82,11.01,9.512,8.261,7.213,6.332,5.587,4.955,4.416,3.954,3.557,3.214,2.916,2.657,2.43,2.23,2.054,1.898,1.76,1.636,1.525,1.426,1.337,1.256,1.183,1.117,1.056,1.001,0.95,0.904,0.862,0.822,0.786,0.753,0.722,0.693,0.666,0.642,0.618,0.597,0.576,0.557,0.54,0.523,0.507,0.492,0.478,0.465,0.453,0.441,0.43,0.419,0.409,0.4,0.391,0.382,0.374,0.366,0.359,4040,3170,2490,1960,1540,1220,961.2,761.2,604.1,480.6,383.5,306.9,246.5,198.7,160.8,130.6,106.6,87.3,71.82,59.34,49.24,41.03,34.34,28.86,24.37,20.66,17.6,15.06,12.95,11.19,9.718,8.481,7.44,6.56,5.815,5.182,4.641,4.179,3.782,3.439,3.143,2.885,2.659,2.462,2.288,2.135,1.998,1.877,1.768,1.67,1.582,1.502,1.43,1.364,1.304,1.248,1.197,1.151,1.107,1.067,1.03,0.995,0.963,0.933,0.904,0.878,0.853,0.829,0.807,0.786,0.766,0.748,0.73,0.713,0.697,0.682,0.668,0.654,0.641,0.628,0.616,5510,4330,3410,2690,2120,1680,1330,1060,842.2,673,539.4,433.8,350,283.4,230.2,187.6,153.4,125.8,103.5,85.45,70.74,58.75,48.94,40.91,34.32,28.9,24.43,20.75,17.7,15.18,13.09,11.35,9.905,8.695,7.682,6.83,6.11,5.5,4.979,4.533,4.149,3.817,3.528,3.275,3.052,2.856,2.681,2.525,2.385,2.26,2.146,2.043,1.949,1.863,1.784,1.712,1.645,1.584,1.527,1.473,1.424,1.378,1.335,1.294,1.256,1.221,1.187,1.155,1.126,1.097,1.07,1.045,1.021,0.998,0.976,0.955,0.936,0.917,0.899,0.881,0.865,6350,5000,3950,3120,2480,1970,1570,1250,1000,803.1,646.6,522.1,422.8,343.3,279.4,228,186.5,152.8,125.6,103.4,85.28,70.54,58.5,48.67,40.62,34.04,28.65,24.23,20.61,17.63,15.18,13.17,11.5,10.11,8.955,7.987,7.172,6.481,5.893,5.388,4.953,4.576,4.246,3.957,3.702,3.476,3.274,3.093,2.93,2.783,2.65,2.528,2.417,2.315,2.222,2.135,2.055,1.981,1.913,1.849,1.789,1.733,1.68,1.631,1.585,1.541,1.5,1.461,1.424,1.389,1.356,1.325,1.295,1.267,1.24,1.214,1.189,1.166,1.143,1.121,1.101,7170,5670,4490,3560,2830,2250,1800,1440,1160,930.6,750.7,607,491.8,399.3,324.8,264.6,215.9,176.5,144.5,118.4,97.31,80.12,66.14,54.78,45.54,38.02,31.92,26.95,22.9,19.59,16.89,14.68,12.85,11.34,10.08,9.025,8.137,7.384,6.74,6.187,5.709,5.292,4.928,4.606,4.322,4.068,3.841,3.638,3.454,3.287,3.135,2.996,2.869,2.752,2.644,2.545,2.453,2.367,2.287,2.212,2.143,2.077,2.016,1.958,1.904,1.853,1.805,1.759,1.715,1.674,1.635,1.598,1.563,1.529,1.497,1.466,1.437,1.409,1.382,1.356,1.332,8110,6420,5090,4050,3220,2570,2060,1650,1330,1070,860.5,695.4,562.9,456.2,370.2,300.8,244.6,199.2,162.4,132.6,108.4,88.9,73.09,60.32,49.99,41.65,34.91,29.46,25.04,21.45,18.53,16.14,14.17,12.54,11.19,10.05,9.095,8.28,7.583,6.982,6.46,6.005,5.605,5.251,4.937,4.656,4.405,4.178,3.972,3.786,3.616,3.46,3.317,3.185,3.063,2.951,2.846,2.749,2.658,2.573,2.493,2.419,2.349,2.283,2.221,2.162,2.106,2.054,2.004,1.956,1.911,1.869,1.828,1.789,1.752,1.716,1.682,1.65,1.619,1.589,1.561,9170,7260,5770,4590,3660,2920,2340,1880,1510,1210,976.9,788.3,636.7,514.8,416.5,337.3,273.3,221.7,180,146.4,119.3,97.42,79.84,65.7,54.34,45.21,37.87,31.96,27.19,23.33,20.19,17.63,15.52,13.77,12.32,11.1,10.07,9.189,8.436,7.784,7.218,6.722,6.286,5.899,5.555,5.246,4.969,4.719,4.492,4.285,4.097,3.923,3.764,3.617,3.482,3.356,3.239,3.13,3.028,2.933,2.843,2.759,2.681,2.606,2.536,2.47,2.407,2.348,2.291,2.238,2.187,2.138,2.092,2.048,2.006,1.966,1.927,1.89,1.855,1.821,1.789
ngmro,20.78,20.67,20.57,20.48,20.4,20.31,20.22,20.12,19.99,19.83,19.61,19.33,18.97,18.52,17.99,17.35,16.64,15.85,15,14.11,13.2,12.29,11.38,10.5,9.66,8.864,8.118,7.426,6.788,6.205,5.673,5.191,4.754,4.36,4.005,3.684,3.395,3.135,2.9,2.688,2.497,2.323,2.166,2.024,1.894,1.776,1.668,1.569,1.479,1.396,1.32,1.25,1.185,1.125,1.07,1.018,0.971,0.926,0.885,0.846,0.81,0.776,0.744,0.714,0.686,0.66,0.635,0.611,0.589,0.568,0.548,0.529,0.511,0.494,0.478,0.462,0.448,0.434,0.42,0.407,0.395,48.55,48.2,47.83,47.41,46.92,46.34,45.65,44.8,43.79,42.58,41.17,39.56,37.75,35.78,33.66,31.45,29.18,26.89,24.62,22.42,20.3,18.3,16.44,14.71,13.13,11.7,10.41,9.253,8.226,7.316,6.513,5.807,5.188,4.645,4.17,3.755,3.392,3.075,2.797,2.553,2.339,2.15,1.983,1.836,1.705,1.588,1.483,1.39,1.306,1.229,1.161,1.098,1.041,0.989,0.941,0.897,0.856,0.818,0.784,0.751,0.721,0.693,0.666,0.642,0.619,0.597,0.576,0.557,0.538,0.521,0.504,0.489,0.474,0.46,0.446,0.433,0.421,0.409,0.398,0.387,0.377,65.64,65.08,64.43,63.65,62.7,61.54,60.15,58.48,56.53,54.3,51.79,49.04,46.09,42.99,39.8,36.58,33.38,30.26,27.26,24.42,21.77,19.32,17.08,15.06,13.24,11.63,10.2,8.949,7.854,6.903,6.079,5.368,4.755,4.228,3.774,3.384,3.047,2.757,2.506,2.287,2.097,1.931,1.785,1.656,1.542,1.441,1.35,1.269,1.195,1.129,1.069,1.014,0.965,0.919,0.877,0.838,0.802,0.769,0.738,0.709,0.682,0.656,0.633,0.611,0.59,0.57,0.551,0.533,0.517,0.501,0.486,0.471,0.458,0.444,0.432,0.42,0.409,0.398,0.387,0.377,0.367,78.98,78.17,77.18,75.96,74.45,72.62,70.44,67.89,64.98,61.73,58.2,54.43,50.5,46.49,42.46,38.5,34.66,30.99,27.55,24.36,21.43,18.78,16.4,14.29,12.43,10.8,9.382,8.16,7.11,6.211,5.445,4.792,4.237,3.765,3.362,3.019,2.724,2.472,2.253,2.064,1.9,1.756,1.629,1.517,1.417,1.329,1.249,1.178,1.113,1.055,1.001,0.953,0.908,0.867,0.829,0.794,0.762,0.731,0.703,0.677,0.652,0.629,0.607,0.586,0.567,0.549,0.531,0.515,0.499,0.485,0.47,0.457,0.444,0.432,0.42,0.409,0.398,0.388,0.378,0.368,0.359,91.14,90,88.58,86.81,84.64,82.04,79,75.52,71.64,67.41,62.9,58.2,53.41,48.61,43.9,39.35,35.02,30.96,27.22,23.8,20.72,17.97,15.54,13.42,11.57,9.982,8.62,7.46,6.476,5.643,4.941,4.348,3.847,3.424,3.065,2.759,2.498,2.273,2.08,1.912,1.765,1.637,1.523,1.423,1.333,1.253,1.182,1.117,1.058,1.004,0.956,0.911,0.87,0.832,0.797,0.764,0.734,0.705,0.679,0.654,0.631,0.609,0.589,0.57,0.551,0.534,0.518,0.502,0.487,0.473,0.46,0.447,0.435,0.423,0.412,0.401,0.39,0.381,0.371,0.362,0.353,102.5,101,99.07,96.69,93.81,90.4,86.48,82.07,77.24,72.07,66.66,61.12,55.57,50.1,44.81,39.78,35.06,30.71,26.75,23.18,20.01,17.22,14.78,12.67,10.87,9.327,8.023,6.924,6,5.225,4.576,4.031,3.572,3.186,2.859,2.581,2.343,2.138,1.962,1.808,1.674,1.556,1.451,1.359,1.276,1.202,1.135,1.075,1.02,0.97,0.924,0.882,0.843,0.807,0.774,0.743,0.714,0.687,0.662,0.639,0.617,0.596,0.576,0.558,0.54,0.524,0.508,0.493,0.478,0.465,0.452,0.439,0.428,0.416,0.405,0.395,0.385,0.375,0.366,0.357,0.349,113.2,111.3,108.8,105.8,102.2,97.94,93.15,87.84,82.11,76.06,69.82,63.53,57.29,51.24,45.46,40.03,35.01,30.43,26.3,22.63,19.4,16.58,14.15,12.08,10.31,8.822,7.57,6.524,5.65,4.921,4.312,3.804,3.377,3.018,2.714,2.455,2.234,2.043,1.879,1.735,1.61,1.499,1.401,1.314,1.236,1.166,1.102,1.045,0.993,0.945,0.901,0.861,0.824,0.789,0.758,0.728,0.7,0.674,0.65,0.628,0.606,0.586,0.567,0.549,0.532,0.516,0.501,0.486,0.472,0.459,0.446,0.434,0.423,0.412,0.401,0.391,0.381,0.372,0.362,0.354,0.345
nidw,0.143,0.183,0.234,0.298,0.378,0.479,0.605,0.763,0.959,1.202,1.5,1.865,2.307,2.838,3.47,4.214,5.081,6.079,7.215,8.493,9.916,11.48,13.19,15.03,17,19.09,21.29,23.59,25.98,28.45,30.98,33.58,36.23,38.93,41.66,44.42,47.2,50,52.82,55.65,58.49,61.33,64.17,67,69.84,72.67,75.49,78.31,81.12,83.91,86.7,89.47,92.22,94.97,97.7,100.4,103.1,105.8,108.5,111.1,113.7,116.3,118.9,121.5,124.1,126.6,129.1,131.6,134.1,136.5,138.9,141.4,143.7,146.1,148.5,150.8,153.1,155.4,157.6,159.9,162.1,0.0981,0.125,0.16,0.203,0.257,0.325,0.411,0.517,0.648,0.808,1.004,1.24,1.521,1.854,2.243,2.693,3.207,3.789,4.44,5.16,5.95,6.809,7.734,8.722,9.771,10.88,12.03,13.24,14.49,15.78,17.1,18.46,19.84,21.25,22.67,24.11,25.57,27.04,28.51,29.99,31.48,32.97,34.46,35.95,37.44,38.93,40.42,41.9,43.38,44.86,46.32,47.79,49.25,50.7,52.15,53.59,55.02,56.45,57.86,59.28,60.68,62.08,63.46,64.84,66.22,67.58,68.94,70.28,71.62,72.95,74.27,75.58,76.89,78.18,79.46,80.74,82,83.26,84.51,85.74,86.97,0.0985,0.125,0.159,0.202,0.255,0.321,0.402,0.503,0.625,0.772,0.949,1.157,1.402,1.685,2.01,2.377,2.79,3.248,3.752,4.301,4.894,5.531,6.209,6.927,7.681,8.469,9.289,10.14,11.01,11.91,12.83,13.77,14.72,15.69,16.67,17.65,18.65,19.65,20.65,21.66,22.67,23.68,24.69,25.71,26.72,27.73,28.73,29.74,30.74,31.74,32.74,33.74,34.73,35.72,36.7,37.68,38.66,39.63,40.6,41.56,42.52,43.48,44.43,45.37,46.32,47.25,48.18,49.11,50.03,50.94,51.85,52.76,53.66,54.55,55.44,56.32,57.2,58.07,58.93,59.79,60.64,0.104,0.132,0.167,0.211,0.265,0.332,0.414,0.513,0.632,0.774,0.94,1.134,1.358,1.613,1.9,2.221,2.575,2.964,3.386,3.842,4.329,4.846,5.393,5.967,6.567,7.19,7.835,8.499,9.181,9.879,10.59,11.31,12.05,12.79,13.53,14.29,15.05,15.81,16.57,17.34,18.1,18.87,19.64,20.4,21.17,21.94,22.7,23.46,24.22,24.98,25.74,26.49,27.25,28,28.74,29.49,30.23,30.97,31.71,32.44,33.17,33.9,34.62,35.34,36.06,36.78,37.49,38.19,38.9,39.59,40.29,40.98,41.67,42.35,43.03,43.71,44.38,45.05,45.71,46.37,47.03,0.108,0.136,0.172,0.216,0.27,0.336,0.416,0.512,0.627,0.761,0.917,1.096,1.301,1.531,1.788,2.072,2.383,2.72,3.084,3.474,3.888,4.325,4.784,5.264,5.764,6.28,6.813,7.36,7.92,8.491,9.071,9.66,10.26,10.86,11.46,12.07,12.69,13.3,13.92,14.53,15.15,15.77,16.39,17.01,17.63,18.24,18.86,19.47,20.09,20.7,21.31,21.92,22.52,23.13,23.73,24.33,24.93,25.53,26.13,26.72,27.31,27.9,28.48,29.06,29.64,30.22,30.8,31.37,31.94,32.51,33.07,33.63,34.19,34.74,35.29,35.84,36.39,36.93,37.47,38,38.53,0.108,0.136,0.172,0.215,0.268,0.332,0.409,0.501,0.609,0.734,0.879,1.044,1.231,1.44,1.67,1.924,2.199,2.497,2.816,3.156,3.515,3.893,4.289,4.702,5.129,5.571,6.025,6.49,6.964,7.448,7.938,8.435,8.937,9.443,9.952,10.46,10.98,11.49,12.01,12.53,13.05,13.57,14.08,14.6,15.12,15.64,16.15,16.67,17.18,17.69,18.2,18.71,19.22,19.73,20.24,20.74,21.24,21.75,22.24,22.74,23.24,23.73,24.22,24.71,25.2,25.69,26.17,26.65,27.13,27.6,28.08,28.55,29.02,29.49,29.95,30.41,30.87,31.33,31.78,32.23,32.68,0.107,0.134,0.168,0.21,0.261,0.322,0.396,0.482,0.583,0.701,0.835,0.987,1.157,1.347,1.555,1.783,2.03,2.295,2.579,2.88,3.197,3.53,3.877,4.239,4.612,4.997,5.392,5.796,6.208,6.627,7.052,7.481,7.915,8.352,8.791,9.233,9.676,10.12,10.57,11.01,11.46,11.9,12.35,12.79,13.24,13.68,14.13,14.57,15.01,15.45,15.9,16.33,16.77,17.21,17.65,18.08,18.51,18.95,19.38,19.8,20.23,20.66,21.08,21.5,21.92,22.34,22.76,23.17,23.59,24,24.41,24.81,25.22,25.62,26.02,26.42,26.82,27.21,27.6,27.99,28.38
ncgg,1.03E-11,1.04E-11,1.05E-11,1.06E-11,1.07E-11,1.08E-11,1.1E-11,1.12E-11,1.14E-11,1.16E-11,1.19E-11,1.22E-11,1.24E-11,1.27E-11,1.29E-11,1.31E-11,1.32E-11,1.34E-11,1.35E-11,1.36E-11,1.36E-11,1.37E-11,1.38E-11,1.38E-11,1.38E-11,1.38E-11,1.39E-11,1.39E-11,1.39E-11,1.39E-11,1.39E-11,1.39E-11,1.39E-11,1.39E-11,1.39E-11,1.39E-11,1.39E-11,1.4E-11,1.4E-11,1.4E-11,1.4E-11,1.4E-11,1.4E-11,1.4E-11,1.4E-11,1.4E-11,1.4E-11,1.4E-11,1.41E-11,1.41E-11,1.41E-11,1.41E-11,1.41E-11,1.41E-11,1.41E-11,1.41E-11,1.42E-11,1.42E-11,1.42E-11,1.42E-11,1.42E-11,1.42E-11,1.42E-11,1.43E-11,1.43E-11,1.43E-11,1.43E-11,1.43E-11,1.43E-11,1.43E-11,1.44E-11,1.44E-11,1.44E-11,1.44E-11,1.44E-11,1.44E-11,1.44E-11,1.44E-11,1.44E-11,1.44E-11,1.45E-11,1.29E-11,1.31E-11,1.34E-11,1.38E-11,1.42E-11,1.46E-11,1.51E-11,1.57E-11,1.63E-11,1.68E-11,1.74E-11,1.79E-11,1.83E-11,1.87E-11,1.9E-11,1.93E-11,1.95E-11,1.97E-11,1.98E-11,1.99E-11,2E-11,2.01E-11,2.02E-11,2.02E-11,2.02E-11,2.03E-11,2.03E-11,2.03E-11,2.03E-11,2.04E-11,2.04E-11,2.04E-11,2.04E-11,2.04E-11,2.05E-11,2.05E-11,2.05E-11,2.05E-11,2.05E-11,2.06E-11,2.06E-11,2.06E-11,2.07E-11,2.07E-11,2.07E-11,2.08E-11,2.08E-11,2.08E-11,2.09E-11,2.09E-11,2.09E-11,2.1E-11,2.1E-11,2.11E-11,2.11E-11,2.11E-11,2.12E-11,2.12E-11,2.13E-11,2.13E-11,2.13E-11,2.14E-11,2.14E-11,2.14E-11,2.15E-11,2.15E-11,2.15E-11,2.15E-11,2.16E-11,2.16E-11,2.16E-11,2.16E-11,2.17E-11,2.17E-11,2.17E-11,2.17E-11,2.18E-11,2.18E-11,2.18E-11,2.18E-11,2.18E-11,1.61E-11,1.66E-11,1.73E-11,1.8E-11,1.88E-11,1.97E-11,2.05E-11,2.14E-11,2.22E-11,2.3E-11,2.37E-11,2.43E-11,2.47E-11,2.51E-11,2.55E-11,2.57E-11,2.59E-11,2.61E-11,2.62E-11,2.64E-11,2.64E-11,2.65E-11,2.66E-11,2.66E-11,2.67E-11,2.67E-11,2.67E-11,2.68E-11,2.68E-11,2.68E-11,2.69E-11,2.69E-11,2.69E-11,2.7E-11,2.7E-11,2.71E-11,2.71E-11,2.72E-11,2.72E-11,2.73E-11,2.73E-11,2.74E-11,2.74E-11,2.75E-11,2.76E-11,2.76E-11,2.77E-11,2.77E-11,2.78E-11,2.79E-11,2.79E-11,2.8E-11,2.81E-11,2.81E-11,2.82E-11,2.83E-11,2.83E-11,2.84E-11,2.84E-11,2.85E-11,2.85E-11,2.86E-11,2.86E-11,2.87E-11,2.87E-11,2.88E-11,2.88E-11,2.89E-11,2.89E-11,2.89E-11,2.9E-11,2.9E-11,2.9E-11,2.91E-11,2.91E-11,2.91E-11,2.91E-11,2.92E-11,2.92E-11,2.92E-11,2.92E-11,2E-11,2.1E-11,2.2E-11,2.32E-11,2.43E-11,2.55E-11,2.67E-11,2.77E-11,2.87E-11,2.95E-11,3.02E-11,3.08E-11,3.12E-11,3.16E-11,3.19E-11,3.22E-11,3.24E-11,3.25E-11,3.27E-11,3.28E-11,3.28E-11,3.29E-11,3.3E-11,3.3E-11,3.31E-11,3.31E-11,3.32E-11,3.32E-11,3.33E-11,3.33E-11,3.34E-11,3.34E-11,3.35E-11,3.36E-11,3.36E-11,3.37E-11,3.38E-11,3.38E-11,3.39E-11,3.4E-11,3.41E-11,3.42E-11,3.43E-11,3.44E-11,3.45E-11,3.46E-11,3.47E-11,3.47E-11,3.48E-11,3.49E-11,3.5E-11,3.51E-11,3.52E-11,3.53E-11,3.54E-11,3.54E-11,3.55E-11,3.56E-11,3.57E-11,3.57E-11,3.58E-11,3.59E-11,3.59E-11,3.6E-11,3.6E-11,3.61E-11,3.61E-11,3.62E-11,3.62E-11,3.63E-11,3.63E-11,3.64E-11,3.64E-11,3.64E-11,3.65E-11,3.65E-11,3.65E-11,3.66E-11,3.66E-11,3.66E-11,3.67E-11,2.45E-11,2.58E-11,2.73E-11,2.87E-11,3.02E-11,3.16E-11,3.29E-11,3.41E-11,3.51E-11,3.59E-11,3.66E-11,3.72E-11,3.77E-11,3.8E-11,3.83E-11,3.86E-11,3.88E-11,3.89E-11,3.9E-11,3.91E-11,3.92E-11,3.93E-11,3.94E-11,3.94E-11,3.95E-11,3.96E-11,3.96E-11,3.97E-11,3.98E-11,3.98E-11,3.99E-11,4E-11,4.01E-11,4.02E-11,4.03E-11,4.04E-11,4.05E-11,4.06E-11,4.07E-11,4.08E-11,4.09E-11,4.11E-11,4.12E-11,4.13E-11,4.14E-11,4.15E-11,4.17E-11,4.18E-11,4.19E-11,4.2E-11,4.21E-11,4.22E-11,4.24E-11,4.25E-11,4.26E-11,4.27E-11,4.27E-11,4.28E-11,4.29E-11,4.3E-11,4.31E-11,4.32E-11,4.32E-11,4.33E-11,4.34E-11,4.34E-11,4.35E-11,4.36E-11,4.36E-11,4.37E-11,4.37E-11,4.38E-11,4.38E-11,4.38E-11,4.39E-11,4.39E-11,4.4E-11,4.4E-11,4.4E-11,4.41E-11,4.41E-11,2.92E-11,3.09E-11,3.27E-11,3.45E-11,3.62E-11,3.78E-11,3.92E-11,4.04E-11,4.15E-11,4.23E-11,4.3E-11,4.36E-11,4.4E-11,4.44E-11,4.47E-11,4.49E-11,4.51E-11,4.53E-11,4.54E-11,4.55E-11,4.56E-11,4.57E-11,4.58E-11,4.58E-11,4.59E-11,4.6E-11,4.61E-11,4.62E-11,4.63E-11,4.64E-11,4.65E-11,4.66E-11,4.67E-11,4.68E-11,4.7E-11,4.71E-11,4.72E-11,4.74E-11,4.75E-11,4.77E-11,4.78E-11,4.8E-11,4.81E-11,4.83E-11,4.84E-11,4.86E-11,4.87E-11,4.89E-11,4.9E-11,4.91E-11,4.93E-11,4.94E-11,4.95E-11,4.96E-11,4.98E-11,4.99E-11,5E-11,5.01E-11,5.02E-11,5.03E-11,5.04E-11,5.05E-11,5.06E-11,5.06E-11,5.07E-11,5.08E-11,5.08E-11,5.09E-11,5.1E-11,5.1E-11,5.11E-11,5.12E-11,5.12E-11,5.13E-11,5.13E-11,5.13E-11,5.14E-11,5.14E-11,5.15E-11,5.15E-11,5.15E-11,3.4E-11,3.61E-11,3.82E-11,4.02E-11,4.21E-11,4.39E-11,4.54E-11,4.67E-11,4.77E-11,4.86E-11,4.93E-11,4.99E-11,5.04E-11,5.07E-11,5.1E-11,5.12E-11,5.14E-11,5.16E-11,5.17E-11,5.19E-11,5.2E-11,5.21E-11,5.22E-11,5.23E-11,5.24E-11,5.25E-11,5.26E-11,5.27E-11,5.28E-11,5.29E-11,5.31E-11,5.32E-11,5.33E-11,5.35E-11,5.36E-11,5.38E-11,5.4E-11,5.42E-11,5.43E-11,5.45E-11,5.47E-11,5.49E-11,5.51E-11,5.52E-11,5.54E-11,5.56E-11,5.58E-11,5.59E-11,5.61E-11,5.63E-11,5.64E-11,5.66E-11,5.67E-11,5.69E-11,5.7E-11,5.71E-11,5.72E-11,5.74E-11,5.75E-11,5.76E-11,5.77E-11,5.78E-11,5.79E-11,5.8E-11,5.8E-11,5.81E-11,5.82E-11,5.83E-11,5.84E-11,5.84E-11,5.85E-11,5.85E-11,5.86E-11,5.87E-11,5.87E-11,5.88E-11,5.88E-11,5.89E-11,5.89E-11,5.9E-11,5.9E-11
ncgd,-4.28E-12,-4.28E-12,-4.28E-12,-4.28E-12,-4.28E-12,-4.28E-12,-4.28E-12,-4.28E-12,-4.27E-12,-4.27E-12,-4.27E-12,-4.27E-12,-4.27E-12,-4.27E-12,-4.27E-12,-4.27E-12,-4.27E-12,-4.27E-12,-4.27E-12,-4.27E-12,-4.28E-12,-4.28E-12,-4.28E-12,-4.29E-12,-4.29E-12,-4.29E-12,-4.3E-12,-4.3E-12,-4.31E-12,-4.32E-12,-4.32E-12,-4.33E-12,-4.34E-12,-4.35E-12,-4.36E-12,-4.37E-12,-4.38E-12,-4.39E-12,-4.41E-12,-4.42E-12,-4.44E-12,-4.46E-12,-4.47E-12,-4.49E-12,-4.52E-12,-4.54E-12,-4.56E-12,-4.59E-12,-4.62E-12,-4.64E-12,-4.67E-12,-4.71E-12,-4.74E-12,-4.77E-12,-4.81E-12,-4.84E-12,-4.88E-12,-4.92E-12,-4.95E-12,-4.99E-12,-5.03E-12,-5.07E-12,-5.11E-12,-5.15E-12,-5.19E-12,-5.23E-12,-5.27E-12,-5.31E-12,-5.35E-12,-5.39E-12,-5.42E-12,-5.46E-12,-5.5E-12,-5.53E-12,-5.57E-12,-5.6E-12,-5.64E-12,-5.67E-12,-5.7E-12,-5.73E-12,-5.76E-12,-4.27E-12,-4.27E-12,-4.27E-12,-4.27E-12,-4.26E-12,-4.26E-12,-4.26E-12,-4.26E-12,-4.26E-12,-4.26E-12,-4.26E-12,-4.26E-12,-4.26E-12,-4.26E-12,-4.26E-12,-4.27E-12,-4.27E-12,-4.28E-12,-4.29E-12,-4.29E-12,-4.3E-12,-4.31E-12,-4.33E-12,-4.34E-12,-4.35E-12,-4.37E-12,-4.39E-12,-4.41E-12,-4.43E-12,-4.45E-12,-4.48E-12,-4.51E-12,-4.54E-12,-4.57E-12,-4.61E-12,-4.65E-12,-4.7E-12,-4.74E-12,-4.79E-12,-4.85E-12,-4.91E-12,-4.97E-12,-5.04E-12,-5.11E-12,-5.18E-12,-5.26E-12,-5.34E-12,-5.43E-12,-5.52E-12,-5.61E-12,-5.7E-12,-5.79E-12,-5.89E-12,-5.98E-12,-6.08E-12,-6.18E-12,-6.28E-12,-6.38E-12,-6.47E-12,-6.57E-12,-6.66E-12,-6.76E-12,-6.85E-12,-6.94E-12,-7.03E-12,-7.12E-12,-7.2E-12,-7.29E-12,-7.37E-12,-7.45E-12,-7.52E-12,-7.6E-12,-7.67E-12,-7.74E-12,-7.81E-12,-7.88E-12,-7.94E-12,-8E-12,-8.06E-12,-8.12E-12,-8.18E-12,-4.26E-12,-4.26E-12,-4.26E-12,-4.26E-12,-4.26E-12,-4.26E-12,-4.25E-12,-4.25E-12,-4.26E-12,-4.26E-12,-4.26E-12,-4.26E-12,-4.27E-12,-4.28E-12,-4.29E-12,-4.3E-12,-4.31E-12,-4.32E-12,-4.34E-12,-4.36E-12,-4.38E-12,-4.4E-12,-4.43E-12,-4.45E-12,-4.49E-12,-4.52E-12,-4.56E-12,-4.6E-12,-4.65E-12,-4.7E-12,-4.76E-12,-4.82E-12,-4.88E-12,-4.96E-12,-5.04E-12,-5.12E-12,-5.21E-12,-5.31E-12,-5.41E-12,-5.53E-12,-5.64E-12,-5.77E-12,-5.9E-12,-6.03E-12,-6.17E-12,-6.32E-12,-6.46E-12,-6.62E-12,-6.77E-12,-6.93E-12,-7.08E-12,-7.24E-12,-7.4E-12,-7.56E-12,-7.72E-12,-7.87E-12,-8.03E-12,-8.18E-12,-8.33E-12,-8.47E-12,-8.62E-12,-8.76E-12,-8.89E-12,-9.03E-12,-9.15E-12,-9.28E-12,-9.4E-12,-9.52E-12,-9.64E-12,-9.75E-12,-9.86E-12,-9.96E-12,-1.01E-11,-1.02E-11,-1.03E-11,-1.04E-11,-1.04E-11,-1.05E-11,-1.06E-11,-1.07E-11,-1.08E-11,-4.26E-12,-4.26E-12,-4.26E-12,-4.26E-12,-4.26E-12,-4.26E-12,-4.26E-12,-4.26E-12,-4.27E-12,-4.27E-12,-4.28E-12,-4.29E-12,-4.3E-12,-4.32E-12,-4.34E-12,-4.35E-12,-4.38E-12,-4.4E-12,-4.43E-12,-4.46E-12,-4.5E-12,-4.54E-12,-4.58E-12,-4.63E-12,-4.68E-12,-4.74E-12,-4.81E-12,-4.88E-12,-4.96E-12,-5.05E-12,-5.15E-12,-5.25E-12,-5.36E-12,-5.48E-12,-5.62E-12,-5.76E-12,-5.91E-12,-6.06E-12,-6.23E-12,-6.41E-12,-6.59E-12,-6.78E-12,-6.98E-12,-7.19E-12,-7.4E-12,-7.61E-12,-7.83E-12,-8.05E-12,-8.27E-12,-8.49E-12,-8.71E-12,-8.93E-12,-9.14E-12,-9.36E-12,-9.57E-12,-9.78E-12,-9.98E-12,-1.02E-11,-1.04E-11,-1.06E-11,-1.08E-11,-1.09E-11,-1.11E-11,-1.13E-11,-1.14E-11,-1.16E-11,-1.18E-11,-1.19E-11,-1.2E-11,-1.22E-11,-1.23E-11,-1.25E-11,-1.26E-11,-1.27E-11,-1.28E-11,-1.29E-11,-1.3E-11,-1.32E-11,-1.33E-11,-1.34E-11,-1.35E-11,-4.26E-12,-4.26E-12,-4.26E-12,-4.26E-12,-4.26E-12,-4.27E-12,-4.27E-12,-4.28E-12,-4.29E-12,-4.3E-12,-4.32E-12,-4.33E-12,-4.35E-12,-4.38E-12,-4.4E-12,-4.43E-12,-4.47E-12,-4.51E-12,-4.55E-12,-4.6E-12,-4.65E-12,-4.71E-12,-4.78E-12,-4.85E-12,-4.93E-12,-5.02E-12,-5.12E-12,-5.23E-12,-5.35E-12,-5.48E-12,-5.62E-12,-5.77E-12,-5.94E-12,-6.12E-12,-6.31E-12,-6.51E-12,-6.72E-12,-6.95E-12,-7.18E-12,-7.43E-12,-7.68E-12,-7.94E-12,-8.21E-12,-8.49E-12,-8.76E-12,-9.05E-12,-9.33E-12,-9.61E-12,-9.9E-12,-1.02E-11,-1.05E-11,-1.07E-11,-1.1E-11,-1.13E-11,-1.15E-11,-1.18E-11,-1.2E-11,-1.23E-11,-1.25E-11,-1.27E-11,-1.3E-11,-1.32E-11,-1.34E-11,-1.36E-11,-1.38E-11,-1.4E-11,-1.42E-11,-1.43E-11,-1.45E-11,-1.47E-11,-1.48E-11,-1.5E-11,-1.51E-11,-1.53E-11,-1.54E-11,-1.56E-11,-1.57E-11,-1.58E-11,-1.6E-11,-1.61E-11,-1.62E-11,-4.26E-12,-4.26E-12,-4.27E-12,-4.27E-12,-4.28E-12,-4.28E-12,-4.29E-12,-4.31E-12,-4.32E-12,-4.34E-12,-4.36E-12,-4.39E-12,-4.41E-12,-4.45E-12,-4.48E-12,-4.53E-12,-4.57E-12,-4.63E-12,-4.69E-12,-4.75E-12,-4.83E-12,-4.91E-12,-5E-12,-5.1E-12,-5.22E-12,-5.34E-12,-5.48E-12,-5.63E-12,-5.79E-12,-5.96E-12,-6.16E-12,-6.36E-12,-6.58E-12,-6.82E-12,-7.07E-12,-7.34E-12,-7.62E-12,-7.91E-12,-8.22E-12,-8.53E-12,-8.86E-12,-9.19E-12,-9.53E-12,-9.87E-12,-1.02E-11,-1.06E-11,-1.09E-11,-1.13E-11,-1.16E-11,-1.19E-11,-1.23E-11,-1.26E-11,-1.29E-11,-1.32E-11,-1.35E-11,-1.39E-11,-1.41E-11,-1.44E-11,-1.47E-11,-1.5E-11,-1.52E-11,-1.55E-11,-1.57E-11,-1.6E-11,-1.62E-11,-1.64E-11,-1.66E-11,-1.68E-11,-1.7E-11,-1.72E-11,-1.74E-11,-1.76E-11,-1.77E-11,-1.79E-11,-1.81E-11,-1.82E-11,-1.84E-11,-1.85E-11,-1.87E-11,-1.88E-11,-1.89E-11,-4.27E-12,-4.27E-12,-4.28E-12,-4.28E-12,-4.29E-12,-4.3E-12,-4.32E-12,-4.34E-12,-4.36E-12,-4.38E-12,-4.41E-12,-4.45E-12,-4.48E-12,-4.53E-12,-4.58E-12,-4.63E-12,-4.69E-12,-4.76E-12,-4.84E-12,-4.93E-12,-5.02E-12,-5.13E-12,-5.25E-12,-5.38E-12,-5.53E-12,-5.69E-12,-5.86E-12,-6.05E-12,-6.26E-12,-6.49E-12,-6.73E-12,-7E-12,-7.28E-12,-7.58E-12,-7.89E-12,-8.22E-12,-8.57E-12,-8.93E-12,-9.31E-12,-9.69E-12,-1.01E-11,-1.05E-11,-1.09E-11,-1.13E-11,-1.17E-11,-1.21E-11,-1.25E-11,-1.29E-11,-1.33E-11,-1.37E-11,-1.41E-11,-1.45E-11,-1.49E-11,-1.52E-11,-1.56E-11,-1.59E-11,-1.63E-11,-1.66E-11,-1.69E-11,-1.72E-11,-1.75E-11,-1.78E-11,-1.81E-11,-1.83E-11,-1.86E-11,-1.88E-11,-1.91E-11,-1.93E-11,-1.95E-11,-1.98E-11,-2E-11,-2.02E-11,-2.04E-11,-2.06E-11,-2.07E-11,-2.09E-11,-2.11E-11,-2.12E-11,-2.14E-11,-2.16E-11,-2.17E-11
ncdg,-4.41E-12,-4.44E-12,-4.48E-12,-4.53E-12,-4.6E-12,-4.68E-12,-4.77E-12,-4.88E-12,-5E-12,-5.13E-12,-5.27E-12,-5.41E-12,-5.55E-12,-5.68E-12,-5.8E-12,-5.9E-12,-6E-12,-6.07E-12,-6.13E-12,-6.19E-12,-6.23E-12,-6.26E-12,-6.29E-12,-6.31E-12,-6.33E-12,-6.34E-12,-6.35E-12,-6.36E-12,-6.37E-12,-6.38E-12,-6.39E-12,-6.4E-12,-6.4E-12,-6.41E-12,-6.42E-12,-6.42E-12,-6.43E-12,-6.44E-12,-6.45E-12,-6.45E-12,-6.46E-12,-6.47E-12,-6.48E-12,-6.49E-12,-6.5E-12,-6.52E-12,-6.53E-12,-6.54E-12,-6.56E-12,-6.57E-12,-6.58E-12,-6.6E-12,-6.61E-12,-6.63E-12,-6.65E-12,-6.66E-12,-6.68E-12,-6.7E-12,-6.71E-12,-6.73E-12,-6.75E-12,-6.76E-12,-6.78E-12,-6.8E-12,-6.81E-12,-6.83E-12,-6.84E-12,-6.86E-12,-6.88E-12,-6.89E-12,-6.91E-12,-6.92E-12,-6.93E-12,-6.95E-12,-6.96E-12,-6.97E-12,-6.98E-12,-7E-12,-7.01E-12,-7.02E-12,-7.03E-12,-4.78E-12,-4.91E-12,-5.07E-12,-5.27E-12,-5.5E-12,-5.76E-12,-6.05E-12,-6.36E-12,-6.68E-12,-7E-12,-7.3E-12,-7.58E-12,-7.83E-12,-8.04E-12,-8.23E-12,-8.38E-12,-8.5E-12,-8.6E-12,-8.68E-12,-8.75E-12,-8.8E-12,-8.84E-12,-8.88E-12,-8.91E-12,-8.93E-12,-8.96E-12,-8.98E-12,-9E-12,-9.01E-12,-9.03E-12,-9.05E-12,-9.07E-12,-9.09E-12,-9.11E-12,-9.13E-12,-9.15E-12,-9.18E-12,-9.2E-12,-9.23E-12,-9.26E-12,-9.29E-12,-9.32E-12,-9.36E-12,-9.39E-12,-9.43E-12,-9.46E-12,-9.5E-12,-9.54E-12,-9.58E-12,-9.62E-12,-9.66E-12,-9.7E-12,-9.75E-12,-9.79E-12,-9.83E-12,-9.87E-12,-9.91E-12,-9.95E-12,-9.99E-12,-1E-11,-1.01E-11,-1.01E-11,-1.01E-11,-1.02E-11,-1.02E-11,-1.02E-11,-1.03E-11,-1.03E-11,-1.03E-11,-1.04E-11,-1.04E-11,-1.04E-11,-1.04E-11,-1.05E-11,-1.05E-11,-1.05E-11,-1.05E-11,-1.06E-11,-1.06E-11,-1.06E-11,-1.06E-11,-5.53E-12,-5.85E-12,-6.21E-12,-6.62E-12,-7.08E-12,-7.57E-12,-8.06E-12,-8.55E-12,-9.02E-12,-9.45E-12,-9.83E-12,-1.02E-11,-1.04E-11,-1.07E-11,-1.09E-11,-1.1E-11,-1.11E-11,-1.12E-11,-1.13E-11,-1.14E-11,-1.14E-11,-1.15E-11,-1.15E-11,-1.16E-11,-1.16E-11,-1.16E-11,-1.17E-11,-1.17E-11,-1.17E-11,-1.17E-11,-1.18E-11,-1.18E-11,-1.19E-11,-1.19E-11,-1.19E-11,-1.2E-11,-1.2E-11,-1.21E-11,-1.21E-11,-1.22E-11,-1.22E-11,-1.23E-11,-1.24E-11,-1.24E-11,-1.25E-11,-1.26E-11,-1.26E-11,-1.27E-11,-1.28E-11,-1.28E-11,-1.29E-11,-1.3E-11,-1.3E-11,-1.31E-11,-1.32E-11,-1.32E-11,-1.33E-11,-1.33E-11,-1.34E-11,-1.34E-11,-1.35E-11,-1.36E-11,-1.36E-11,-1.37E-11,-1.37E-11,-1.37E-11,-1.38E-11,-1.38E-11,-1.39E-11,-1.39E-11,-1.39E-11,-1.4E-11,-1.4E-11,-1.4E-11,-1.41E-11,-1.41E-11,-1.41E-11,-1.42E-11,-1.42E-11,-1.42E-11,-1.42E-11,-6.72E-12,-7.26E-12,-7.86E-12,-8.5E-12,-9.18E-12,-9.85E-12,-1.05E-11,-1.11E-11,-1.16E-11,-1.21E-11,-1.25E-11,-1.28E-11,-1.31E-11,-1.33E-11,-1.35E-11,-1.37E-11,-1.38E-11,-1.39E-11,-1.4E-11,-1.4E-11,-1.41E-11,-1.41E-11,-1.42E-11,-1.42E-11,-1.43E-11,-1.43E-11,-1.44E-11,-1.44E-11,-1.45E-11,-1.45E-11,-1.46E-11,-1.46E-11,-1.47E-11,-1.47E-11,-1.48E-11,-1.49E-11,-1.5E-11,-1.5E-11,-1.51E-11,-1.52E-11,-1.53E-11,-1.54E-11,-1.55E-11,-1.56E-11,-1.56E-11,-1.57E-11,-1.58E-11,-1.59E-11,-1.6E-11,-1.61E-11,-1.62E-11,-1.63E-11,-1.64E-11,-1.65E-11,-1.65E-11,-1.66E-11,-1.67E-11,-1.68E-11,-1.68E-11,-1.69E-11,-1.7E-11,-1.7E-11,-1.71E-11,-1.72E-11,-1.72E-11,-1.73E-11,-1.73E-11,-1.74E-11,-1.74E-11,-1.75E-11,-1.75E-11,-1.76E-11,-1.76E-11,-1.76E-11,-1.77E-11,-1.77E-11,-1.77E-11,-1.78E-11,-1.78E-11,-1.78E-11,-1.79E-11,-8.19E-12,-8.96E-12,-9.79E-12,-1.06E-11,-1.15E-11,-1.23E-11,-1.3E-11,-1.37E-11,-1.43E-11,-1.48E-11,-1.52E-11,-1.55E-11,-1.58E-11,-1.6E-11,-1.62E-11,-1.63E-11,-1.64E-11,-1.65E-11,-1.66E-11,-1.67E-11,-1.67E-11,-1.68E-11,-1.69E-11,-1.69E-11,-1.7E-11,-1.7E-11,-1.71E-11,-1.72E-11,-1.72E-11,-1.73E-11,-1.74E-11,-1.75E-11,-1.75E-11,-1.76E-11,-1.77E-11,-1.78E-11,-1.79E-11,-1.8E-11,-1.82E-11,-1.83E-11,-1.84E-11,-1.85E-11,-1.86E-11,-1.87E-11,-1.89E-11,-1.9E-11,-1.91E-11,-1.92E-11,-1.93E-11,-1.94E-11,-1.96E-11,-1.97E-11,-1.98E-11,-1.99E-11,-2E-11,-2.01E-11,-2.02E-11,-2.02E-11,-2.03E-11,-2.04E-11,-2.05E-11,-2.06E-11,-2.06E-11,-2.07E-11,-2.08E-11,-2.08E-11,-2.09E-11,-2.1E-11,-2.1E-11,-2.11E-11,-2.11E-11,-2.12E-11,-2.12E-11,-2.12E-11,-2.13E-11,-2.13E-11,-2.14E-11,-2.14E-11,-2.14E-11,-2.15E-11,-2.15E-11,-9.83E-12,-1.08E-11,-1.19E-11,-1.29E-11,-1.39E-11,-1.48E-11,-1.56E-11,-1.63E-11,-1.69E-11,-1.74E-11,-1.78E-11,-1.81E-11,-1.84E-11,-1.86E-11,-1.88E-11,-1.89E-11,-1.91E-11,-1.92E-11,-1.93E-11,-1.93E-11,-1.94E-11,-1.95E-11,-1.96E-11,-1.96E-11,-1.97E-11,-1.98E-11,-1.99E-11,-1.99E-11,-2E-11,-2.01E-11,-2.02E-11,-2.03E-11,-2.04E-11,-2.06E-11,-2.07E-11,-2.08E-11,-2.09E-11,-2.11E-11,-2.12E-11,-2.14E-11,-2.15E-11,-2.17E-11,-2.18E-11,-2.2E-11,-2.21E-11,-2.22E-11,-2.24E-11,-2.25E-11,-2.27E-11,-2.28E-11,-2.29E-11,-2.31E-11,-2.32E-11,-2.33E-11,-2.34E-11,-2.35E-11,-2.36E-11,-2.37E-11,-2.38E-11,-2.39E-11,-2.4E-11,-2.41E-11,-2.42E-11,-2.43E-11,-2.43E-11,-2.44E-11,-2.45E-11,-2.45E-11,-2.46E-11,-2.47E-11,-2.47E-11,-2.48E-11,-2.48E-11,-2.49E-11,-2.49E-11,-2.5E-11,-2.5E-11,-2.5E-11,-2.51E-11,-2.51E-11,-2.52E-11,-1.16E-11,-1.28E-11,-1.4E-11,-1.51E-11,-1.62E-11,-1.72E-11,-1.81E-11,-1.88E-11,-1.95E-11,-2E-11,-2.04E-11,-2.07E-11,-2.1E-11,-2.12E-11,-2.14E-11,-2.16E-11,-2.17E-11,-2.18E-11,-2.19E-11,-2.2E-11,-2.21E-11,-2.22E-11,-2.23E-11,-2.23E-11,-2.24E-11,-2.25E-11,-2.26E-11,-2.27E-11,-2.28E-11,-2.3E-11,-2.31E-11,-2.32E-11,-2.34E-11,-2.35E-11,-2.37E-11,-2.38E-11,-2.4E-11,-2.41E-11,-2.43E-11,-2.45E-11,-2.47E-11,-2.48E-11,-2.5E-11,-2.52E-11,-2.54E-11,-2.55E-11,-2.57E-11,-2.59E-11,-2.6E-11,-2.62E-11,-2.63E-11,-2.65E-11,-2.66E-11,-2.67E-11,-2.69E-11,-2.7E-11,-2.71E-11,-2.72E-11,-2.73E-11,-2.74E-11,-2.75E-11,-2.76E-11,-2.77E-11,-2.78E-11,-2.79E-11,-2.8E-11,-2.8E-11,-2.81E-11,-2.82E-11,-2.83E-11,-2.83E-11,-2.84E-11,-2.84E-11,-2.85E-11,-2.85E-11,-2.86E-11,-2.86E-11,-2.87E-11,-2.87E-11,-2.88E-11,-2.88E-11
ncdd,4.29E-12,4.29E-12,4.29E-12,4.29E-12,4.29E-12,4.29E-12,4.29E-12,4.29E-12,4.29E-12,4.29E-12,4.29E-12,4.29E-12,4.29E-12,4.29E-12,4.29E-12,4.29E-12,4.29E-12,4.29E-12,4.29E-12,4.3E-12,4.3E-12,4.3E-12,4.31E-12,4.31E-12,4.32E-12,4.32E-12,4.33E-12,4.33E-12,4.34E-12,4.35E-12,4.35E-12,4.36E-12,4.37E-12,4.38E-12,4.4E-12,4.41E-12,4.42E-12,4.44E-12,4.45E-12,4.47E-12,4.49E-12,4.51E-12,4.53E-12,4.55E-12,4.58E-12,4.61E-12,4.63E-12,4.66E-12,4.69E-12,4.73E-12,4.76E-12,4.8E-12,4.84E-12,4.88E-12,4.92E-12,4.96E-12,5E-12,5.04E-12,5.09E-12,5.13E-12,5.18E-12,5.23E-12,5.27E-12,5.32E-12,5.36E-12,5.41E-12,5.46E-12,5.5E-12,5.55E-12,5.59E-12,5.63E-12,5.68E-12,5.72E-12,5.76E-12,5.8E-12,5.84E-12,5.88E-12,5.92E-12,5.96E-12,5.99E-12,6.03E-12,4.29E-12,4.29E-12,4.29E-12,4.29E-12,4.29E-12,4.29E-12,4.29E-12,4.29E-12,4.29E-12,4.29E-12,4.29E-12,4.29E-12,4.29E-12,4.3E-12,4.3E-12,4.3E-12,4.31E-12,4.32E-12,4.33E-12,4.33E-12,4.34E-12,4.35E-12,4.37E-12,4.38E-12,4.4E-12,4.41E-12,4.43E-12,4.45E-12,4.48E-12,4.5E-12,4.53E-12,4.56E-12,4.59E-12,4.63E-12,4.67E-12,4.71E-12,4.76E-12,4.81E-12,4.86E-12,4.92E-12,4.98E-12,5.05E-12,5.12E-12,5.19E-12,5.27E-12,5.36E-12,5.44E-12,5.53E-12,5.62E-12,5.72E-12,5.82E-12,5.91E-12,6.02E-12,6.12E-12,6.22E-12,6.32E-12,6.43E-12,6.53E-12,6.63E-12,6.73E-12,6.84E-12,6.93E-12,7.03E-12,7.13E-12,7.22E-12,7.31E-12,7.4E-12,7.49E-12,7.58E-12,7.66E-12,7.74E-12,7.82E-12,7.9E-12,7.97E-12,8.04E-12,8.11E-12,8.18E-12,8.25E-12,8.31E-12,8.37E-12,8.43E-12,4.29E-12,4.29E-12,4.29E-12,4.29E-12,4.29E-12,4.29E-12,4.29E-12,4.29E-12,4.29E-12,4.3E-12,4.3E-12,4.31E-12,4.31E-12,4.32E-12,4.33E-12,4.34E-12,4.36E-12,4.37E-12,4.39E-12,4.4E-12,4.43E-12,4.45E-12,4.47E-12,4.5E-12,4.53E-12,4.57E-12,4.61E-12,4.65E-12,4.7E-12,4.75E-12,4.81E-12,4.87E-12,4.94E-12,5.01E-12,5.09E-12,5.18E-12,5.27E-12,5.37E-12,5.48E-12,5.59E-12,5.71E-12,5.83E-12,5.96E-12,6.1E-12,6.24E-12,6.39E-12,6.54E-12,6.69E-12,6.85E-12,7.01E-12,7.17E-12,7.33E-12,7.49E-12,7.65E-12,7.81E-12,7.97E-12,8.12E-12,8.28E-12,8.43E-12,8.58E-12,8.72E-12,8.86E-12,9E-12,9.13E-12,9.27E-12,9.39E-12,9.52E-12,9.64E-12,9.75E-12,9.87E-12,9.98E-12,1.01E-11,1.02E-11,1.03E-11,1.04E-11,1.05E-11,1.06E-11,1.07E-11,1.07E-11,1.08E-11,1.09E-11,4.29E-12,4.29E-12,4.29E-12,4.29E-12,4.29E-12,4.29E-12,4.3E-12,4.3E-12,4.31E-12,4.32E-12,4.33E-12,4.34E-12,4.35E-12,4.36E-12,4.38E-12,4.4E-12,4.42E-12,4.45E-12,4.48E-12,4.51E-12,4.54E-12,4.58E-12,4.63E-12,4.67E-12,4.73E-12,4.79E-12,4.85E-12,4.92E-12,5E-12,5.09E-12,5.18E-12,5.29E-12,5.4E-12,5.52E-12,5.65E-12,5.79E-12,5.93E-12,6.09E-12,6.26E-12,6.43E-12,6.61E-12,6.8E-12,7E-12,7.2E-12,7.41E-12,7.62E-12,7.83E-12,8.05E-12,8.27E-12,8.49E-12,8.7E-12,8.92E-12,9.13E-12,9.35E-12,9.55E-12,9.76E-12,9.96E-12,1.02E-11,1.04E-11,1.05E-11,1.07E-11,1.09E-11,1.11E-11,1.12E-11,1.14E-11,1.16E-11,1.17E-11,1.19E-11,1.2E-11,1.21E-11,1.23E-11,1.24E-11,1.25E-11,1.27E-11,1.28E-11,1.29E-11,1.3E-11,1.31E-11,1.32E-11,1.33E-11,1.34E-11,4.29E-12,4.29E-12,4.29E-12,4.3E-12,4.3E-12,4.31E-12,4.31E-12,4.32E-12,4.33E-12,4.34E-12,4.36E-12,4.38E-12,4.4E-12,4.42E-12,4.45E-12,4.48E-12,4.51E-12,4.55E-12,4.59E-12,4.64E-12,4.69E-12,4.75E-12,4.81E-12,4.88E-12,4.96E-12,5.05E-12,5.15E-12,5.25E-12,5.37E-12,5.49E-12,5.63E-12,5.78E-12,5.94E-12,6.11E-12,6.3E-12,6.49E-12,6.7E-12,6.92E-12,7.15E-12,7.38E-12,7.63E-12,7.88E-12,8.15E-12,8.41E-12,8.68E-12,8.96E-12,9.23E-12,9.51E-12,9.78E-12,1.01E-11,1.03E-11,1.06E-11,1.09E-11,1.11E-11,1.14E-11,1.16E-11,1.19E-11,1.21E-11,1.23E-11,1.25E-11,1.28E-11,1.3E-11,1.32E-11,1.34E-11,1.36E-11,1.37E-11,1.39E-11,1.41E-11,1.43E-11,1.44E-11,1.46E-11,1.47E-11,1.49E-11,1.5E-11,1.52E-11,1.53E-11,1.54E-11,1.55E-11,1.57E-11,1.58E-11,1.59E-11,4.3E-12,4.3E-12,4.3E-12,4.31E-12,4.31E-12,4.32E-12,4.33E-12,4.35E-12,4.36E-12,4.38E-12,4.4E-12,4.43E-12,4.45E-12,4.49E-12,4.52E-12,4.56E-12,4.61E-12,4.66E-12,4.72E-12,4.78E-12,4.85E-12,4.93E-12,5.02E-12,5.12E-12,5.22E-12,5.34E-12,5.47E-12,5.61E-12,5.77E-12,5.94E-12,6.12E-12,6.32E-12,6.53E-12,6.76E-12,7E-12,7.26E-12,7.52E-12,7.81E-12,8.1E-12,8.4E-12,8.71E-12,9.03E-12,9.35E-12,9.68E-12,1E-11,1.03E-11,1.07E-11,1.1E-11,1.13E-11,1.17E-11,1.2E-11,1.23E-11,1.26E-11,1.29E-11,1.32E-11,1.35E-11,1.38E-11,1.4E-11,1.43E-11,1.46E-11,1.48E-11,1.51E-11,1.53E-11,1.55E-11,1.57E-11,1.59E-11,1.61E-11,1.63E-11,1.65E-11,1.67E-11,1.69E-11,1.71E-11,1.72E-11,1.74E-11,1.75E-11,1.77E-11,1.78E-11,1.8E-11,1.81E-11,1.82E-11,1.84E-11,4.3E-12,4.31E-12,4.31E-12,4.32E-12,4.33E-12,4.34E-12,4.36E-12,4.37E-12,4.39E-12,4.42E-12,4.45E-12,4.48E-12,4.51E-12,4.56E-12,4.6E-12,4.66E-12,4.71E-12,4.78E-12,4.85E-12,4.94E-12,5.03E-12,5.13E-12,5.24E-12,5.37E-12,5.5E-12,5.66E-12,5.82E-12,6E-12,6.2E-12,6.42E-12,6.65E-12,6.9E-12,7.16E-12,7.45E-12,7.75E-12,8.06E-12,8.39E-12,8.73E-12,9.09E-12,9.45E-12,9.83E-12,1.02E-11,1.06E-11,1.1E-11,1.14E-11,1.18E-11,1.22E-11,1.25E-11,1.29E-11,1.33E-11,1.37E-11,1.4E-11,1.44E-11,1.47E-11,1.5E-11,1.54E-11,1.57E-11,1.6E-11,1.63E-11,1.66E-11,1.69E-11,1.71E-11,1.74E-11,1.76E-11,1.79E-11,1.81E-11,1.84E-11,1.86E-11,1.88E-11,1.9E-11,1.92E-11,1.94E-11,1.96E-11,1.97E-11,1.99E-11,2.01E-11,2.02E-11,2.04E-11,2.06E-11,2.07E-11,2.08E-11
ncgs,-4.5E-12,-4.58E-12,-4.68E-12,-4.8E-12,-4.96E-12,-5.14E-12,-5.36E-12,-5.62E-12,-5.9E-12,-6.22E-12,-6.54E-12,-6.87E-12,-7.2E-12,-7.5E-12,-7.78E-12,-8.03E-12,-8.24E-12,-8.41E-12,-8.56E-12,-8.67E-12,-8.77E-12,-8.84E-12,-8.9E-12,-8.94E-12,-8.98E-12,-9E-12,-9.02E-12,-9.04E-12,-9.05E-12,-9.06E-12,-9.06E-12,-9.07E-12,-9.07E-12,-9.07E-12,-9.07E-12,-9.07E-12,-9.07E-12,-9.07E-12,-9.06E-12,-9.06E-12,-9.05E-12,-9.05E-12,-9.04E-12,-9.03E-12,-9.02E-12,-9.01E-12,-9E-12,-8.99E-12,-8.98E-12,-8.97E-12,-8.95E-12,-8.94E-12,-8.92E-12,-8.91E-12,-8.89E-12,-8.87E-12,-8.85E-12,-8.83E-12,-8.81E-12,-8.79E-12,-8.77E-12,-8.75E-12,-8.73E-12,-8.71E-12,-8.68E-12,-8.66E-12,-8.64E-12,-8.62E-12,-8.59E-12,-8.57E-12,-8.55E-12,-8.53E-12,-8.5E-12,-8.48E-12,-8.46E-12,-8.44E-12,-8.42E-12,-8.4E-12,-8.38E-12,-8.36E-12,-8.34E-12,-5.38E-12,-5.69E-12,-6.08E-12,-6.54E-12,-7.08E-12,-7.7E-12,-8.38E-12,-9.11E-12,-9.86E-12,-1.06E-11,-1.13E-11,-1.2E-11,-1.25E-11,-1.3E-11,-1.35E-11,-1.38E-11,-1.41E-11,-1.43E-11,-1.45E-11,-1.46E-11,-1.47E-11,-1.48E-11,-1.49E-11,-1.49E-11,-1.5E-11,-1.5E-11,-1.5E-11,-1.5E-11,-1.51E-11,-1.51E-11,-1.51E-11,-1.51E-11,-1.51E-11,-1.51E-11,-1.5E-11,-1.5E-11,-1.5E-11,-1.5E-11,-1.5E-11,-1.5E-11,-1.5E-11,-1.49E-11,-1.49E-11,-1.49E-11,-1.49E-11,-1.48E-11,-1.48E-11,-1.48E-11,-1.47E-11,-1.47E-11,-1.46E-11,-1.46E-11,-1.45E-11,-1.45E-11,-1.44E-11,-1.44E-11,-1.43E-11,-1.43E-11,-1.42E-11,-1.42E-11,-1.41E-11,-1.41E-11,-1.4E-11,-1.4E-11,-1.39E-11,-1.39E-11,-1.38E-11,-1.38E-11,-1.37E-11,-1.37E-11,-1.37E-11,-1.36E-11,-1.36E-11,-1.35E-11,-1.35E-11,-1.34E-11,-1.34E-11,-1.34E-11,-1.33E-11,-1.33E-11,-1.32E-11,-7.19E-12,-7.93E-12,-8.78E-12,-9.76E-12,-1.08E-11,-1.2E-11,-1.31E-11,-1.43E-11,-1.54E-11,-1.64E-11,-1.73E-11,-1.8E-11,-1.87E-11,-1.92E-11,-1.96E-11,-1.99E-11,-2.02E-11,-2.04E-11,-2.06E-11,-2.07E-11,-2.08E-11,-2.09E-11,-2.09E-11,-2.1E-11,-2.1E-11,-2.1E-11,-2.11E-11,-2.11E-11,-2.11E-11,-2.11E-11,-2.11E-11,-2.11E-11,-2.1E-11,-2.1E-11,-2.1E-11,-2.1E-11,-2.1E-11,-2.09E-11,-2.09E-11,-2.09E-11,-2.08E-11,-2.08E-11,-2.07E-11,-2.07E-11,-2.06E-11,-2.05E-11,-2.05E-11,-2.04E-11,-2.03E-11,-2.03E-11,-2.02E-11,-2.01E-11,-2.01E-11,-2E-11,-1.99E-11,-1.98E-11,-1.97E-11,-1.97E-11,-1.96E-11,-1.95E-11,-1.94E-11,-1.94E-11,-1.93E-11,-1.92E-11,-1.91E-11,-1.91E-11,-1.9E-11,-1.89E-11,-1.88E-11,-1.88E-11,-1.87E-11,-1.87E-11,-1.86E-11,-1.85E-11,-1.85E-11,-1.84E-11,-1.84E-11,-1.83E-11,-1.83E-11,-1.82E-11,-1.81E-11,-9.98E-12,-1.12E-11,-1.27E-11,-1.42E-11,-1.57E-11,-1.73E-11,-1.88E-11,-2.02E-11,-2.15E-11,-2.25E-11,-2.35E-11,-2.42E-11,-2.49E-11,-2.53E-11,-2.57E-11,-2.61E-11,-2.63E-11,-2.65E-11,-2.66E-11,-2.67E-11,-2.68E-11,-2.69E-11,-2.69E-11,-2.7E-11,-2.7E-11,-2.7E-11,-2.7E-11,-2.7E-11,-2.7E-11,-2.7E-11,-2.7E-11,-2.7E-11,-2.69E-11,-2.69E-11,-2.69E-11,-2.68E-11,-2.68E-11,-2.67E-11,-2.67E-11,-2.66E-11,-2.65E-11,-2.65E-11,-2.64E-11,-2.63E-11,-2.62E-11,-2.61E-11,-2.6E-11,-2.59E-11,-2.58E-11,-2.57E-11,-2.56E-11,-2.55E-11,-2.54E-11,-2.53E-11,-2.52E-11,-2.51E-11,-2.5E-11,-2.49E-11,-2.48E-11,-2.47E-11,-2.46E-11,-2.45E-11,-2.44E-11,-2.43E-11,-2.42E-11,-2.41E-11,-2.4E-11,-2.39E-11,-2.38E-11,-2.37E-11,-2.37E-11,-2.36E-11,-2.35E-11,-2.34E-11,-2.34E-11,-2.33E-11,-2.32E-11,-2.31E-11,-2.31E-11,-2.3E-11,-2.3E-11,-1.34E-11,-1.52E-11,-1.71E-11,-1.91E-11,-2.11E-11,-2.3E-11,-2.47E-11,-2.62E-11,-2.75E-11,-2.87E-11,-2.96E-11,-3.03E-11,-3.09E-11,-3.14E-11,-3.18E-11,-3.2E-11,-3.23E-11,-3.24E-11,-3.26E-11,-3.27E-11,-3.27E-11,-3.28E-11,-3.28E-11,-3.29E-11,-3.29E-11,-3.29E-11,-3.29E-11,-3.29E-11,-3.29E-11,-3.28E-11,-3.28E-11,-3.28E-11,-3.27E-11,-3.27E-11,-3.26E-11,-3.26E-11,-3.25E-11,-3.24E-11,-3.23E-11,-3.22E-11,-3.21E-11,-3.2E-11,-3.19E-11,-3.18E-11,-3.17E-11,-3.16E-11,-3.15E-11,-3.13E-11,-3.12E-11,-3.11E-11,-3.09E-11,-3.08E-11,-3.07E-11,-3.05E-11,-3.04E-11,-3.03E-11,-3.01E-11,-3E-11,-2.99E-11,-2.98E-11,-2.96E-11,-2.95E-11,-2.94E-11,-2.93E-11,-2.92E-11,-2.91E-11,-2.89E-11,-2.88E-11,-2.87E-11,-2.86E-11,-2.85E-11,-2.84E-11,-2.83E-11,-2.83E-11,-2.82E-11,-2.81E-11,-2.8E-11,-2.79E-11,-2.78E-11,-2.78E-11,-2.77E-11,-1.72E-11,-1.95E-11,-2.19E-11,-2.43E-11,-2.65E-11,-2.86E-11,-3.05E-11,-3.21E-11,-3.35E-11,-3.46E-11,-3.55E-11,-3.63E-11,-3.69E-11,-3.73E-11,-3.77E-11,-3.8E-11,-3.82E-11,-3.83E-11,-3.85E-11,-3.85E-11,-3.86E-11,-3.87E-11,-3.87E-11,-3.87E-11,-3.87E-11,-3.87E-11,-3.87E-11,-3.87E-11,-3.87E-11,-3.86E-11,-3.86E-11,-3.85E-11,-3.85E-11,-3.84E-11,-3.83E-11,-3.83E-11,-3.82E-11,-3.81E-11,-3.79E-11,-3.78E-11,-3.77E-11,-3.76E-11,-3.74E-11,-3.73E-11,-3.71E-11,-3.7E-11,-3.68E-11,-3.67E-11,-3.65E-11,-3.63E-11,-3.62E-11,-3.6E-11,-3.59E-11,-3.57E-11,-3.55E-11,-3.54E-11,-3.52E-11,-3.51E-11,-3.49E-11,-3.48E-11,-3.46E-11,-3.45E-11,-3.44E-11,-3.42E-11,-3.41E-11,-3.4E-11,-3.38E-11,-3.37E-11,-3.36E-11,-3.35E-11,-3.34E-11,-3.33E-11,-3.31E-11,-3.3E-11,-3.29E-11,-3.28E-11,-3.27E-11,-3.26E-11,-3.26E-11,-3.25E-11,-3.24E-11,-2.12E-11,-2.39E-11,-2.67E-11,-2.94E-11,-3.19E-11,-3.42E-11,-3.62E-11,-3.79E-11,-3.93E-11,-4.05E-11,-4.14E-11,-4.21E-11,-4.27E-11,-4.32E-11,-4.35E-11,-4.38E-11,-4.4E-11,-4.42E-11,-4.43E-11,-4.44E-11,-4.45E-11,-4.45E-11,-4.45E-11,-4.45E-11,-4.45E-11,-4.45E-11,-4.45E-11,-4.45E-11,-4.45E-11,-4.44E-11,-4.43E-11,-4.43E-11,-4.42E-11,-4.41E-11,-4.4E-11,-4.39E-11,-4.38E-11,-4.36E-11,-4.35E-11,-4.33E-11,-4.32E-11,-4.3E-11,-4.29E-11,-4.27E-11,-4.25E-11,-4.23E-11,-4.21E-11,-4.19E-11,-4.18E-11,-4.16E-11,-4.14E-11,-4.12E-11,-4.1E-11,-4.08E-11,-4.06E-11,-4.05E-11,-4.03E-11,-4.01E-11,-3.99E-11,-3.98E-11,-3.96E-11,-3.94E-11,-3.93E-11,-3.91E-11,-3.9E-11,-3.88E-11,-3.87E-11,-3.86E-11,-3.84E-11,-3.83E-11,-3.82E-11,-3.8E-11,-3.79E-11,-3.78E-11,-3.77E-11,-3.76E-11,-3.75E-11,-3.73E-11,-3.72E-11,-3.71E-11,-3.7E-11
ncsg,-4.41E-12,-4.44E-12,-4.48E-12,-4.53E-12,-4.6E-12,-4.68E-12,-4.77E-12,-4.88E-12,-5E-12,-5.13E-12,-5.27E-12,-5.41E-12,-5.55E-12,-5.68E-12,-5.8E-12,-5.9E-12,-6E-12,-6.07E-12,-6.13E-12,-6.19E-12,-6.23E-12,-6.26E-12,-6.29E-12,-6.31E-12,-6.33E-12,-6.34E-12,-6.35E-12,-6.36E-12,-6.37E-12,-6.38E-12,-6.39E-12,-6.4E-12,-6.4E-12,-6.41E-12,-6.42E-12,-6.42E-12,-6.43E-12,-6.44E-12,-6.45E-12,-6.45E-12,-6.46E-12,-6.47E-12,-6.48E-12,-6.49E-12,-6.5E-12,-6.52E-12,-6.53E-12,-6.54E-12,-6.56E-12,-6.57E-12,-6.58E-12,-6.6E-12,-6.61E-12,-6.63E-12,-6.65E-12,-6.66E-12,-6.68E-12,-6.7E-12,-6.71E-12,-6.73E-12,-6.75E-12,-6.76E-12,-6.78E-12,-6.8E-12,-6.81E-12,-6.83E-12,-6.84E-12,-6.86E-12,-6.88E-12,-6.89E-12,-6.91E-12,-6.92E-12,-6.93E-12,-6.95E-12,-6.96E-12,-6.97E-12,-6.98E-12,-7E-12,-7.01E-12,-7.02E-12,-7.03E-12,-4.78E-12,-4.91E-12,-5.07E-12,-5.27E-12,-5.5E-12,-5.76E-12,-6.05E-12,-6.36E-12,-6.68E-12,-7E-12,-7.3E-12,-7.58E-12,-7.83E-12,-8.04E-12,-8.23E-12,-8.38E-12,-8.5E-12,-8.6E-12,-8.68E-12,-8.75E-12,-8.8E-12,-8.84E-12,-8.88E-12,-8.91E-12,-8.93E-12,-8.96E-12,-8.98E-12,-9E-12,-9.01E-12,-9.03E-12,-9.05E-12,-9.07E-12,-9.09E-12,-9.11E-12,-9.13E-12,-9.15E-12,-9.18E-12,-9.2E-12,-9.23E-12,-9.26E-12,-9.29E-12,-9.32E-12,-9.36E-12,-9.39E-12,-9.43E-12,-9.46E-12,-9.5E-12,-9.54E-12,-9.58E-12,-9.62E-12,-9.66E-12,-9.7E-12,-9.75E-12,-9.79E-12,-9.83E-12,-9.87E-12,-9.91E-12,-9.95E-12,-9.99E-12,-1E-11,-1.01E-11,-1.01E-11,-1.01E-11,-1.02E-11,-1.02E-11,-1.02E-11,-1.03E-11,-1.03E-11,-1.03E-11,-1.04E-11,-1.04E-11,-1.04E-11,-1.04E-11,-1.05E-11,-1.05E-11,-1.05E-11,-1.05E-11,-1.06E-11,-1.06E-11,-1.06E-11,-1.06E-11,-5.53E-12,-5.85E-12,-6.21E-12,-6.62E-12,-7.08E-12,-7.57E-12,-8.06E-12,-8.55E-12,-9.02E-12,-9.45E-12,-9.83E-12,-1.02E-11,-1.04E-11,-1.07E-11,-1.09E-11,-1.1E-11,-1.11E-11,-1.12E-11,-1.13E-11,-1.14E-11,-1.14E-11,-1.15E-11,-1.15E-11,-1.16E-11,-1.16E-11,-1.16E-11,-1.17E-11,-1.17E-11,-1.17E-11,-1.17E-11,-1.18E-11,-1.18E-11,-1.19E-11,-1.19E-11,-1.19E-11,-1.2E-11,-1.2E-11,-1.21E-11,-1.21E-11,-1.22E-11,-1.22E-11,-1.23E-11,-1.24E-11,-1.24E-11,-1.25E-11,-1.26E-11,-1.26E-11,-1.27E-11,-1.28E-11,-1.28E-11,-1.29E-11,-1.3E-11,-1.3E-11,-1.31E-11,-1.32E-11,-1.32E-11,-1.33E-11,-1.33E-11,-1.34E-11,-1.34E-11,-1.35E-11,-1.36E-11,-1.36E-11,-1.37E-11,-1.37E-11,-1.37E-11,-1.38E-11,-1.38E-11,-1.39E-11,-1.39E-11,-1.39E-11,-1.4E-11,-1.4E-11,-1.4E-11,-1.41E-11,-1.41E-11,-1.41E-11,-1.42E-11,-1.42E-11,-1.42E-11,-1.42E-11,-6.72E-12,-7.26E-12,-7.86E-12,-8.5E-12,-9.18E-12,-9.85E-12,-1.05E-11,-1.11E-11,-1.16E-11,-1.21E-11,-1.25E-11,-1.28E-11,-1.31E-11,-1.33E-11,-1.35E-11,-1.37E-11,-1.38E-11,-1.39E-11,-1.4E-11,-1.4E-11,-1.41E-11,-1.41E-11,-1.42E-11,-1.42E-11,-1.43E-11,-1.43E-11,-1.44E-11,-1.44E-11,-1.45E-11,-1.45E-11,-1.46E-11,-1.46E-11,-1.47E-11,-1.47E-11,-1.48E-11,-1.49E-11,-1.5E-11,-1.5E-11,-1.51E-11,-1.52E-11,-1.53E-11,-1.54E-11,-1.55E-11,-1.56E-11,-1.56E-11,-1.57E-11,-1.58E-11,-1.59E-11,-1.6E-11,-1.61E-11,-1.62E-11,-1.63E-11,-1.64E-11,-1.65E-11,-1.65E-11,-1.66E-11,-1.67E-11,-1.68E-11,-1.68E-11,-1.69E-11,-1.7E-11,-1.7E-11,-1.71E-11,-1.72E-11,-1.72E-11,-1.73E-11,-1.73E-11,-1.74E-11,-1.74E-11,-1.75E-11,-1.75E-11,-1.76E-11,-1.76E-11,-1.76E-11,-1.77E-11,-1.77E-11,-1.77E-11,-1.78E-11,-1.78E-11,-1.78E-11,-1.79E-11,-8.19E-12,-8.96E-12,-9.79E-12,-1.06E-11,-1.15E-11,-1.23E-11,-1.3E-11,-1.37E-11,-1.43E-11,-1.48E-11,-1.52E-11,-1.55E-11,-1.58E-11,-1.6E-11,-1.62E-11,-1.63E-11,-1.64E-11,-1.65E-11,-1.66E-11,-1.67E-11,-1.67E-11,-1.68E-11,-1.69E-11,-1.69E-11,-1.7E-11,-1.7E-11,-1.71E-11,-1.72E-11,-1.72E-11,-1.73E-11,-1.74E-11,-1.75E-11,-1.75E-11,-1.76E-11,-1.77E-11,-1.78E-11,-1.79E-11,-1.8E-11,-1.82E-11,-1.83E-11,-1.84E-11,-1.85E-11,-1.86E-11,-1.87E-11,-1.89E-11,-1.9E-11,-1.91E-11,-1.92E-11,-1.93E-11,-1.94E-11,-1.96E-11,-1.97E-11,-1.98E-11,-1.99E-11,-2E-11,-2.01E-11,-2.02E-11,-2.02E-11,-2.03E-11,-2.04E-11,-2.05E-11,-2.06E-11,-2.06E-11,-2.07E-11,-2.08E-11,-2.08E-11,-2.09E-11,-2.1E-11,-2.1E-11,-2.11E-11,-2.11E-11,-2.12E-11,-2.12E-11,-2.12E-11,-2.13E-11,-2.13E-11,-2.14E-11,-2.14E-11,-2.14E-11,-2.15E-11,-2.15E-11,-9.83E-12,-1.08E-11,-1.19E-11,-1.29E-11,-1.39E-11,-1.48E-11,-1.56E-11,-1.63E-11,-1.69E-11,-1.74E-11,-1.78E-11,-1.81E-11,-1.84E-11,-1.86E-11,-1.88E-11,-1.89E-11,-1.91E-11,-1.92E-11,-1.93E-11,-1.93E-11,-1.94E-11,-1.95E-11,-1.96E-11,-1.96E-11,-1.97E-11,-1.98E-11,-1.99E-11,-1.99E-11,-2E-11,-2.01E-11,-2.02E-11,-2.03E-11,-2.04E-11,-2.06E-11,-2.07E-11,-2.08E-11,-2.09E-11,-2.11E-11,-2.12E-11,-2.14E-11,-2.15E-11,-2.17E-11,-2.18E-11,-2.2E-11,-2.21E-11,-2.22E-11,-2.24E-11,-2.25E-11,-2.27E-11,-2.28E-11,-2.29E-11,-2.31E-11,-2.32E-11,-2.33E-11,-2.34E-11,-2.35E-11,-2.36E-11,-2.37E-11,-2.38E-11,-2.39E-11,-2.4E-11,-2.41E-11,-2.42E-11,-2.43E-11,-2.43E-11,-2.44E-11,-2.45E-11,-2.45E-11,-2.46E-11,-2.47E-11,-2.47E-11,-2.48E-11,-2.48E-11,-2.49E-11,-2.49E-11,-2.5E-11,-2.5E-11,-2.5E-11,-2.51E-11,-2.51E-11,-2.52E-11,-1.16E-11,-1.28E-11,-1.4E-11,-1.51E-11,-1.62E-11,-1.72E-11,-1.81E-11,-1.88E-11,-1.95E-11,-2E-11,-2.04E-11,-2.07E-11,-2.1E-11,-2.12E-11,-2.14E-11,-2.16E-11,-2.17E-11,-2.18E-11,-2.19E-11,-2.2E-11,-2.21E-11,-2.22E-11,-2.23E-11,-2.23E-11,-2.24E-11,-2.25E-11,-2.26E-11,-2.27E-11,-2.28E-11,-2.3E-11,-2.31E-11,-2.32E-11,-2.34E-11,-2.35E-11,-2.37E-11,-2.38E-11,-2.4E-11,-2.41E-11,-2.43E-11,-2.45E-11,-2.47E-11,-2.48E-11,-2.5E-11,-2.52E-11,-2.54E-11,-2.55E-11,-2.57E-11,-2.59E-11,-2.6E-11,-2.62E-11,-2.63E-11,-2.65E-11,-2.66E-11,-2.67E-11,-2.69E-11,-2.7E-11,-2.71E-11,-2.72E-11,-2.73E-11,-2.74E-11,-2.75E-11,-2.76E-11,-2.77E-11,-2.78E-11,-2.79E-11,-2.8E-11,-2.8E-11,-2.81E-11,-2.82E-11,-2.83E-11,-2.83E-11,-2.84E-11,-2.84E-11,-2.85E-11,-2.85E-11,-2.86E-11,-2.86E-11,-2.87E-11,-2.87E-11,-2.88E-11,-2.88E-11
ncss,4.44E-12,4.48E-12,4.54E-12,4.6E-12,4.69E-12,4.79E-12,4.91E-12,5.04E-12,5.2E-12,5.37E-12,5.54E-12,5.72E-12,5.89E-12,6.06E-12,6.21E-12,6.34E-12,6.45E-12,6.54E-12,6.62E-12,6.68E-12,6.73E-12,6.77E-12,6.8E-12,6.82E-12,6.84E-12,6.85E-12,6.86E-12,6.87E-12,6.87E-12,6.88E-12,6.88E-12,6.88E-12,6.87E-12,6.87E-12,6.87E-12,6.87E-12,6.86E-12,6.86E-12,6.85E-12,6.84E-12,6.83E-12,6.83E-12,6.82E-12,6.81E-12,6.79E-12,6.78E-12,6.77E-12,6.75E-12,6.74E-12,6.72E-12,6.7E-12,6.69E-12,6.67E-12,6.65E-12,6.62E-12,6.6E-12,6.58E-12,6.56E-12,6.53E-12,6.51E-12,6.48E-12,6.45E-12,6.43E-12,6.4E-12,6.37E-12,6.35E-12,6.32E-12,6.29E-12,6.26E-12,6.24E-12,6.21E-12,6.18E-12,6.16E-12,6.13E-12,6.11E-12,6.08E-12,6.06E-12,6.03E-12,6.01E-12,5.98E-12,5.96E-12,4.93E-12,5.1E-12,5.31E-12,5.57E-12,5.87E-12,6.21E-12,6.59E-12,6.99E-12,7.4E-12,7.81E-12,8.19E-12,8.55E-12,8.87E-12,9.14E-12,9.37E-12,9.56E-12,9.71E-12,9.84E-12,9.93E-12,1E-11,1.01E-11,1.01E-11,1.01E-11,1.02E-11,1.02E-11,1.02E-11,1.02E-11,1.02E-11,1.02E-11,1.02E-11,1.02E-11,1.02E-11,1.02E-11,1.02E-11,1.02E-11,1.01E-11,1.01E-11,1.01E-11,1.01E-11,1.01E-11,1E-11,1E-11,9.97E-12,9.94E-12,9.91E-12,9.87E-12,9.83E-12,9.79E-12,9.74E-12,9.7E-12,9.65E-12,9.6E-12,9.55E-12,9.5E-12,9.45E-12,9.39E-12,9.34E-12,9.28E-12,9.22E-12,9.17E-12,9.11E-12,9.06E-12,9E-12,8.95E-12,8.89E-12,8.84E-12,8.78E-12,8.73E-12,8.68E-12,8.63E-12,8.58E-12,8.53E-12,8.48E-12,8.44E-12,8.39E-12,8.34E-12,8.3E-12,8.26E-12,8.22E-12,8.18E-12,8.14E-12,5.93E-12,6.34E-12,6.82E-12,7.36E-12,7.96E-12,8.59E-12,9.24E-12,9.88E-12,1.05E-11,1.1E-11,1.15E-11,1.2E-11,1.23E-11,1.26E-11,1.28E-11,1.3E-11,1.32E-11,1.33E-11,1.34E-11,1.34E-11,1.35E-11,1.35E-11,1.35E-11,1.36E-11,1.36E-11,1.36E-11,1.36E-11,1.36E-11,1.36E-11,1.35E-11,1.35E-11,1.35E-11,1.35E-11,1.35E-11,1.34E-11,1.34E-11,1.34E-11,1.33E-11,1.33E-11,1.32E-11,1.32E-11,1.31E-11,1.31E-11,1.3E-11,1.3E-11,1.29E-11,1.28E-11,1.28E-11,1.27E-11,1.26E-11,1.25E-11,1.24E-11,1.24E-11,1.23E-11,1.22E-11,1.21E-11,1.2E-11,1.2E-11,1.19E-11,1.18E-11,1.17E-11,1.16E-11,1.15E-11,1.15E-11,1.14E-11,1.13E-11,1.12E-11,1.12E-11,1.11E-11,1.1E-11,1.1E-11,1.09E-11,1.08E-11,1.08E-11,1.07E-11,1.06E-11,1.06E-11,1.05E-11,1.05E-11,1.04E-11,1.04E-11,7.5E-12,8.21E-12,9E-12,9.85E-12,1.07E-11,1.16E-11,1.25E-11,1.32E-11,1.39E-11,1.45E-11,1.5E-11,1.55E-11,1.58E-11,1.61E-11,1.63E-11,1.65E-11,1.66E-11,1.67E-11,1.68E-11,1.68E-11,1.69E-11,1.69E-11,1.69E-11,1.69E-11,1.69E-11,1.69E-11,1.69E-11,1.69E-11,1.69E-11,1.68E-11,1.68E-11,1.68E-11,1.68E-11,1.67E-11,1.67E-11,1.66E-11,1.66E-11,1.65E-11,1.64E-11,1.64E-11,1.63E-11,1.62E-11,1.61E-11,1.6E-11,1.59E-11,1.58E-11,1.57E-11,1.56E-11,1.55E-11,1.54E-11,1.53E-11,1.52E-11,1.51E-11,1.5E-11,1.49E-11,1.48E-11,1.47E-11,1.46E-11,1.44E-11,1.43E-11,1.42E-11,1.41E-11,1.4E-11,1.39E-11,1.38E-11,1.37E-11,1.37E-11,1.36E-11,1.35E-11,1.34E-11,1.33E-11,1.32E-11,1.31E-11,1.31E-11,1.3E-11,1.29E-11,1.28E-11,1.28E-11,1.27E-11,1.26E-11,1.26E-11,9.45E-12,1.05E-11,1.16E-11,1.27E-11,1.38E-11,1.48E-11,1.58E-11,1.66E-11,1.74E-11,1.8E-11,1.85E-11,1.89E-11,1.93E-11,1.95E-11,1.97E-11,1.99E-11,2E-11,2.01E-11,2.01E-11,2.02E-11,2.02E-11,2.02E-11,2.03E-11,2.03E-11,2.02E-11,2.02E-11,2.02E-11,2.02E-11,2.02E-11,2.01E-11,2.01E-11,2E-11,2E-11,1.99E-11,1.99E-11,1.98E-11,1.97E-11,1.96E-11,1.95E-11,1.94E-11,1.93E-11,1.92E-11,1.91E-11,1.9E-11,1.89E-11,1.87E-11,1.86E-11,1.85E-11,1.83E-11,1.82E-11,1.81E-11,1.79E-11,1.78E-11,1.76E-11,1.75E-11,1.74E-11,1.72E-11,1.71E-11,1.7E-11,1.69E-11,1.67E-11,1.66E-11,1.65E-11,1.64E-11,1.63E-11,1.62E-11,1.61E-11,1.59E-11,1.58E-11,1.57E-11,1.56E-11,1.55E-11,1.55E-11,1.54E-11,1.53E-11,1.52E-11,1.51E-11,1.5E-11,1.49E-11,1.49E-11,1.48E-11,1.16E-11,1.29E-11,1.43E-11,1.56E-11,1.69E-11,1.81E-11,1.91E-11,2E-11,2.08E-11,2.14E-11,2.19E-11,2.23E-11,2.27E-11,2.29E-11,2.31E-11,2.33E-11,2.34E-11,2.34E-11,2.35E-11,2.35E-11,2.36E-11,2.36E-11,2.36E-11,2.36E-11,2.36E-11,2.35E-11,2.35E-11,2.35E-11,2.34E-11,2.34E-11,2.33E-11,2.33E-11,2.32E-11,2.31E-11,2.3E-11,2.29E-11,2.28E-11,2.27E-11,2.26E-11,2.25E-11,2.23E-11,2.22E-11,2.2E-11,2.19E-11,2.17E-11,2.16E-11,2.14E-11,2.13E-11,2.11E-11,2.09E-11,2.08E-11,2.06E-11,2.05E-11,2.03E-11,2.01E-11,2E-11,1.98E-11,1.97E-11,1.95E-11,1.94E-11,1.92E-11,1.91E-11,1.9E-11,1.88E-11,1.87E-11,1.86E-11,1.84E-11,1.83E-11,1.82E-11,1.81E-11,1.8E-11,1.79E-11,1.78E-11,1.77E-11,1.76E-11,1.75E-11,1.74E-11,1.73E-11,1.72E-11,1.71E-11,1.7E-11,1.39E-11,1.55E-11,1.7E-11,1.86E-11,2E-11,2.13E-11,2.24E-11,2.34E-11,2.41E-11,2.48E-11,2.53E-11,2.57E-11,2.6E-11,2.63E-11,2.65E-11,2.66E-11,2.67E-11,2.68E-11,2.68E-11,2.69E-11,2.69E-11,2.69E-11,2.69E-11,2.69E-11,2.69E-11,2.68E-11,2.68E-11,2.67E-11,2.67E-11,2.66E-11,2.65E-11,2.65E-11,2.64E-11,2.63E-11,2.62E-11,2.6E-11,2.59E-11,2.58E-11,2.56E-11,2.55E-11,2.53E-11,2.51E-11,2.5E-11,2.48E-11,2.46E-11,2.44E-11,2.42E-11,2.41E-11,2.39E-11,2.37E-11,2.35E-11,2.33E-11,2.31E-11,2.29E-11,2.28E-11,2.26E-11,2.24E-11,2.22E-11,2.21E-11,2.19E-11,2.17E-11,2.16E-11,2.14E-11,2.13E-11,2.11E-11,2.1E-11,2.08E-11,2.07E-11,2.06E-11,2.04E-11,2.03E-11,2.02E-11,2.01E-11,2E-11,1.98E-11,1.97E-11,1.96E-11,1.95E-11,1.94E-11,1.93E-11,1.92E-11
nft,272000000,343000000,431000000,538000000,670000000,829000000,1020000000,1250000000,1520000000,1840000000,2210000000,2630000000,3110000000,3650000000,4240000000,4900000000,5600000000,6350000000,7130000000,7920000000,8720000000,9510000000,10300000000,11000000000,11700000000,12300000000,12900000000,13500000000,13900000000,14300000000,14700000000,15000000000,15300000000,15500000000,15700000000,15800000000,16000000000,16000000000,16100000000,16100000000,16200000000,16200000000,16200000000,16100000000,16100000000,16100000000,16000000000,15900000000,15900000000,15800000000,15700000000,15600000000,15500000000,15400000000,15300000000,15200000000,15100000000,15000000000,14900000000,14800000000,14700000000,14600000000,14400000000,14300000000,14200000000,14100000000,13900000000,13800000000,13700000000,13600000000,13400000000,13300000000,13200000000,13000000000,12900000000,12800000000,12700000000,12500000000,12400000000,12300000000,12100000000,148000000,185000000,228000000,280000000,342000000,415000000,499000000,597000000,710000000,838000000,984000000,1150000000,1330000000,1530000000,1750000000,1990000000,2230000000,2490000000,2750000000,3020000000,3280000000,3530000000,3780000000,4020000000,4240000000,4450000000,4640000000,4810000000,4970000000,5110000000,5240000000,5340000000,5440000000,5520000000,5580000000,5630000000,5680000000,5710000000,5730000000,5740000000,5750000000,5750000000,5750000000,5740000000,5720000000,5700000000,5680000000,5660000000,5630000000,5600000000,5570000000,5540000000,5510000000,5480000000,5440000000,5410000000,5370000000,5340000000,5300000000,5260000000,5230000000,5190000000,5150000000,5110000000,5070000000,5040000000,5000000000,4960000000,4920000000,4880000000,4850000000,4810000000,4770000000,4730000000,4690000000,4650000000,4610000000,4580000000,4540000000,4500000000,4460000000,118000000,144000000,174000000,209000000,250000000,297000000,350000000,411000000,480000000,559000000,646000000,742000000,847000000,960000000,1080000000,1210000000,1340000000,1470000000,1600000000,1730000000,1850000000,1980000000,2090000000,2200000000,2300000000,2400000000,2490000000,2570000000,2640000000,2700000000,2750000000,2800000000,2840000000,2870000000,2900000000,2910000000,2930000000,2940000000,2940000000,2950000000,2950000000,2940000000,2940000000,2930000000,2920000000,2910000000,2900000000,2880000000,2870000000,2850000000,2840000000,2820000000,2810000000,2790000000,2770000000,2760000000,2740000000,2720000000,2710000000,2690000000,2670000000,2650000000,2640000000,2620000000,2600000000,2580000000,2560000000,2550000000,2530000000,2510000000,2490000000,2480000000,2460000000,2440000000,2420000000,2400000000,2390000000,2370000000,2350000000,2330000000,2310000000,98900000,119000000,141000000,167000000,197000000,230000000,269000000,312000000,361000000,415000000,475000000,539000000,608000000,681000000,757000000,835000000,914000000,992000000,1070000000,1150000000,1220000000,1290000000,1350000000,1420000000,1470000000,1520000000,1570000000,1610000000,1650000000,1680000000,1710000000,1730000000,1750000000,1770000000,1780000000,1790000000,1790000000,1790000000,1790000000,1790000000,1790000000,1790000000,1780000000,1780000000,1770000000,1760000000,1750000000,1750000000,1740000000,1730000000,1720000000,1710000000,1700000000,1690000000,1680000000,1670000000,1660000000,1650000000,1640000000,1630000000,1620000000,1610000000,1600000000,1590000000,1580000000,1570000000,1560000000,1550000000,1540000000,1530000000,1520000000,1510000000,1500000000,1490000000,1480000000,1470000000,1460000000,1450000000,1440000000,1430000000,1420000000,82600000,97900000,115000000,135000000,158000000,183000000,212000000,245000000,281000000,321000000,364000000,410000000,459000000,509000000,561000000,614000000,666000000,718000000,768000000,817000000,864000000,908000000,950000000,989000000,1020000000,1060000000,1090000000,1110000000,1130000000,1150000000,1170000000,1180000000,1190000000,1200000000,1200000000,1210000000,1210000000,1210000000,1210000000,1210000000,1200000000,1200000000,1200000000,1190000000,1190000000,1180000000,1180000000,1170000000,1160000000,1160000000,1150000000,1150000000,1140000000,1130000000,1130000000,1120000000,1110000000,1110000000,1100000000,1100000000,1090000000,1080000000,1080000000,1070000000,1060000000,1060000000,1050000000,1040000000,1040000000,1030000000,1020000000,1020000000,1010000000,1000000000,997000000,990000000,984000000,977000000,970000000,963000000,957000000,69000000,81000000,94700000,110000000,128000000,148000000,171000000,196000000,224000000,254000000,287000000,321000000,357000000,394000000,431000000,469000000,506000000,542000000,578000000,612000000,644000000,675000000,703000000,729000000,753000000,775000000,793000000,810000000,824000000,836000000,845000000,853000000,859000000,863000000,866000000,868000000,868000000,868000000,867000000,865000000,863000000,860000000,857000000,853000000,850000000,846000000,842000000,838000000,834000000,830000000,825000000,821000000,817000000,812000000,808000000,803000000,799000000,795000000,790000000,786000000,781000000,777000000,772000000,768000000,763000000,759000000,754000000,750000000,745000000,741000000,736000000,732000000,727000000,723000000,718000000,713000000,709000000,704000000,699000000,694000000,690000000,57800000,67500000,78600000,91200000,106000000,122000000,140000000,160000000,182000000,205000000,231000000,257000000,284000000,312000000,341000000,369000000,396000000,423000000,450000000,475000000,498000000,520000000,541000000,560000000,577000000,592000000,605000000,617000000,626000000,634000000,641000000,646000000,649000000,652000000,654000000,654000000,654000000,654000000,652000000,651000000,649000000,647000000,644000000,642000000,639000000,636000000,633000000,630000000,627000000,624000000,621000000,617000000,614000000,611000000,608000000,604000000,601000000,598000000,595000000,591000000,588000000,585000000,582000000,578000000,575000000,572000000,569000000,565000000,562000000,559000000,555000000,552000000,549000000,545000000,542000000,538000000,535000000,531000000,528000000,524000000,521000000
ngm_id_ft,6710000000,8380000000,10400000000,12900000000,15900000000,19500000000,23800000000,28800000000,34600000000,41100000000,48500000000,56600000000,65300000000,74500000000,83900000000,93400000000,103000000000,111000000000,119000000000,126000000000,132000000000,136000000000,138000000000,140000000000,140000000000,139000000000,137000000000,134000000000,130000000000,126000000000,122000000000,117000000000,113000000000,108000000000,103000000000,98900000000,94400000000,90200000000,86100000000,82100000000,78400000000,74900000000,71500000000,68300000000,65300000000,62400000000,59700000000,57200000000,54800000000,52500000000,50300000000,48300000000,46300000000,44500000000,42700000000,41000000000,39400000000,37900000000,36500000000,35100000000,33800000000,32500000000,31300000000,30200000000,29100000000,28000000000,27000000000,26100000000,25100000000,24200000000,23400000000,22600000000,21800000000,21000000000,20300000000,19600000000,18900000000,18300000000,17700000000,17100000000,16500000000,3640000000,4490000000,5500000000,6700000000,8100000000,9710000000,11500000000,13600000000,15900000000,18400000000,21100000000,23900000000,26800000000,29800000000,32700000000,35500000000,38100000000,40500000000,42500000000,44200000000,45400000000,46300000000,46800000000,46900000000,46800000000,46300000000,45600000000,44700000000,43600000000,42400000000,41000000000,39700000000,38200000000,36800000000,35300000000,33900000000,32500000000,31100000000,29700000000,28400000000,27200000000,26000000000,24900000000,23800000000,22800000000,21800000000,20900000000,20000000000,19200000000,18400000000,17700000000,17000000000,16300000000,15700000000,15100000000,14500000000,14000000000,13400000000,13000000000,12500000000,12100000000,11600000000,11200000000,10900000000,10500000000,10100000000,9800000000,9480000000,9170000000,8870000000,8590000000,8310000000,8050000000,7800000000,7550000000,7320000000,7090000000,6880000000,6670000000,6460000000,6270000000,2850000000,3450000000,4140000000,4920000000,5810000000,6790000000,7880000000,9060000000,10300000000,11700000000,13100000000,14500000000,15900000000,17300000000,18600000000,19800000000,20800000000,21700000000,22400000000,22900000000,23300000000,23500000000,23500000000,23400000000,23200000000,22800000000,22400000000,21800000000,21200000000,20600000000,19900000000,19200000000,18500000000,17800000000,17100000000,16400000000,15700000000,15000000000,14400000000,13700000000,13100000000,12600000000,12000000000,11500000000,11000000000,10600000000,10200000000,9740000000,9350000000,8980000000,8640000000,8310000000,8000000000,7700000000,7420000000,7160000000,6910000000,6670000000,6440000000,6220000000,6010000000,5810000000,5620000000,5440000000,5270000000,5100000000,4940000000,4790000000,4640000000,4500000000,4360000000,4230000000,4110000000,3980000000,3870000000,3750000000,3640000000,3540000000,3440000000,3340000000,3240000000,2360000000,2800000000,3300000000,3850000000,4460000000,5130000000,5840000000,6610000000,7420000000,8250000000,9090000000,9910000000,10700000000,11500000000,12100000000,12700000000,13200000000,13600000000,13900000000,14100000000,14100000000,14200000000,14100000000,13900000000,13700000000,13500000000,13100000000,12800000000,12400000000,12000000000,11600000000,11200000000,10700000000,10300000000,9860000000,9440000000,9040000000,8650000000,8280000000,7920000000,7580000000,7260000000,6960000000,6670000000,6400000000,6140000000,5900000000,5660000000,5450000000,5240000000,5050000000,4860000000,4690000000,4520000000,4360000000,4210000000,4070000000,3930000000,3800000000,3680000000,3560000000,3450000000,3340000000,3240000000,3140000000,3040000000,2950000000,2860000000,2780000000,2700000000,2620000000,2540000000,2470000000,2400000000,2330000000,2260000000,2200000000,2140000000,2080000000,2020000000,1970000000,1950000000,2280000000,2650000000,3060000000,3500000000,3970000000,4480000000,5010000000,5560000000,6110000000,6650000000,7170000000,7660000000,8100000000,8480000000,8810000000,9070000000,9260000000,9390000000,9450000000,9460000000,9420000000,9330000000,9200000000,9030000000,8830000000,8600000000,8350000000,8080000000,7800000000,7520000000,7230000000,6940000000,6650000000,6370000000,6100000000,5840000000,5590000000,5350000000,5120000000,4910000000,4700000000,4510000000,4320000000,4150000000,3990000000,3830000000,3690000000,3550000000,3420000000,3290000000,3180000000,3070000000,2960000000,2860000000,2760000000,2670000000,2590000000,2500000000,2420000000,2350000000,2280000000,2210000000,2140000000,2080000000,2010000000,1960000000,1900000000,1840000000,1790000000,1740000000,1690000000,1640000000,1600000000,1550000000,1510000000,1470000000,1430000000,1390000000,1350000000,1320000000,1610000000,1870000000,2150000000,2460000000,2790000000,3140000000,3510000000,3900000000,4290000000,4680000000,5050000000,5400000000,5720000000,6010000000,6250000000,6440000000,6590000000,6700000000,6760000000,6780000000,6760000000,6710000000,6630000000,6520000000,6380000000,6230000000,6050000000,5870000000,5670000000,5470000000,5260000000,5050000000,4850000000,4640000000,4450000000,4260000000,4070000000,3900000000,3730000000,3580000000,3430000000,3280000000,3150000000,3030000000,2910000000,2790000000,2690000000,2590000000,2490000000,2400000000,2320000000,2240000000,2160000000,2090000000,2020000000,1950000000,1890000000,1830000000,1770000000,1720000000,1660000000,1610000000,1560000000,1520000000,1470000000,1430000000,1390000000,1350000000,1310000000,1280000000,1240000000,1210000000,1170000000,1140000000,1110000000,1080000000,1050000000,1020000000,995000000,968000000,943000000,1340000000,1540000000,1760000000,2000000000,2260000000,2530000000,2820000000,3110000000,3400000000,3680000000,3950000000,4200000000,4420000000,4620000000,4780000000,4910000000,5000000000,5060000000,5090000000,5100000000,5070000000,5020000000,4950000000,4860000000,4750000000,4620000000,4490000000,4340000000,4190000000,4040000000,3880000000,3730000000,3570000000,3420000000,3280000000,3130000000,3000000000,2870000000,2750000000,2640000000,2530000000,2420000000,2330000000,2230000000,2150000000,2070000000,1990000000,1910000000,1850000000,1780000000,1720000000,1660000000,1600000000,1550000000,1500000000,1450000000,1400000000,1360000000,1320000000,1280000000,1240000000,1200000000,1170000000,1130000000,1100000000,1070000000,1040000000,1010000000,982000000,955000000,928000000,903000000,879000000,855000000,832000000,810000000,788000000,767000000,747000000,728000000,709000000
"abs(OP(""/PM1"" ""vds""))",2.00E-01,2.00E-01,2.00E-01,2.00E-01,2.00E-01,2.00E-01,2.00E-01,2.00E-01,2.00E-01,2.00E-01,2.00E-01,2.00E-01,2.00E-01,2.00E-01,2.00E-01,2.00E-01,2.00E-01,2.00E-01,2.00E-01,2.00E-01,2.00E-01,2.00E-01,2.00E-01,2.00E-01,2.00E-01,2.00E-01,2.00E-01,2.00E-01,2.00E-01,2.00E-01,2.00E-01,2.00E-01,2.00E-01,2.00E-01,2.00E-01,2.00E-01,2.00E-01,2.00E-01,2.00E-01,2.00E-01,2.00E-01,2.00E-01,2.00E-01,2.00E-01,2.00E-01,2.00E-01,2.00E-01,2.00E-01,2.00E-01,2.00E-01,2.00E-01,2.00E-01,2.00E-01,2.00E-01,2.00E-01,2.00E-01,2.00E-01,2.00E-01,2.00E-01,2.00E-01,2.00E-01,2.00E-01,2.00E-01,2.00E-01,2.00E-01,2.00E-01,2.00E-01,2.00E-01,2.00E-01,2.00E-01,2.00E-01,2.00E-01,2.00E-01,2.00E-01,2.00E-01,2.00E-01,2.00E-01,2.00E-01,2.00E-01,2.00E-01,2.00E-01,2.00E-01,2.00E-01,2.00E-01,2.00E-01,2.00E-01,2.00E-01,2.00E-01,2.00E-01,2.00E-01,2.00E-01,2.00E-01,2.00E-01,2.00E-01,2.00E-01,2.00E-01,2.00E-01,2.00E-01,2.00E-01,2.00E-01,2.00E-01,2.00E-01,2.00E-01,2.00E-01,2.00E-01,2.00E-01,2.00E-01,2.00E-01,2.00E-01,2.00E-01,2.00E-01,2.00E-01,2.00E-01,2.00E-01,2.00E-01,2.00E-01,2.00E-01,2.00E-01,2.00E-01,2.00E-01,2.00E-01,2.00E-01,2.00E-01,2.00E-01,2.00E-01,2.00E-01,2.00E-01,2.00E-01,2.00E-01,2.00E-01,2.00E-01,2.00E-01,2.00E-01,2.00E-01,2.00E-01,2.00E-01,2.00E-01,2.00E-01,2.00E-01,2.00E-01,2.00E-01,2.00E-01,2.00E-01,2.00E-01,2.00E-01,2.00E-01,2.00E-01,2.00E-01,2.00E-01,2.00E-01,2.00E-01,2.00E-01,2.00E-01,2.00E-01,2.00E-01,2.00E-01,2.00E-01,2.00E-01,2.00E-01,2.00E-01,2.00E-01,2.00E-01,2.00E-01,2.00E-01,2.00E-01,2.00E-01,2.00E-01,2.00E-01,2.00E-01,2.00E-01,2.00E-01,2.00E-01,2.00E-01,2.00E-01,2.00E-01,2.00E-01,2.00E-01,2.00E-01,2.00E-01,2.00E-01,2.00E-01,2.00E-01,2.00E-01,2.00E-01,2.00E-01,2.00E-01,2.00E-01,2.00E-01,2.00E-01,2.00E-01,2.00E-01,2.00E-01,2.00E-01,2.00E-01,2.00E-01,2.00E-01,2.00E-01,2.00E-01,2.00E-01,2.00E-01,2.00E-01,2.00E-01,2.00E-01,2.00E-01,2.00E-01,2.00E-01,2.00E-01,2.00E-01,2.00E-01,2.00E-01,2.00E-01,2.00E-01,2.00E-01,2.00E-01,2.00E-01,2.00E-01,2.00E-01,2.00E-01,2.00E-01,2.00E-01,2.00E-01,2.00E-01,2.00E-01,2.00E-01,2.00E-01,2.00E-01,2.00E-01,2.00E-01,2.00E-01,2.00E-01,2.00E-01,2.00E-01,2.00E-01,2.00E-01,2.00E-01,2.00E-01,2.00E-01,2.00E-01,2.00E-01,2.00E-01,2.00E-01,2.00E-01,2.00E-01,2.00E-01,2.00E-01,2.00E-01,2.00E-01,2.00E-01,2.00E-01,2.00E-01,2.00E-01,2.00E-01,2.00E-01,2.00E-01,2.00E-01,2.00E-01,2.00E-01,2.00E-01,2.00E-01,2.00E-01,2.00E-01,2.00E-01,2.00E-01,2.00E-01,2.00E-01,2.00E-01,2.00E-01,2.00E-01,2.00E-01,2.00E-01,2.00E-01,2.00E-01,2.00E-01,2.00E-01,2.00E-01,2.00E-01,2.00E-01,2.00E-01,2.00E-01,2.00E-01,2.00E-01,2.00E-01,2.00E-01,2.00E-01,2.00E-01,2.00E-01,2.00E-01,2.00E-01,2.00E-01,2.00E-01,2.00E-01,2.00E-01,2.00E-01,2.00E-01,2.00E-01,2.00E-01,2.00E-01,2.00E-01,2.00E-01,2.00E-01,2.00E-01,2.00E-01,2.00E-01,2.00E-01,2.00E-01,2.00E-01,2.00E-01,2.00E-01,2.00E-01,2.00E-01,2.00E-01,2.00E-01,2.00E-01,2.00E-01,2.00E-01,2.00E-01,2.00E-01,2.00E-01,2.00E-01,2.00E-01,2.00E-01,2.00E-01,2.00E-01,2.00E-01,2.00E-01,2.00E-01,2.00E-01,2.00E-01,2.00E-01,2.00E-01,2.00E-01,2.00E-01,2.00E-01,2.00E-01,2.00E-01,2.00E-01,2.00E-01,2.00E-01,2.00E-01,2.00E-01,2.00E-01,2.00E-01,2.00E-01,2.00E-01,2.00E-01,2.00E-01,2.00E-01,2.00E-01,2.00E-01,2.00E-01,2.00E-01,2.00E-01,2.00E-01,2.00E-01,2.00E-01,2.00E-01,2.00E-01,2.00E-01,2.00E-01,2.00E-01,2.00E-01,2.00E-01,2.00E-01,2.00E-01,2.00E-01,2.00E-01,2.00E-01,2.00E-01,2.00E-01,2.00E-01,2.00E-01,2.00E-01,2.00E-01,2.00E-01,2.00E-01,2.00E-01,2.00E-01,2.00E-01,2.00E-01,2.00E-01,2.00E-01,2.00E-01,2.00E-01,2.00E-01,2.00E-01,2.00E-01,2.00E-01,2.00E-01,2.00E-01,2.00E-01,2.00E-01,2.00E-01,2.00E-01,2.00E-01,2.00E-01,2.00E-01,2.00E-01,2.00E-01,2.00E-01,2.00E-01,2.00E-01,2.00E-01,2.00E-01,2.00E-01,2.00E-01,2.00E-01,2.00E-01,2.00E-01,2.00E-01,2.00E-01,2.00E-01,2.00E-01,2.00E-01,2.00E-01,2.00E-01,2.00E-01,2.00E-01,2.00E-01,2.00E-01,2.00E-01,2.00E-01,2.00E-01,2.00E-01,2.00E-01,2.00E-01,2.00E-01,2.00E-01,2.00E-01,2.00E-01,2.00E-01,2.00E-01,2.00E-01,2.00E-01,2.00E-01,2.00E-01,2.00E-01,2.00E-01,2.00E-01,2.00E-01,2.00E-01,2.00E-01,2.00E-01,2.00E-01,2.00E-01,2.00E-01,2.00E-01,2.00E-01,2.00E-01,2.00E-01,2.00E-01,2.00E-01,2.00E-01,2.00E-01,2.00E-01,2.00E-01,2.00E-01,2.00E-01,2.00E-01,2.00E-01,2.00E-01,2.00E-01,2.00E-01,2.00E-01,2.00E-01,2.00E-01,2.00E-01,2.00E-01,2.00E-01,2.00E-01,2.00E-01,2.00E-01,2.00E-01,2.00E-01,2.00E-01,2.00E-01,2.00E-01,2.00E-01,2.00E-01,2.00E-01,2.00E-01,2.00E-01,2.00E-01,2.00E-01,2.00E-01,2.00E-01,2.00E-01,2.00E-01,2.00E-01,2.00E-01,2.00E-01,2.00E-01,2.00E-01,2.00E-01,2.00E-01,2.00E-01,2.00E-01,2.00E-01,2.00E-01,2.00E-01,2.00E-01,2.00E-01,2.00E-01,2.00E-01,2.00E-01,2.00E-01,2.00E-01,2.00E-01,2.00E-01,2.00E-01,2.00E-01,2.00E-01,2.00E-01,2.00E-01,2.00E-01,2.00E-01,2.00E-01,2.00E-01,2.00E-01,2.00E-01,2.00E-01,2.00E-01,2.00E-01,2.00E-01,2.00E-01,2.00E-01,2.00E-01,2.00E-01,2.00E-01,2.00E-01,2.00E-01,2.00E-01,2.00E-01,2.00E-01,2.00E-01,2.00E-01,2.00E-01,2.00E-01,2.00E-01,2.00E-01,2.00E-01,2.00E-01,2.00E-01,2.00E-01,2.00E-01,2.00E-01,2.00E-01,2.00E-01,2.00E-01,2.00E-01,2.00E-01,2.00E-01,2.00E-01,2.00E-01,2.00E-01,2.00E-01,2.00E-01,2.00E-01,2.00E-01,2.00E-01,2.00E-01,2.00E-01,2.00E-01,2.00E-01,2.00E-01,2.00E-01,2.00E-01,2.00E-01
"OP(""/PM1"" ""region"")",3,3,3,3,3,3,3,3,3,2,2,2,2,2,2,2,2,2,2,2,2,2,2,2,2,2,2,2,2,2,2,2,2,1,1,1,1,1,1,1,1,1,1,1,1,1,1,1,1,1,1,1,1,1,1,1,1,1,1,1,1,1,1,1,1,1,1,1,1,1,1,1,1,1,1,1,1,1,1,1,1,3,3,3,3,3,2,2,2,2,2,2,2,2,2,2,2,2,2,2,2,2,2,2,2,2,2,2,2,1,1,1,1,1,1,1,1,1,1,1,1,1,1,1,1,1,1,1,1,1,1,1,1,1,1,1,1,1,1,1,1,1,1,1,1,1,1,1,1,1,1,1,1,1,1,1,1,1,1,1,1,1,3,3,3,3,2,2,2,2,2,2,2,2,2,2,2,2,2,2,2,2,2,2,2,2,2,2,2,1,1,1,1,1,1,1,1,1,1,1,1,1,1,1,1,1,1,1,1,1,1,1,1,1,1,1,1,1,1,1,1,1,1,1,1,1,1,1,1,1,1,1,1,1,1,1,1,1,1,1,1,1,1,3,3,3,2,2,2,2,2,2,2,2,2,2,2,2,2,2,2,2,2,2,2,2,2,2,2,1,1,1,1,1,1,1,1,1,1,1,1,1,1,1,1,1,1,1,1,1,1,1,1,1,1,1,1,1,1,1,1,1,1,1,1,1,1,1,1,1,1,1,1,1,1,1,1,1,1,1,1,1,1,1,3,3,2,2,2,2,2,2,2,2,2,2,2,2,2,2,2,2,2,2,2,2,2,2,2,2,1,1,1,1,1,1,1,1,1,1,1,1,1,1,1,1,1,1,1,1,1,1,1,1,1,1,1,1,1,1,1,1,1,1,1,1,1,1,1,1,1,1,1,1,1,1,1,1,1,1,1,1,1,1,1,3,2,2,2,2,2,2,2,2,2,2,2,2,2,2,2,2,2,2,2,2,2,2,2,2,1,1,1,1,1,1,1,1,1,1,1,1,1,1,1,1,1,1,1,1,1,1,1,1,1,1,1,1,1,1,1,1,1,1,1,1,1,1,1,1,1,1,1,1,1,1,1,1,1,1,1,1,1,1,1,1,3,2,2,2,2,2,2,2,2,2,2,2,2,2,2,2,2,2,2,2,2,2,2,2,2,1,1,1,1,1,1,1,1,1,1,1,1,1,1,1,1,1,1,1,1,1,1,1,1,1,1,1,1,1,1,1,1,1,1,1,1,1,1,1,1,1,1,1,1,1,1,1,1,1,1,1,1,1,1,1,1
"abs(OP(""/PM1"" ""vgs""))",4.00E-01,4.10E-01,4.20E-01,4.30E-01,4.40E-01,4.50E-01,4.60E-01,4.70E-01,4.80E-01,4.90E-01,5.00E-01,5.10E-01,5.20E-01,5.30E-01,5.40E-01,5.50E-01,5.60E-01,5.70E-01,5.80E-01,5.90E-01,6.00E-01,6.10E-01,6.20E-01,6.30E-01,6.40E-01,6.50E-01,6.60E-01,6.70E-01,6.80E-01,6.90E-01,7.00E-01,7.10E-01,7.20E-01,7.30E-01,7.40E-01,7.50E-01,7.60E-01,7.70E-01,7.80E-01,7.90E-01,8.00E-01,8.10E-01,8.20E-01,8.30E-01,8.40E-01,8.50E-01,8.60E-01,8.70E-01,8.80E-01,8.90E-01,9.00E-01,9.10E-01,9.20E-01,9.30E-01,9.40E-01,9.50E-01,9.60E-01,9.70E-01,9.80E-01,9.90E-01,1,1.01,1.02,1.03,1.04,1.05,1.06,1.07,1.08,1.09,1.1,1.11,1.12,1.13,1.14,1.15,1.16,1.17,1.18,1.19,1.2,4.00E-01,4.10E-01,4.20E-01,4.30E-01,4.40E-01,4.50E-01,4.60E-01,4.70E-01,4.80E-01,4.90E-01,5.00E-01,5.10E-01,5.20E-01,5.30E-01,5.40E-01,5.50E-01,5.60E-01,5.70E-01,5.80E-01,5.90E-01,6.00E-01,6.10E-01,6.20E-01,6.30E-01,6.40E-01,6.50E-01,6.60E-01,6.70E-01,6.80E-01,6.90E-01,7.00E-01,7.10E-01,7.20E-01,7.30E-01,7.40E-01,7.50E-01,7.60E-01,7.70E-01,7.80E-01,7.90E-01,8.00E-01,8.10E-01,8.20E-01,8.30E-01,8.40E-01,8.50E-01,8.60E-01,8.70E-01,8.80E-01,8.90E-01,9.00E-01,9.10E-01,9.20E-01,9.30E-01,9.40E-01,9.50E-01,9.60E-01,9.70E-01,9.80E-01,9.90E-01,1,1.01,1.02,1.03,1.04,1.05,1.06,1.07,1.08,1.09,1.1,1.11,1.12,1.13,1.14,1.15,1.16,1.17,1.18,1.19,1.2,4.00E-01,4.10E-01,4.20E-01,4.30E-01,4.40E-01,4.50E-01,4.60E-01,4.70E-01,4.80E-01,4.90E-01,5.00E-01,5.10E-01,5.20E-01,5.30E-01,5.40E-01,5.50E-01,5.60E-01,5.70E-01,5.80E-01,5.90E-01,6.00E-01,6.10E-01,6.20E-01,6.30E-01,6.40E-01,6.50E-01,6.60E-01,6.70E-01,6.80E-01,6.90E-01,7.00E-01,7.10E-01,7.20E-01,7.30E-01,7.40E-01,7.50E-01,7.60E-01,7.70E-01,7.80E-01,7.90E-01,8.00E-01,8.10E-01,8.20E-01,8.30E-01,8.40E-01,8.50E-01,8.60E-01,8.70E-01,8.80E-01,8.90E-01,9.00E-01,9.10E-01,9.20E-01,9.30E-01,9.40E-01,9.50E-01,9.60E-01,9.70E-01,9.80E-01,9.90E-01,1,1.01,1.02,1.03,1.04,1.05,1.06,1.07,1.08,1.09,1.1,1.11,1.12,1.13,1.14,1.15,1.16,1.17,1.18,1.19,1.2,4.00E-01,4.10E-01,4.20E-01,4.30E-01,4.40E-01,4.50E-01,4.60E-01,4.70E-01,4.80E-01,4.90E-01,5.00E-01,5.10E-01,5.20E-01,5.30E-01,5.40E-01,5.50E-01,5.60E-01,5.70E-01,5.80E-01,5.90E-01,6.00E-01,6.10E-01,6.20E-01,6.30E-01,6.40E-01,6.50E-01,6.60E-01,6.70E-01,6.80E-01,6.90E-01,7.00E-01,7.10E-01,7.20E-01,7.30E-01,7.40E-01,7.50E-01,7.60E-01,7.70E-01,7.80E-01,7.90E-01,8.00E-01,8.10E-01,8.20E-01,8.30E-01,8.40E-01,8.50E-01,8.60E-01,8.70E-01,8.80E-01,8.90E-01,9.00E-01,9.10E-01,9.20E-01,9.30E-01,9.40E-01,9.50E-01,9.60E-01,9.70E-01,9.80E-01,9.90E-01,1,1.01,1.02,1.03,1.04,1.05,1.06,1.07,1.08,1.09,1.1,1.11,1.12,1.13,1.14,1.15,1.16,1.17,1.18,1.19,1.2,4.00E-01,4.10E-01,4.20E-01,4.30E-01,4.40E-01,4.50E-01,4.60E-01,4.70E-01,4.80E-01,4.90E-01,5.00E-01,5.10E-01,5.20E-01,5.30E-01,5.40E-01,5.50E-01,5.60E-01,5.70E-01,5.80E-01,5.90E-01,6.00E-01,6.10E-01,6.20E-01,6.30E-01,6.40E-01,6.50E-01,6.60E-01,6.70E-01,6.80E-01,6.90E-01,7.00E-01,7.10E-01,7.20E-01,7.30E-01,7.40E-01,7.50E-01,7.60E-01,7.70E-01,7.80E-01,7.90E-01,8.00E-01,8.10E-01,8.20E-01,8.30E-01,8.40E-01,8.50E-01,8.60E-01,8.70E-01,8.80E-01,8.90E-01,9.00E-01,9.10E-01,9.20E-01,9.30E-01,9.40E-01,9.50E-01,9.60E-01,9.70E-01,9.80E-01,9.90E-01,1,1.01,1.02,1.03,1.04,1.05,1.06,1.07,1.08,1.09,1.1,1.11,1.12,1.13,1.14,1.15,1.16,1.17,1.18,1.19,1.2,4.00E-01,4.10E-01,4.20E-01,4.30E-01,4.40E-01,4.50E-01,4.60E-01,4.70E-01,4.80E-01,4.90E-01,5.00E-01,5.10E-01,5.20E-01,5.30E-01,5.40E-01,5.50E-01,5.60E-01,5.70E-01,5.80E-01,5.90E-01,6.00E-01,6.10E-01,6.20E-01,6.30E-01,6.40E-01,6.50E-01,6.60E-01,6.70E-01,6.80E-01,6.90E-01,7.00E-01,7.10E-01,7.20E-01,7.30E-01,7.40E-01,7.50E-01,7.60E-01,7.70E-01,7.80E-01,7.90E-01,8.00E-01,8.10E-01,8.20E-01,8.30E-01,8.40E-01,8.50E-01,8.60E-01,8.70E-01,8.80E-01,8.90E-01,9.00E-01,9.10E-01,9.20E-01,9.30E-01,9.40E-01,9.50E-01,9.60E-01,9.70E-01,9.80E-01,9.90E-01,1,1.01,1.02,1.03,1.04,1.05,1.06,1.07,1.08,1.09,1.1,1.11,1.12,1.13,1.14,1.15,1.16,1.17,1.18,1.19,1.2,4.00E-01,4.10E-01,4.20E-01,4.30E-01,4.40E-01,4.50E-01,4.60E-01,4.70E-01,4.80E-01,4.90E-01,5.00E-01,5.10E-01,5.20E-01,5.30E-01,5.40E-01,5.50E-01,5.60E-01,5.70E-01,5.80E-01,5.90E-01,6.00E-01,6.10E-01,6.20E-01,6.30E-01,6.40E-01,6.50E-01,6.60E-01,6.70E-01,6.80E-01,6.90E-01,7.00E-01,7.10E-01,7.20E-01,7.30E-01,7.40E-01,7.50E-01,7.60E-01,7.70E-01,7.80E-01,7.90E-01,8.00E-01,8.10E-01,8.20E-01,8.30E-01,8.40E-01,8.50E-01,8.60E-01,8.70E-01,8.80E-01,8.90E-01,9.00E-01,9.10E-01,9.20E-01,9.30E-01,9.40E-01,9.50E-01,9.60E-01,9.70E-01,9.80E-01,9.90E-01,1,1.01,1.02,1.03,1.04,1.05,1.06,1.07,1.08,1.09,1.1,1.11,1.12,1.13,1.14,1.15,1.16,1.17,1.18,1.19,1.2
"abs(OP(""/PM1"" ""vth""))",4.85E-01,4.85E-01,4.85E-01,4.85E-01,4.85E-01,4.85E-01,4.85E-01,4.85E-01,4.85E-01,4.85E-01,4.85E-01,4.85E-01,4.85E-01,4.85E-01,4.85E-01,4.85E-01,4.85E-01,4.85E-01,4.85E-01,4.85E-01,4.85E-01,4.85E-01,4.85E-01,4.85E-01,4.85E-01,4.85E-01,4.85E-01,4.85E-01,4.85E-01,4.85E-01,4.85E-01,4.85E-01,4.85E-01,4.85E-01,4.85E-01,4.85E-01,4.85E-01,4.85E-01,4.85E-01,4.85E-01,4.85E-01,4.85E-01,4.85E-01,4.85E-01,4.85E-01,4.85E-01,4.85E-01,4.85E-01,4.85E-01,4.85E-01,4.85E-01,4.85E-01,4.85E-01,4.85E-01,4.85E-01,4.85E-01,4.85E-01,4.85E-01,4.85E-01,4.85E-01,4.85E-01,4.85E-01,4.85E-01,4.85E-01,4.85E-01,4.85E-01,4.85E-01,4.85E-01,4.85E-01,4.85E-01,4.85E-01,4.85E-01,4.85E-01,4.85E-01,4.85E-01,4.85E-01,4.85E-01,4.85E-01,4.85E-01,4.85E-01,4.85E-01,4.44E-01,4.44E-01,4.44E-01,4.44E-01,4.44E-01,4.44E-01,4.44E-01,4.44E-01,4.44E-01,4.44E-01,4.44E-01,4.44E-01,4.44E-01,4.44E-01,4.44E-01,4.44E-01,4.44E-01,4.44E-01,4.44E-01,4.44E-01,4.44E-01,4.44E-01,4.44E-01,4.44E-01,4.44E-01,4.44E-01,4.44E-01,4.44E-01,4.44E-01,4.44E-01,4.44E-01,4.44E-01,4.44E-01,4.44E-01,4.44E-01,4.44E-01,4.44E-01,4.44E-01,4.44E-01,4.44E-01,4.44E-01,4.44E-01,4.44E-01,4.44E-01,4.44E-01,4.44E-01,4.44E-01,4.44E-01,4.44E-01,4.44E-01,4.44E-01,4.44E-01,4.44E-01,4.44E-01,4.44E-01,4.44E-01,4.44E-01,4.44E-01,4.44E-01,4.44E-01,4.44E-01,4.44E-01,4.44E-01,4.44E-01,4.44E-01,4.44E-01,4.44E-01,4.44E-01,4.44E-01,4.44E-01,4.44E-01,4.44E-01,4.44E-01,4.44E-01,4.44E-01,4.44E-01,4.44E-01,4.44E-01,4.44E-01,4.44E-01,4.44E-01,4.31E-01,4.31E-01,4.31E-01,4.31E-01,4.31E-01,4.31E-01,4.31E-01,4.31E-01,4.31E-01,4.31E-01,4.31E-01,4.31E-01,4.31E-01,4.31E-01,4.31E-01,4.31E-01,4.31E-01,4.31E-01,4.31E-01,4.31E-01,4.31E-01,4.31E-01,4.31E-01,4.31E-01,4.31E-01,4.31E-01,4.31E-01,4.31E-01,4.31E-01,4.31E-01,4.31E-01,4.31E-01,4.31E-01,4.31E-01,4.31E-01,4.31E-01,4.31E-01,4.31E-01,4.31E-01,4.31E-01,4.31E-01,4.31E-01,4.31E-01,4.31E-01,4.31E-01,4.31E-01,4.31E-01,4.31E-01,4.31E-01,4.31E-01,4.31E-01,4.31E-01,4.31E-01,4.31E-01,4.31E-01,4.31E-01,4.31E-01,4.31E-01,4.31E-01,4.31E-01,4.31E-01,4.31E-01,4.31E-01,4.31E-01,4.31E-01,4.31E-01,4.31E-01,4.31E-01,4.31E-01,4.31E-01,4.31E-01,4.31E-01,4.31E-01,4.31E-01,4.31E-01,4.31E-01,4.31E-01,4.31E-01,4.31E-01,4.31E-01,4.31E-01,4.22E-01,4.22E-01,4.22E-01,4.22E-01,4.22E-01,4.22E-01,4.22E-01,4.22E-01,4.22E-01,4.22E-01,4.22E-01,4.22E-01,4.22E-01,4.22E-01,4.22E-01,4.22E-01,4.22E-01,4.22E-01,4.22E-01,4.22E-01,4.22E-01,4.22E-01,4.22E-01,4.22E-01,4.22E-01,4.22E-01,4.22E-01,4.22E-01,4.22E-01,4.22E-01,4.22E-01,4.22E-01,4.22E-01,4.22E-01,4.22E-01,4.22E-01,4.22E-01,4.22E-01,4.22E-01,4.22E-01,4.22E-01,4.22E-01,4.22E-01,4.22E-01,4.22E-01,4.22E-01,4.22E-01,4.22E-01,4.22E-01,4.22E-01,4.22E-01,4.22E-01,4.22E-01,4.22E-01,4.22E-01,4.22E-01,4.22E-01,4.22E-01,4.22E-01,4.22E-01,4.22E-01,4.22E-01,4.22E-01,4.22E-01,4.22E-01,4.22E-01,4.22E-01,4.22E-01,4.22E-01,4.22E-01,4.22E-01,4.22E-01,4.22E-01,4.22E-01,4.22E-01,4.22E-01,4.22E-01,4.22E-01,4.22E-01,4.22E-01,4.22E-01,4.15E-01,4.15E-01,4.15E-01,4.15E-01,4.15E-01,4.15E-01,4.15E-01,4.15E-01,4.15E-01,4.15E-01,4.15E-01,4.15E-01,4.15E-01,4.15E-01,4.15E-01,4.15E-01,4.15E-01,4.15E-01,4.15E-01,4.15E-01,4.15E-01,4.15E-01,4.15E-01,4.15E-01,4.15E-01,4.15E-01,4.15E-01,4.15E-01,4.15E-01,4.15E-01,4.15E-01,4.15E-01,4.15E-01,4.15E-01,4.15E-01,4.15E-01,4.15E-01,4.15E-01,4.15E-01,4.15E-01,4.15E-01,4.15E-01,4.15E-01,4.15E-01,4.15E-01,4.15E-01,4.15E-01,4.15E-01,4.15E-01,4.15E-01,4.15E-01,4.15E-01,4.15E-01,4.15E-01,4.15E-01,4.15E-01,4.15E-01,4.15E-01,4.15E-01,4.15E-01,4.15E-01,4.15E-01,4.15E-01,4.15E-01,4.15E-01,4.15E-01,4.15E-01,4.15E-01,4.15E-01,4.15E-01,4.15E-01,4.15E-01,4.15E-01,4.15E-01,4.15E-01,4.15E-01,4.15E-01,4.15E-01,4.15E-01,4.15E-01,4.15E-01,4.10E-01,4.10E-01,4.10E-01,4.10E-01,4.10E-01,4.10E-01,4.10E-01,4.10E-01,4.10E-01,4.10E-01,4.10E-01,4.10E-01,4.10E-01,4.10E-01,4.10E-01,4.10E-01,4.10E-01,4.10E-01,4.10E-01,4.10E-01,4.10E-01,4.10E-01,4.10E-01,4.10E-01,4.10E-01,4.10E-01,4.10E-01,4.10E-01,4.10E-01,4.10E-01,4.10E-01,4.10E-01,4.10E-01,4.10E-01,4.10E-01,4.10E-01,4.10E-01,4.10E-01,4.10E-01,4.10E-01,4.10E-01,4.10E-01,4.10E-01,4.10E-01,4.10E-01,4.10E-01,4.10E-01,4.10E-01,4.10E-01,4.10E-01,4.10E-01,4.10E-01,4.10E-01,4.10E-01,4.10E-01,4.10E-01,4.10E-01,4.10E-01,4.10E-01,4.10E-01,4.10E-01,4.10E-01,4.10E-01,4.10E-01,4.10E-01,4.10E-01,4.10E-01,4.10E-01,4.10E-01,4.10E-01,4.10E-01,4.10E-01,4.10E-01,4.10E-01,4.10E-01,4.10E-01,4.10E-01,4.10E-01,4.10E-01,4.10E-01,4.10E-01,4.06E-01,4.06E-01,4.06E-01,4.06E-01,4.06E-01,4.06E-01,4.06E-01,4.06E-01,4.06E-01,4.06E-01,4.06E-01,4.06E-01,4.06E-01,4.06E-01,4.06E-01,4.06E-01,4.06E-01,4.06E-01,4.06E-01,4.06E-01,4.06E-01,4.06E-01,4.06E-01,4.06E-01,4.06E-01,4.06E-01,4.06E-01,4.06E-01,4.06E-01,4.06E-01,4.06E-01,4.06E-01,4.06E-01,4.06E-01,4.06E-01,4.06E-01,4.06E-01,4.06E-01,4.06E-01,4.06E-01,4.06E-01,4.06E-01,4.06E-01,4.06E-01,4.06E-01,4.06E-01,4.06E-01,4.06E-01,4.06E-01,4.06E-01,4.06E-01,4.06E-01,4.06E-01,4.06E-01,4.06E-01,4.06E-01,4.06E-01,4.06E-01,4.06E-01,4.06E-01,4.06E-01,4.06E-01,4.06E-01,4.06E-01,4.06E-01,4.06E-01,4.06E-01,4.06E-01,4.06E-01,4.06E-01,4.06E-01,4.06E-01,4.06E-01,4.06E-01,4.06E-01,4.06E-01,4.06E-01,4.06E-01,4.06E-01,4.06E-01,4.06E-01
pov,8.52E-02,7.52E-02,6.52E-02,5.52E-02,4.52E-02,3.52E-02,2.52E-02,1.52E-02,5.16E-03,-4.84E-03,-1.48E-02,-2.48E-02,-3.48E-02,-4.48E-02,-5.48E-02,-6.48E-02,-7.48E-02,-8.48E-02,-9.48E-02,-1.05E-01,-1.15E-01,-1.25E-01,-1.35E-01,-1.45E-01,-1.55E-01,-1.65E-01,-1.75E-01,-1.85E-01,-1.95E-01,-2.05E-01,-2.15E-01,-2.25E-01,-2.35E-01,-2.45E-01,-2.55E-01,-2.65E-01,-2.75E-01,-2.85E-01,-2.95E-01,-3.05E-01,-3.15E-01,-3.25E-01,-3.35E-01,-3.45E-01,-3.55E-01,-3.65E-01,-3.75E-01,-3.85E-01,-3.95E-01,-4.05E-01,-4.15E-01,-4.25E-01,-4.35E-01,-4.45E-01,-4.55E-01,-4.65E-01,-4.75E-01,-4.85E-01,-4.95E-01,-5.05E-01,-5.15E-01,-5.25E-01,-5.35E-01,-5.45E-01,-5.55E-01,-5.65E-01,-5.75E-01,-5.85E-01,-5.95E-01,-6.05E-01,-6.15E-01,-6.25E-01,-6.35E-01,-6.45E-01,-6.55E-01,-6.65E-01,-6.75E-01,-6.85E-01,-6.95E-01,-7.05E-01,-7.15E-01,4.36E-02,3.36E-02,2.36E-02,1.36E-02,3.55E-03,-6.45E-03,-1.65E-02,-2.65E-02,-3.65E-02,-4.65E-02,-5.65E-02,-6.65E-02,-7.65E-02,-8.65E-02,-9.65E-02,-1.07E-01,-1.17E-01,-1.27E-01,-1.37E-01,-1.47E-01,-1.57E-01,-1.67E-01,-1.77E-01,-1.87E-01,-1.97E-01,-2.07E-01,-2.17E-01,-2.27E-01,-2.37E-01,-2.47E-01,-2.57E-01,-2.67E-01,-2.77E-01,-2.87E-01,-2.97E-01,-3.07E-01,-3.17E-01,-3.27E-01,-3.37E-01,-3.47E-01,-3.57E-01,-3.67E-01,-3.77E-01,-3.87E-01,-3.97E-01,-4.07E-01,-4.17E-01,-4.27E-01,-4.37E-01,-4.47E-01,-4.57E-01,-4.67E-01,-4.77E-01,-4.87E-01,-4.97E-01,-5.07E-01,-5.17E-01,-5.27E-01,-5.37E-01,-5.47E-01,-5.57E-01,-5.67E-01,-5.77E-01,-5.87E-01,-5.97E-01,-6.07E-01,-6.17E-01,-6.27E-01,-6.37E-01,-6.47E-01,-6.57E-01,-6.67E-01,-6.77E-01,-6.87E-01,-6.97E-01,-7.07E-01,-7.17E-01,-7.27E-01,-7.37E-01,-7.47E-01,-7.57E-01,3.07E-02,2.07E-02,1.07E-02,7.31E-04,-9.27E-03,-1.93E-02,-2.93E-02,-3.93E-02,-4.93E-02,-5.93E-02,-6.93E-02,-7.93E-02,-8.93E-02,-9.93E-02,-1.09E-01,-1.19E-01,-1.29E-01,-1.39E-01,-1.49E-01,-1.59E-01,-1.69E-01,-1.79E-01,-1.89E-01,-1.99E-01,-2.09E-01,-2.19E-01,-2.29E-01,-2.39E-01,-2.49E-01,-2.59E-01,-2.69E-01,-2.79E-01,-2.89E-01,-2.99E-01,-3.09E-01,-3.19E-01,-3.29E-01,-3.39E-01,-3.49E-01,-3.59E-01,-3.69E-01,-3.79E-01,-3.89E-01,-3.99E-01,-4.09E-01,-4.19E-01,-4.29E-01,-4.39E-01,-4.49E-01,-4.59E-01,-4.69E-01,-4.79E-01,-4.89E-01,-4.99E-01,-5.09E-01,-5.19E-01,-5.29E-01,-5.39E-01,-5.49E-01,-5.59E-01,-5.69E-01,-5.79E-01,-5.89E-01,-5.99E-01,-6.09E-01,-6.19E-01,-6.29E-01,-6.39E-01,-6.49E-01,-6.59E-01,-6.69E-01,-6.79E-01,-6.89E-01,-6.99E-01,-7.09E-01,-7.19E-01,-7.29E-01,-7.39E-01,-7.49E-01,-7.59E-01,-7.69E-01,2.16E-02,1.16E-02,1.63E-03,-8.37E-03,-1.84E-02,-2.84E-02,-3.84E-02,-4.84E-02,-5.84E-02,-6.84E-02,-7.84E-02,-8.84E-02,-9.84E-02,-1.08E-01,-1.18E-01,-1.28E-01,-1.38E-01,-1.48E-01,-1.58E-01,-1.68E-01,-1.78E-01,-1.88E-01,-1.98E-01,-2.08E-01,-2.18E-01,-2.28E-01,-2.38E-01,-2.48E-01,-2.58E-01,-2.68E-01,-2.78E-01,-2.88E-01,-2.98E-01,-3.08E-01,-3.18E-01,-3.28E-01,-3.38E-01,-3.48E-01,-3.58E-01,-3.68E-01,-3.78E-01,-3.88E-01,-3.98E-01,-4.08E-01,-4.18E-01,-4.28E-01,-4.38E-01,-4.48E-01,-4.58E-01,-4.68E-01,-4.78E-01,-4.88E-01,-4.98E-01,-5.08E-01,-5.18E-01,-5.28E-01,-5.38E-01,-5.48E-01,-5.58E-01,-5.68E-01,-5.78E-01,-5.88E-01,-5.98E-01,-6.08E-01,-6.18E-01,-6.28E-01,-6.38E-01,-6.48E-01,-6.58E-01,-6.68E-01,-6.78E-01,-6.88E-01,-6.98E-01,-7.08E-01,-7.18E-01,-7.28E-01,-7.38E-01,-7.48E-01,-7.58E-01,-7.68E-01,-7.78E-01,1.49E-02,4.93E-03,-5.08E-03,-1.51E-02,-2.51E-02,-3.51E-02,-4.51E-02,-5.51E-02,-6.51E-02,-7.51E-02,-8.51E-02,-9.51E-02,-1.05E-01,-1.15E-01,-1.25E-01,-1.35E-01,-1.45E-01,-1.55E-01,-1.65E-01,-1.75E-01,-1.85E-01,-1.95E-01,-2.05E-01,-2.15E-01,-2.25E-01,-2.35E-01,-2.45E-01,-2.55E-01,-2.65E-01,-2.75E-01,-2.85E-01,-2.95E-01,-3.05E-01,-3.15E-01,-3.25E-01,-3.35E-01,-3.45E-01,-3.55E-01,-3.65E-01,-3.75E-01,-3.85E-01,-3.95E-01,-4.05E-01,-4.15E-01,-4.25E-01,-4.35E-01,-4.45E-01,-4.55E-01,-4.65E-01,-4.75E-01,-4.85E-01,-4.95E-01,-5.05E-01,-5.15E-01,-5.25E-01,-5.35E-01,-5.45E-01,-5.55E-01,-5.65E-01,-5.75E-01,-5.85E-01,-5.95E-01,-6.05E-01,-6.15E-01,-6.25E-01,-6.35E-01,-6.45E-01,-6.55E-01,-6.65E-01,-6.75E-01,-6.85E-01,-6.95E-01,-7.05E-01,-7.15E-01,-7.25E-01,-7.35E-01,-7.45E-01,-7.55E-01,-7.65E-01,-7.75E-01,-7.85E-01,9.92E-03,-7.58E-05,-1.01E-02,-2.01E-02,-3.01E-02,-4.01E-02,-5.01E-02,-6.01E-02,-7.01E-02,-8.01E-02,-9.01E-02,-1.00E-01,-1.10E-01,-1.20E-01,-1.30E-01,-1.40E-01,-1.50E-01,-1.60E-01,-1.70E-01,-1.80E-01,-1.90E-01,-2.00E-01,-2.10E-01,-2.20E-01,-2.30E-01,-2.40E-01,-2.50E-01,-2.60E-01,-2.70E-01,-2.80E-01,-2.90E-01,-3.00E-01,-3.10E-01,-3.20E-01,-3.30E-01,-3.40E-01,-3.50E-01,-3.60E-01,-3.70E-01,-3.80E-01,-3.90E-01,-4.00E-01,-4.10E-01,-4.20E-01,-4.30E-01,-4.40E-01,-4.50E-01,-4.60E-01,-4.70E-01,-4.80E-01,-4.90E-01,-5.00E-01,-5.10E-01,-5.20E-01,-5.30E-01,-5.40E-01,-5.50E-01,-5.60E-01,-5.70E-01,-5.80E-01,-5.90E-01,-6.00E-01,-6.10E-01,-6.20E-01,-6.30E-01,-6.40E-01,-6.50E-01,-6.60E-01,-6.70E-01,-6.80E-01,-6.90E-01,-7.00E-01,-7.10E-01,-7.20E-01,-7.30E-01,-7.40E-01,-7.50E-01,-7.60E-01,-7.70E-01,-7.80E-01,-7.90E-01,6.12E-03,-3.88E-03,-1.39E-02,-2.39E-02,-3.39E-02,-4.39E-02,-5.39E-02,-6.39E-02,-7.39E-02,-8.39E-02,-9.39E-02,-1.04E-01,-1.14E-01,-1.24E-01,-1.34E-01,-1.44E-01,-1.54E-01,-1.64E-01,-1.74E-01,-1.84E-01,-1.94E-01,-2.04E-01,-2.14E-01,-2.24E-01,-2.34E-01,-2.44E-01,-2.54E-01,-2.64E-01,-2.74E-01,-2.84E-01,-2.94E-01,-3.04E-01,-3.14E-01,-3.24E-01,-3.34E-01,-3.44E-01,-3.54E-01,-3.64E-01,-3.74E-01,-3.84E-01,-3.94E-01,-4.04E-01,-4.14E-01,-4.24E-01,-4.34E-01,-4.44E-01,-4.54E-01,-4.64E-01,-4.74E-01,-4.84E-01,-4.94E-01,-5.04E-01,-5.14E-01,-5.24E-01,-5.34E-01,-5.44E-01,-5.54E-01,-5.64E-01,-5.74E-01,-5.84E-01,-5.94E-01,-6.04E-01,-6.14E-01,-6.24E-01,-6.34E-01,-6.44E-01,-6.54E-01,-6.64E-01,-6.74E-01,-6.84E-01,-6.94E-01,-7.04E-01,-7.14E-01,-7.24E-01,-7.34E-01,-7.44E-01,-7.54E-01,-7.64E-01,-7.74E-01,-7.84E-01,-7.94E-01
pgm,8.57E-03,1.07E-02,1.33E-02,1.65E-02,2.05E-02,2.53E-02,3.12E-02,3.82E-02,4.66E-02,5.65E-02,6.79E-02,8.11E-02,9.59E-02,1.12E-01,1.30E-01,1.50E-01,1.70E-01,1.92E-01,2.14E-01,2.36E-01,2.58E-01,2.80E-01,3.01E-01,3.21E-01,3.39E-01,3.57E-01,3.73E-01,3.87E-01,4.00E-01,4.10E-01,4.20E-01,4.27E-01,4.33E-01,4.38E-01,4.42E-01,4.44E-01,4.46E-01,4.46E-01,4.46E-01,4.45E-01,4.44E-01,4.43E-01,4.41E-01,4.39E-01,4.37E-01,4.34E-01,4.32E-01,4.29E-01,4.27E-01,4.24E-01,4.22E-01,4.19E-01,4.16E-01,4.13E-01,4.11E-01,4.08E-01,4.05E-01,4.03E-01,4.00E-01,3.98E-01,3.95E-01,3.92E-01,3.90E-01,3.87E-01,3.85E-01,3.82E-01,3.80E-01,3.77E-01,3.75E-01,3.72E-01,3.70E-01,3.67E-01,3.65E-01,3.62E-01,3.60E-01,3.57E-01,3.55E-01,3.53E-01,3.50E-01,3.48E-01,3.46E-01,7.83E-03,9.70E-03,1.20E-02,1.47E-02,1.80E-02,2.19E-02,2.64E-02,3.16E-02,3.75E-02,4.40E-02,5.12E-02,5.90E-02,6.73E-02,7.61E-02,8.51E-02,9.43E-02,1.04E-01,1.13E-01,1.22E-01,1.31E-01,1.39E-01,1.47E-01,1.54E-01,1.61E-01,1.67E-01,1.73E-01,1.77E-01,1.81E-01,1.85E-01,1.87E-01,1.89E-01,1.91E-01,1.92E-01,1.93E-01,1.93E-01,1.93E-01,1.93E-01,1.93E-01,1.93E-01,1.92E-01,1.91E-01,1.91E-01,1.90E-01,1.89E-01,1.88E-01,1.87E-01,1.87E-01,1.86E-01,1.85E-01,1.84E-01,1.83E-01,1.82E-01,1.81E-01,1.80E-01,1.79E-01,1.78E-01,1.78E-01,1.77E-01,1.76E-01,1.75E-01,1.74E-01,1.73E-01,1.72E-01,1.71E-01,1.70E-01,1.70E-01,1.69E-01,1.68E-01,1.67E-01,1.66E-01,1.65E-01,1.64E-01,1.64E-01,1.63E-01,1.62E-01,1.61E-01,1.60E-01,1.59E-01,1.59E-01,1.58E-01,1.57E-01,6.24E-03,7.70E-03,9.47E-03,1.16E-02,1.40E-02,1.69E-02,2.02E-02,2.39E-02,2.81E-02,3.26E-02,3.76E-02,4.28E-02,4.83E-02,5.39E-02,5.97E-02,6.55E-02,7.13E-02,7.70E-02,8.26E-02,8.79E-02,9.29E-02,9.76E-02,1.02E-01,1.06E-01,1.09E-01,1.13E-01,1.15E-01,1.17E-01,1.19E-01,1.21E-01,1.22E-01,1.22E-01,1.23E-01,1.23E-01,1.23E-01,1.23E-01,1.23E-01,1.23E-01,1.23E-01,1.23E-01,1.22E-01,1.22E-01,1.21E-01,1.21E-01,1.20E-01,1.20E-01,1.19E-01,1.19E-01,1.18E-01,1.18E-01,1.17E-01,1.17E-01,1.16E-01,1.16E-01,1.15E-01,1.15E-01,1.14E-01,1.14E-01,1.13E-01,1.12E-01,1.12E-01,1.11E-01,1.11E-01,1.10E-01,1.10E-01,1.09E-01,1.09E-01,1.08E-01,1.08E-01,1.07E-01,1.07E-01,1.06E-01,1.06E-01,1.05E-01,1.05E-01,1.04E-01,1.04E-01,1.03E-01,1.03E-01,1.02E-01,1.02E-01,5.41E-03,6.66E-03,8.14E-03,9.89E-03,1.19E-02,1.43E-02,1.69E-02,1.99E-02,2.32E-02,2.67E-02,3.04E-02,3.44E-02,3.85E-02,4.27E-02,4.69E-02,5.12E-02,5.54E-02,5.94E-02,6.34E-02,6.71E-02,7.06E-02,7.39E-02,7.69E-02,7.96E-02,8.19E-02,8.40E-02,8.57E-02,8.71E-02,8.83E-02,8.92E-02,8.99E-02,9.03E-02,9.06E-02,9.08E-02,9.09E-02,9.08E-02,9.07E-02,9.06E-02,9.03E-02,9.01E-02,8.98E-02,8.95E-02,8.92E-02,8.88E-02,8.85E-02,8.81E-02,8.77E-02,8.74E-02,8.70E-02,8.66E-02,8.63E-02,8.59E-02,8.55E-02,8.51E-02,8.48E-02,8.44E-02,8.40E-02,8.36E-02,8.33E-02,8.29E-02,8.25E-02,8.22E-02,8.18E-02,8.15E-02,8.11E-02,8.07E-02,8.04E-02,8.00E-02,7.97E-02,7.93E-02,7.89E-02,7.86E-02,7.82E-02,7.79E-02,7.75E-02,7.72E-02,7.68E-02,7.65E-02,7.61E-02,7.58E-02,7.55E-02,4.84E-03,5.93E-03,7.23E-03,8.74E-03,1.05E-02,1.25E-02,1.47E-02,1.72E-02,1.99E-02,2.28E-02,2.58E-02,2.90E-02,3.23E-02,3.56E-02,3.90E-02,4.23E-02,4.55E-02,4.87E-02,5.17E-02,5.46E-02,5.72E-02,5.97E-02,6.20E-02,6.39E-02,6.57E-02,6.72E-02,6.84E-02,6.95E-02,7.03E-02,7.09E-02,7.13E-02,7.16E-02,7.18E-02,7.19E-02,7.19E-02,7.19E-02,7.18E-02,7.16E-02,7.15E-02,7.13E-02,7.10E-02,7.08E-02,7.05E-02,7.03E-02,7.00E-02,6.97E-02,6.94E-02,6.91E-02,6.89E-02,6.86E-02,6.83E-02,6.80E-02,6.77E-02,6.74E-02,6.71E-02,6.68E-02,6.65E-02,6.63E-02,6.60E-02,6.57E-02,6.54E-02,6.51E-02,6.48E-02,6.46E-02,6.43E-02,6.40E-02,6.37E-02,6.35E-02,6.32E-02,6.29E-02,6.26E-02,6.24E-02,6.21E-02,6.18E-02,6.15E-02,6.13E-02,6.10E-02,6.07E-02,6.05E-02,6.02E-02,5.99E-02,4.39E-03,5.36E-03,6.51E-03,7.85E-03,9.38E-03,1.11E-02,1.31E-02,1.52E-02,1.75E-02,1.99E-02,2.25E-02,2.51E-02,2.79E-02,3.06E-02,3.34E-02,3.61E-02,3.87E-02,4.13E-02,4.38E-02,4.61E-02,4.82E-02,5.02E-02,5.19E-02,5.35E-02,5.49E-02,5.60E-02,5.70E-02,5.78E-02,5.84E-02,5.88E-02,5.92E-02,5.94E-02,5.95E-02,5.96E-02,5.96E-02,5.95E-02,5.94E-02,5.93E-02,5.91E-02,5.90E-02,5.88E-02,5.86E-02,5.84E-02,5.81E-02,5.79E-02,5.77E-02,5.75E-02,5.72E-02,5.70E-02,5.67E-02,5.65E-02,5.63E-02,5.60E-02,5.58E-02,5.56E-02,5.53E-02,5.51E-02,5.49E-02,5.46E-02,5.44E-02,5.42E-02,5.39E-02,5.37E-02,5.35E-02,5.33E-02,5.30E-02,5.28E-02,5.26E-02,5.24E-02,5.21E-02,5.19E-02,5.17E-02,5.15E-02,5.12E-02,5.10E-02,5.08E-02,5.06E-02,5.04E-02,5.01E-02,4.99E-02,4.97E-02,4.01E-03,4.89E-03,5.92E-03,7.12E-03,8.48E-03,1.00E-02,1.17E-02,1.36E-02,1.56E-02,1.77E-02,1.99E-02,2.22E-02,2.45E-02,2.69E-02,2.92E-02,3.15E-02,3.37E-02,3.59E-02,3.79E-02,3.99E-02,4.16E-02,4.33E-02,4.47E-02,4.60E-02,4.71E-02,4.81E-02,4.88E-02,4.94E-02,4.99E-02,5.03E-02,5.05E-02,5.07E-02,5.08E-02,5.08E-02,5.08E-02,5.08E-02,5.07E-02,5.06E-02,5.04E-02,5.03E-02,5.01E-02,4.99E-02,4.98E-02,4.96E-02,4.94E-02,4.92E-02,4.90E-02,4.88E-02,4.86E-02,4.84E-02,4.82E-02,4.80E-02,4.78E-02,4.76E-02,4.74E-02,4.72E-02,4.70E-02,4.68E-02,4.66E-02,4.64E-02,4.62E-02,4.60E-02,4.59E-02,4.57E-02,4.55E-02,4.53E-02,4.51E-02,4.49E-02,4.47E-02,4.45E-02,4.43E-02,4.41E-02,4.39E-02,4.38E-02,4.36E-02,4.34E-02,4.32E-02,4.30E-02,4.28E-02,4.27E-02,4.25E-02
"abs(OP(""/PM1"" ""id""))",3.74E-04,4.70E-04,5.90E-04,7.38E-04,9.23E-04,1.15E-03,1.43E-03,1.78E-03,2.20E-03,2.72E-03,3.34E-03,4.08E-03,4.96E-03,6.00E-03,7.22E-03,8.62E-03,1.02E-02,1.20E-02,1.41E-02,1.63E-02,1.88E-02,2.15E-02,2.44E-02,2.75E-02,3.08E-02,3.43E-02,3.79E-02,4.17E-02,4.56E-02,4.97E-02,5.38E-02,5.81E-02,6.24E-02,6.67E-02,7.11E-02,7.56E-02,8.00E-02,8.45E-02,8.89E-02,9.34E-02,9.79E-02,1.02E-01,1.07E-01,1.11E-01,1.16E-01,1.20E-01,1.24E-01,1.29E-01,1.33E-01,1.37E-01,1.41E-01,1.45E-01,1.50E-01,1.54E-01,1.58E-01,1.62E-01,1.66E-01,1.70E-01,1.74E-01,1.78E-01,1.82E-01,1.86E-01,1.90E-01,1.94E-01,1.98E-01,2.02E-01,2.05E-01,2.09E-01,2.13E-01,2.17E-01,2.20E-01,2.24E-01,2.28E-01,2.31E-01,2.35E-01,2.38E-01,2.42E-01,2.46E-01,2.49E-01,2.53E-01,2.56E-01,3.47E-04,4.35E-04,5.43E-04,6.76E-04,8.39E-04,1.04E-03,1.28E-03,1.57E-03,1.91E-03,2.32E-03,2.80E-03,3.35E-03,3.98E-03,4.69E-03,5.50E-03,6.40E-03,7.39E-03,8.47E-03,9.64E-03,1.09E-02,1.23E-02,1.37E-02,1.52E-02,1.68E-02,1.84E-02,2.01E-02,2.19E-02,2.36E-02,2.55E-02,2.73E-02,2.92E-02,3.11E-02,3.30E-02,3.50E-02,3.69E-02,3.88E-02,4.08E-02,4.27E-02,4.46E-02,4.65E-02,4.84E-02,5.04E-02,5.23E-02,5.42E-02,5.60E-02,5.79E-02,5.98E-02,6.16E-02,6.35E-02,6.53E-02,6.72E-02,6.90E-02,7.08E-02,7.26E-02,7.44E-02,7.62E-02,7.80E-02,7.98E-02,8.15E-02,8.33E-02,8.50E-02,8.67E-02,8.85E-02,9.02E-02,9.19E-02,9.36E-02,9.53E-02,9.70E-02,9.86E-02,1.00E-01,1.02E-01,1.04E-01,1.05E-01,1.07E-01,1.09E-01,1.10E-01,1.12E-01,1.13E-01,1.15E-01,1.17E-01,1.18E-01,2.79E-04,3.49E-04,4.34E-04,5.39E-04,6.67E-04,8.21E-04,1.01E-03,1.23E-03,1.49E-03,1.79E-03,2.14E-03,2.54E-03,3.00E-03,3.51E-03,4.08E-03,4.70E-03,5.39E-03,6.13E-03,6.93E-03,7.78E-03,8.68E-03,9.64E-03,1.06E-02,1.17E-02,1.28E-02,1.39E-02,1.50E-02,1.62E-02,1.73E-02,1.85E-02,1.98E-02,2.10E-02,2.22E-02,2.34E-02,2.47E-02,2.59E-02,2.71E-02,2.84E-02,2.96E-02,3.08E-02,3.20E-02,3.33E-02,3.45E-02,3.57E-02,3.69E-02,3.81E-02,3.93E-02,4.05E-02,4.17E-02,4.28E-02,4.40E-02,4.52E-02,4.64E-02,4.75E-02,4.87E-02,4.98E-02,5.10E-02,5.21E-02,5.32E-02,5.44E-02,5.55E-02,5.66E-02,5.77E-02,5.88E-02,5.99E-02,6.10E-02,6.21E-02,6.32E-02,6.43E-02,6.53E-02,6.64E-02,6.75E-02,6.85E-02,6.96E-02,7.06E-02,7.17E-02,7.27E-02,7.38E-02,7.48E-02,7.58E-02,7.68E-02,2.44E-04,3.04E-04,3.78E-04,4.68E-04,5.77E-04,7.08E-04,8.63E-04,1.05E-03,1.26E-03,1.51E-03,1.80E-03,2.12E-03,2.49E-03,2.89E-03,3.34E-03,3.83E-03,4.36E-03,4.94E-03,5.55E-03,6.20E-03,6.89E-03,7.62E-03,8.37E-03,9.15E-03,9.96E-03,1.08E-02,1.16E-02,1.25E-02,1.34E-02,1.43E-02,1.52E-02,1.61E-02,1.70E-02,1.79E-02,1.88E-02,1.97E-02,2.06E-02,2.15E-02,2.24E-02,2.33E-02,2.42E-02,2.51E-02,2.60E-02,2.69E-02,2.78E-02,2.87E-02,2.95E-02,3.04E-02,3.13E-02,3.22E-02,3.30E-02,3.39E-02,3.47E-02,3.56E-02,3.64E-02,3.73E-02,3.81E-02,3.90E-02,3.98E-02,4.06E-02,4.15E-02,4.23E-02,4.31E-02,4.39E-02,4.47E-02,4.55E-02,4.64E-02,4.72E-02,4.80E-02,4.87E-02,4.95E-02,5.03E-02,5.11E-02,5.19E-02,5.27E-02,5.34E-02,5.42E-02,5.50E-02,5.57E-02,5.65E-02,5.73E-02,2.20E-04,2.74E-04,3.39E-04,4.19E-04,5.15E-04,6.30E-04,7.65E-04,9.25E-04,1.11E-03,1.32E-03,1.57E-03,1.84E-03,2.15E-03,2.49E-03,2.86E-03,3.27E-03,3.70E-03,4.18E-03,4.68E-03,5.21E-03,5.77E-03,6.35E-03,6.96E-03,7.59E-03,8.24E-03,8.90E-03,9.58E-03,1.03E-02,1.10E-02,1.17E-02,1.24E-02,1.31E-02,1.38E-02,1.45E-02,1.53E-02,1.60E-02,1.67E-02,1.74E-02,1.81E-02,1.88E-02,1.96E-02,2.03E-02,2.10E-02,2.17E-02,2.24E-02,2.31E-02,2.38E-02,2.45E-02,2.52E-02,2.58E-02,2.65E-02,2.72E-02,2.79E-02,2.86E-02,2.92E-02,2.99E-02,3.06E-02,3.12E-02,3.19E-02,3.26E-02,3.32E-02,3.39E-02,3.45E-02,3.52E-02,3.58E-02,3.64E-02,3.71E-02,3.77E-02,3.84E-02,3.90E-02,3.96E-02,4.02E-02,4.09E-02,4.15E-02,4.21E-02,4.27E-02,4.33E-02,4.39E-02,4.45E-02,4.51E-02,4.57E-02,2.01E-04,2.49E-04,3.09E-04,3.80E-04,4.66E-04,5.69E-04,6.89E-04,8.30E-04,9.93E-04,1.18E-03,1.39E-03,1.63E-03,1.90E-03,2.19E-03,2.51E-03,2.85E-03,3.23E-03,3.63E-03,4.05E-03,4.50E-03,4.98E-03,5.47E-03,5.98E-03,6.51E-03,7.05E-03,7.60E-03,8.17E-03,8.74E-03,9.32E-03,9.91E-03,1.05E-02,1.11E-02,1.17E-02,1.23E-02,1.29E-02,1.35E-02,1.41E-02,1.47E-02,1.53E-02,1.58E-02,1.64E-02,1.70E-02,1.76E-02,1.82E-02,1.88E-02,1.93E-02,1.99E-02,2.05E-02,2.11E-02,2.16E-02,2.22E-02,2.28E-02,2.33E-02,2.39E-02,2.44E-02,2.50E-02,2.55E-02,2.61E-02,2.66E-02,2.72E-02,2.77E-02,2.83E-02,2.88E-02,2.93E-02,2.99E-02,3.04E-02,3.09E-02,3.15E-02,3.20E-02,3.25E-02,3.30E-02,3.36E-02,3.41E-02,3.46E-02,3.51E-02,3.56E-02,3.61E-02,3.66E-02,3.71E-02,3.76E-02,3.81E-02,1.84E-04,2.29E-04,2.83E-04,3.48E-04,4.26E-04,5.18E-04,6.26E-04,7.53E-04,8.98E-04,1.07E-03,1.25E-03,1.46E-03,1.70E-03,1.95E-03,2.23E-03,2.54E-03,2.86E-03,3.21E-03,3.58E-03,3.97E-03,4.38E-03,4.80E-03,5.24E-03,5.70E-03,6.16E-03,6.64E-03,7.12E-03,7.61E-03,8.11E-03,8.61E-03,9.12E-03,9.62E-03,1.01E-02,1.06E-02,1.12E-02,1.17E-02,1.22E-02,1.27E-02,1.32E-02,1.37E-02,1.42E-02,1.47E-02,1.52E-02,1.57E-02,1.62E-02,1.67E-02,1.72E-02,1.76E-02,1.81E-02,1.86E-02,1.91E-02,1.96E-02,2.01E-02,2.05E-02,2.10E-02,2.15E-02,2.20E-02,2.24E-02,2.29E-02,2.34E-02,2.38E-02,2.43E-02,2.47E-02,2.52E-02,2.57E-02,2.61E-02,2.66E-02,2.70E-02,2.75E-02,2.79E-02,2.84E-02,2.88E-02,2.92E-02,2.97E-02,3.01E-02,3.05E-02,3.10E-02,3.14E-02,3.18E-02,3.23E-02,3.27E-02
pgm_id,22.91,22.75,22.58,22.4,22.21,22,21.76,21.49,21.16,20.79,20.36,19.86,19.32,18.72,18.07,17.39,16.68,15.95,15.21,14.48,13.75,13.03,12.34,11.67,11.03,10.42,9.831,9.277,8.753,8.259,7.793,7.357,6.947,6.565,6.208,5.876,5.567,5.28,5.015,4.768,4.54,4.329,4.133,3.951,3.782,3.625,3.479,3.342,3.215,3.096,2.984,2.879,2.781,2.689,2.601,2.519,2.441,2.368,2.298,2.232,2.169,2.109,2.052,1.998,1.946,1.896,1.849,1.803,1.76,1.718,1.678,1.639,1.602,1.567,1.532,1.499,1.467,1.436,1.406,1.378,1.35,22.54,22.32,22.08,21.8,21.47,21.08,20.64,20.14,19.58,18.98,18.32,17.64,16.93,16.2,15.47,14.74,14.02,13.32,12.64,11.98,11.34,10.74,10.16,9.603,9.078,8.581,8.109,7.663,7.244,6.849,6.48,6.134,5.813,5.514,5.236,4.979,4.74,4.519,4.315,4.125,3.949,3.785,3.633,3.491,3.358,3.235,3.119,3.01,2.909,2.813,2.722,2.637,2.557,2.481,2.409,2.341,2.276,2.214,2.155,2.099,2.046,1.995,1.946,1.899,1.854,1.811,1.77,1.731,1.693,1.656,1.621,1.587,1.554,1.523,1.492,1.463,1.434,1.407,1.38,1.354,1.329,22.36,22.1,21.81,21.46,21.06,20.6,20.09,19.52,18.9,18.23,17.54,16.83,16.1,15.37,14.65,13.94,13.24,12.57,11.92,11.3,10.7,10.13,9.586,9.07,8.58,8.115,7.674,7.259,6.868,6.501,6.157,5.837,5.539,5.262,5.005,4.767,4.546,4.341,4.151,3.975,3.811,3.659,3.517,3.384,3.26,3.144,3.035,2.933,2.837,2.747,2.662,2.581,2.505,2.433,2.364,2.299,2.237,2.178,2.122,2.068,2.017,1.968,1.921,1.877,1.834,1.792,1.753,1.714,1.678,1.642,1.608,1.576,1.544,1.513,1.484,1.455,1.428,1.401,1.375,1.35,1.326,22.17,21.88,21.54,21.14,20.69,20.18,19.61,19,18.34,17.65,16.94,16.22,15.49,14.77,14.06,13.36,12.69,12.04,11.42,10.82,10.25,9.704,9.186,8.694,8.227,7.784,7.365,6.97,6.599,6.251,5.926,5.623,5.341,5.08,4.837,4.612,4.404,4.21,4.03,3.864,3.708,3.564,3.429,3.303,3.185,3.074,2.97,2.873,2.781,2.694,2.612,2.535,2.461,2.392,2.326,2.263,2.203,2.147,2.092,2.04,1.991,1.943,1.898,1.854,1.813,1.773,1.734,1.697,1.661,1.627,1.594,1.562,1.531,1.501,1.472,1.444,1.417,1.391,1.366,1.342,1.318,22,21.68,21.3,20.87,20.38,19.83,19.24,18.59,17.91,17.21,16.49,15.77,15.04,14.33,13.63,12.95,12.29,11.66,11.05,10.48,9.924,9.399,8.898,8.423,7.972,7.545,7.141,6.761,6.404,6.07,5.758,5.468,5.198,4.947,4.715,4.5,4.3,4.114,3.942,3.782,3.632,3.493,3.363,3.242,3.128,3.021,2.921,2.827,2.738,2.654,2.574,2.499,2.428,2.36,2.296,2.235,2.177,2.122,2.069,2.018,1.97,1.923,1.879,1.836,1.796,1.756,1.719,1.682,1.647,1.614,1.581,1.55,1.519,1.49,1.462,1.435,1.408,1.383,1.358,1.334,1.31,21.86,21.51,21.11,20.65,20.13,19.56,18.94,18.28,17.59,16.87,16.15,15.43,14.71,14,13.31,12.64,12,11.38,10.79,10.23,9.688,9.176,8.688,8.225,7.786,7.37,6.977,6.608,6.262,5.938,5.635,5.354,5.093,4.851,4.626,4.417,4.224,4.044,3.877,3.721,3.576,3.441,3.315,3.197,3.086,2.982,2.884,2.792,2.705,2.623,2.546,2.472,2.403,2.337,2.274,2.214,2.157,2.103,2.051,2.001,1.954,1.908,1.864,1.823,1.782,1.744,1.707,1.671,1.636,1.603,1.571,1.54,1.51,1.482,1.454,1.427,1.401,1.375,1.351,1.327,1.304,21.75,21.38,20.95,20.47,19.93,19.34,18.7,18.03,17.33,16.62,15.89,15.17,14.45,13.75,13.07,12.41,11.78,11.17,10.59,10.04,9.512,9.01,8.532,8.078,7.647,7.24,6.856,6.494,6.156,5.839,5.544,5.27,5.015,4.779,4.559,4.356,4.167,3.991,3.828,3.676,3.535,3.402,3.279,3.163,3.054,2.953,2.857,2.766,2.681,2.601,2.524,2.452,2.384,2.319,2.257,2.198,2.142,2.088,2.037,1.988,1.941,1.896,1.853,1.812,1.772,1.734,1.697,1.662,1.628,1.595,1.564,1.533,1.504,1.475,1.447,1.421,1.395,1.37,1.346,1.322,1.299
"OP(""/PM1"" ""rout"")",4.79E+03,3.81E+03,3.04E+03,2.42E+03,1.93E+03,1.55E+03,1.24E+03,991.6,795.8,639.7,515.1,415.6,336.2,272.6,221.8,181,148.2,121.8,100.5,83.26,69.22,57.77,48.39,40.68,34.32,29.06,24.69,21.06,18.03,15.51,13.4,11.65,10.18,8.952,7.924,7.06,6.331,5.715,5.191,4.742,4.357,4.024,3.734,3.48,3.257,3.059,2.884,2.726,2.585,2.458,2.343,2.238,2.142,2.055,1.974,1.9,1.831,1.768,1.709,1.654,1.602,1.554,1.509,1.466,1.427,1.389,1.354,1.32,1.288,1.258,1.23,1.202,1.177,1.152,1.128,1.106,1.084,1.064,1.044,1.026,1.007,8.92E+03,7.14E+03,5.72E+03,4.60E+03,3.70E+03,2.98E+03,2.40E+03,1.94E+03,1.58E+03,1.28E+03,1.04E+03,846.3,690.4,564,461.2,377.6,309.3,253.4,207.7,170.3,139.7,114.6,94.12,77.46,63.94,53,44.17,37.07,31.36,26.75,23.04,20.03,17.58,15.56,13.9,12.51,11.34,10.36,9.513,8.787,8.158,7.608,7.125,6.698,6.318,5.978,5.673,5.397,5.147,4.919,4.711,4.52,4.344,4.182,4.032,3.893,3.763,3.642,3.529,3.424,3.324,3.231,3.143,3.06,2.982,2.907,2.837,2.77,2.707,2.647,2.589,2.534,2.482,2.432,2.384,2.339,2.295,2.253,2.213,2.174,2.137,1.43E+04,1.15E+04,9.21E+03,7.42E+03,5.98E+03,4.84E+03,3.92E+03,3.18E+03,2.58E+03,2.10E+03,1.71E+03,1.39E+03,1.13E+03,924.3,752.6,612.3,497.5,403.8,327.3,265,214.5,173.7,140.9,114.7,93.74,77.11,63.93,53.48,45.19,38.57,33.28,29,25.53,22.69,20.33,18.37,16.71,15.3,14.1,13.06,12.15,11.36,10.66,10.04,9.488,8.992,8.545,8.14,7.772,7.436,7.128,6.846,6.585,6.344,6.121,5.913,5.719,5.539,5.37,5.211,5.062,4.922,4.789,4.665,4.546,4.435,4.328,4.228,4.132,4.041,3.954,3.871,3.791,3.716,3.643,3.574,3.507,3.443,3.382,3.323,3.266,1.91E+04,1.54E+04,1.24E+04,9.97E+03,8.06E+03,6.52E+03,5.29E+03,4.29E+03,3.49E+03,2.84E+03,2.31E+03,1.88E+03,1.53E+03,1.24E+03,1.00E+03,810,653.4,526,422.8,339.5,272.6,219.2,176.7,143.2,116.7,95.94,79.59,66.71,56.53,48.44,41.96,36.73,32.47,28.97,26.06,23.63,21.57,19.81,18.31,17,15.86,14.85,13.96,13.17,12.47,11.83,11.26,10.74,10.26,9.829,9.431,9.065,8.726,8.413,8.122,7.851,7.599,7.363,7.141,6.933,6.738,6.554,6.38,6.216,6.061,5.913,5.773,5.641,5.514,5.394,5.279,5.169,5.064,4.964,4.868,4.776,4.688,4.603,4.522,4.443,4.368,2.38E+04,1.91E+04,1.54E+04,1.24E+04,1.00E+04,8.12E+03,6.58E+03,5.34E+03,4.34E+03,3.52E+03,2.86E+03,2.32E+03,1.88E+03,1.52E+03,1.22E+03,982.6,787.8,630.3,503.5,402,321.2,257.3,206.9,167.4,136.5,112.3,93.36,78.49,66.75,57.41,49.92,43.87,38.92,34.85,31.45,28.6,26.18,24.11,22.32,20.77,19.41,18.21,17.14,16.2,15.35,14.58,13.89,13.26,12.68,12.16,11.67,11.23,10.81,10.43,10.08,9.744,9.435,9.146,8.874,8.619,8.38,8.153,7.94,7.738,7.546,7.365,7.192,7.028,6.872,6.724,6.582,6.446,6.316,6.192,6.074,5.96,5.85,5.746,5.645,5.548,5.454,2.84E+04,2.28E+04,1.84E+04,1.48E+04,1.20E+04,9.69E+03,7.85E+03,6.37E+03,5.16E+03,4.19E+03,3.39E+03,2.74E+03,2.21E+03,1.78E+03,1.43E+03,1.14E+03,911.2,725.5,577,458.9,365.6,292.1,234.7,189.8,154.9,127.7,106.4,89.72,76.53,66.04,57.61,50.78,45.18,40.56,36.7,33.44,30.68,28.3,26.25,24.46,22.89,21.5,20.27,19.16,18.18,17.28,16.47,15.74,15.07,14.45,13.88,13.36,12.87,12.42,12,11.61,11.25,10.91,10.59,10.29,10,9.736,9.483,9.244,9.017,8.802,8.598,8.403,8.218,8.042,7.873,7.712,7.558,7.411,7.269,7.134,7.004,6.879,6.759,6.643,6.532,3.31E+04,2.66E+04,2.14E+04,1.73E+04,1.39E+04,1.13E+04,9.13E+03,7.39E+03,5.98E+03,4.84E+03,3.91E+03,3.15E+03,2.54E+03,2.03E+03,1.63E+03,1.30E+03,1.03E+03,816.5,647.2,513.4,408.1,325.7,261.6,211.7,172.9,142.8,119.2,100.8,86.18,74.55,65.2,57.61,51.38,46.21,41.89,38.24,35.13,32.46,30.14,28.12,26.34,24.76,23.36,22.11,20.98,19.97,19.04,18.2,17.43,16.73,16.08,15.48,14.92,14.4,13.92,13.47,13.05,12.66,12.29,11.95,11.62,11.31,11.02,10.74,10.48,10.23,9.997,9.772,9.558,9.354,9.159,8.972,8.794,8.624,8.46,8.303,8.153,8.008,7.869,7.735,7.606
pgmro,41.05,40.74,40.41,40.05,39.64,39.16,38.59,37.91,37.09,36.12,34.99,33.69,32.23,30.63,28.92,27.12,25.25,23.37,21.49,19.65,17.87,16.16,14.55,13.05,11.65,10.37,9.202,8.148,7.204,6.365,5.625,4.977,4.412,3.922,3.5,3.135,2.82,2.549,2.315,2.112,1.936,1.782,1.646,1.528,1.422,1.329,1.245,1.171,1.103,1.043,9.88E-01,9.37E-01,8.92E-01,8.50E-01,8.11E-01,7.75E-01,7.42E-01,7.12E-01,6.84E-01,6.57E-01,6.33E-01,6.10E-01,5.88E-01,5.68E-01,5.49E-01,5.31E-01,5.14E-01,4.98E-01,4.83E-01,4.68E-01,4.54E-01,4.41E-01,4.29E-01,4.17E-01,4.06E-01,3.95E-01,3.85E-01,3.75E-01,3.66E-01,3.57E-01,3.48E-01,69.79,69.25,68.56,67.68,66.56,65.16,63.44,61.38,58.97,56.24,53.22,49.95,46.48,42.89,39.25,35.6,32.03,28.59,25.31,22.24,19.41,16.83,14.52,12.47,10.68,9.142,7.827,6.717,5.786,5.008,4.361,3.823,3.374,2.999,2.684,2.417,2.191,1.997,1.831,1.686,1.56,1.45,1.353,1.266,1.189,1.12,1.058,1.002,9.51E-01,9.04E-01,8.62E-01,8.23E-01,7.87E-01,7.53E-01,7.23E-01,6.94E-01,6.68E-01,6.43E-01,6.20E-01,5.98E-01,5.78E-01,5.59E-01,5.41E-01,5.24E-01,5.08E-01,4.93E-01,4.79E-01,4.65E-01,4.52E-01,4.40E-01,4.28E-01,4.17E-01,4.06E-01,3.96E-01,3.86E-01,3.77E-01,3.68E-01,3.59E-01,3.51E-01,3.43E-01,3.35E-01,89.1,88.27,87.19,85.79,84.02,81.82,79.17,76.05,72.48,68.5,64.17,59.55,54.75,49.84,44.94,40.13,35.49,31.1,27.02,23.28,19.93,16.95,14.36,12.14,10.25,8.672,7.358,6.274,5.382,4.649,4.047,3.55,3.139,2.797,2.51,2.267,2.061,1.884,1.732,1.6,1.484,1.383,1.293,1.213,1.141,1.077,1.019,9.67E-01,9.19E-01,8.75E-01,8.35E-01,7.98E-01,7.65E-01,7.33E-01,7.04E-01,6.77E-01,6.52E-01,6.28E-01,6.06E-01,5.86E-01,5.66E-01,5.48E-01,5.31E-01,5.15E-01,4.99E-01,4.85E-01,4.71E-01,4.58E-01,4.45E-01,4.34E-01,4.22E-01,4.12E-01,4.01E-01,3.91E-01,3.82E-01,3.73E-01,3.64E-01,3.56E-01,3.48E-01,3.40E-01,3.33E-01,103.5,102.3,100.7,98.67,96.16,93.13,89.54,85.42,80.78,75.7,70.26,64.55,58.7,52.82,47.04,41.45,36.17,31.26,26.79,22.78,19.25,16.2,13.59,11.39,9.565,8.058,6.822,5.814,4.991,4.32,3.77,3.317,2.943,2.63,2.368,2.146,1.957,1.794,1.654,1.531,1.424,1.329,1.245,1.17,1.103,1.042,9.88E-01,9.38E-01,8.93E-01,8.52E-01,8.14E-01,7.79E-01,7.46E-01,7.16E-01,6.88E-01,6.63E-01,6.38E-01,6.16E-01,5.95E-01,5.75E-01,5.56E-01,5.39E-01,5.22E-01,5.06E-01,4.91E-01,4.77E-01,4.64E-01,4.51E-01,4.39E-01,4.28E-01,4.17E-01,4.06E-01,3.96E-01,3.87E-01,3.77E-01,3.69E-01,3.60E-01,3.52E-01,3.44E-01,3.37E-01,3.30E-01,115,113.3,111.1,108.5,105.2,101.4,96.91,91.86,86.28,80.24,73.87,67.28,60.62,54.03,47.62,41.54,35.87,30.68,26.03,21.94,18.39,15.36,12.82,10.7,8.964,7.544,6.389,5.451,4.689,4.069,3.561,3.143,2.796,2.506,2.263,2.056,1.879,1.727,1.595,1.48,1.378,1.289,1.209,1.138,1.074,1.016,9.64E-01,9.17E-01,8.73E-01,8.33E-01,7.97E-01,7.63E-01,7.32E-01,7.03E-01,6.76E-01,6.51E-01,6.28E-01,6.06E-01,5.86E-01,5.66E-01,5.48E-01,5.31E-01,5.15E-01,5.00E-01,4.85E-01,4.71E-01,4.58E-01,4.46E-01,4.34E-01,4.23E-01,4.12E-01,4.02E-01,3.92E-01,3.83E-01,3.74E-01,3.65E-01,3.57E-01,3.49E-01,3.41E-01,3.34E-01,3.27E-01,124.5,122.3,119.6,116.3,112.4,107.8,102.5,96.61,90.19,83.35,76.2,68.91,61.61,54.47,47.63,41.21,35.3,29.97,25.24,21.13,17.62,14.65,12.19,10.16,8.499,7.153,6.064,5.182,4.467,3.885,3.408,3.015,2.689,2.416,2.186,1.99,1.822,1.678,1.552,1.442,1.345,1.259,1.182,1.114,1.052,9.97E-01,9.46E-01,9.00E-01,8.58E-01,8.20E-01,7.84E-01,7.52E-01,7.21E-01,6.93E-01,6.67E-01,6.43E-01,6.20E-01,5.99E-01,5.79E-01,5.60E-01,5.42E-01,5.25E-01,5.09E-01,4.94E-01,4.80E-01,4.67E-01,4.54E-01,4.42E-01,4.30E-01,4.19E-01,4.09E-01,3.99E-01,3.89E-01,3.80E-01,3.71E-01,3.62E-01,3.54E-01,3.46E-01,3.39E-01,3.32E-01,3.25E-01,132.7,130,126.8,122.8,118.2,112.9,106.9,100.3,93.16,85.62,77.83,69.96,62.16,54.6,47.44,40.78,34.71,29.3,24.55,20.46,16.99,14.09,11.7,9.739,8.148,6.861,5.822,4.983,4.303,3.749,3.295,2.921,2.61,2.349,2.129,1.941,1.78,1.641,1.52,1.414,1.32,1.237,1.163,1.096,1.036,9.82E-01,9.33E-01,8.88E-01,8.47E-01,8.10E-01,7.75E-01,7.43E-01,7.13E-01,6.86E-01,6.60E-01,6.36E-01,6.14E-01,5.93E-01,5.73E-01,5.55E-01,5.37E-01,5.21E-01,5.05E-01,4.90E-01,4.77E-01,4.63E-01,4.51E-01,4.39E-01,4.27E-01,4.16E-01,4.06E-01,3.96E-01,3.87E-01,3.77E-01,3.69E-01,3.60E-01,3.52E-01,3.45E-01,3.37E-01,3.30E-01,3.23E-01
pidw,7.48E-02,9.40E-02,1.18E-01,1.48E-01,1.85E-01,2.30E-01,2.87E-01,3.56E-01,4.40E-01,5.43E-01,6.67E-01,8.16E-01,9.93E-01,1.201,1.443,1.723,2.043,2.405,2.811,3.261,3.755,4.293,4.873,5.495,6.155,6.852,7.582,8.342,9.128,9.938,10.77,11.62,12.48,13.35,14.23,15.11,16,16.9,17.79,18.68,19.57,20.46,21.34,22.22,23.1,23.97,24.83,25.69,26.55,27.4,28.25,29.09,29.92,30.75,31.58,32.39,33.21,34.02,34.82,35.62,36.41,37.2,37.98,38.75,39.53,40.29,41.05,41.81,42.56,43.31,44.05,44.79,45.52,46.25,46.97,47.68,48.4,49.11,49.81,50.51,51.2,6.95E-02,8.69E-02,1.09E-01,1.35E-01,1.68E-01,2.08E-01,2.56E-01,3.14E-01,3.83E-01,4.64E-01,5.59E-01,6.69E-01,7.95E-01,9.39E-01,1.1,1.279,1.477,1.693,1.928,2.181,2.45,2.736,3.037,3.353,3.681,4.02,4.37,4.729,5.095,5.466,5.843,6.223,6.606,6.991,7.377,7.763,8.15,8.536,8.921,9.306,9.689,10.07,10.45,10.83,11.21,11.58,11.96,12.33,12.7,13.07,13.43,13.8,14.16,14.52,14.88,15.24,15.6,15.95,16.3,16.65,17,17.35,17.69,18.04,18.38,18.72,19.06,19.39,19.73,20.06,20.39,20.72,21.05,21.38,21.7,22.02,22.35,22.66,22.98,23.3,23.61,5.58E-02,6.97E-02,8.68E-02,1.08E-01,1.33E-01,1.64E-01,2.01E-01,2.45E-01,2.97E-01,3.58E-01,4.28E-01,5.08E-01,5.99E-01,7.02E-01,8.15E-01,9.40E-01,1.077,1.226,1.385,1.556,1.737,1.927,2.127,2.335,2.55,2.772,2.999,3.232,3.468,3.708,3.95,4.194,4.44,4.686,4.933,5.18,5.426,5.673,5.919,6.164,6.409,6.653,6.896,7.138,7.379,7.619,7.858,8.096,8.333,8.569,8.804,9.037,9.27,9.502,9.732,9.962,10.19,10.42,10.64,10.87,11.09,11.32,11.54,11.76,11.98,12.2,12.42,12.64,12.85,13.07,13.28,13.49,13.71,13.92,14.13,14.34,14.54,14.75,14.96,15.16,15.37,4.88E-02,6.08E-02,7.56E-02,9.36E-02,1.15E-01,1.42E-01,1.73E-01,2.09E-01,2.53E-01,3.02E-01,3.59E-01,4.24E-01,4.97E-01,5.78E-01,6.68E-01,7.66E-01,8.73E-01,9.87E-01,1.11,1.241,1.378,1.523,1.674,1.83,1.992,2.158,2.328,2.501,2.676,2.854,3.033,3.213,3.394,3.575,3.757,3.939,4.12,4.301,4.482,4.663,4.843,5.022,5.201,5.379,5.556,5.732,5.908,6.083,6.258,6.431,6.604,6.776,6.948,7.118,7.288,7.457,7.626,7.793,7.96,8.127,8.292,8.457,8.621,8.784,8.946,9.108,9.269,9.43,9.589,9.748,9.907,10.06,10.22,10.38,10.53,10.69,10.84,10.99,11.15,11.3,11.45,4.40E-02,5.47E-02,6.79E-02,8.38E-02,1.03E-01,1.26E-01,1.53E-01,1.85E-01,2.22E-01,2.65E-01,3.13E-01,3.68E-01,4.29E-01,4.97E-01,5.72E-01,6.53E-01,7.41E-01,8.35E-01,9.36E-01,1.042,1.154,1.271,1.392,1.518,1.648,1.781,1.916,2.054,2.194,2.335,2.477,2.62,2.764,2.908,3.052,3.195,3.339,3.483,3.626,3.768,3.911,4.052,4.194,4.335,4.475,4.614,4.754,4.892,5.03,5.168,5.304,5.441,5.576,5.711,5.846,5.98,6.113,6.246,6.378,6.51,6.641,6.772,6.902,7.031,7.16,7.288,7.416,7.543,7.67,7.796,7.921,8.046,8.171,8.294,8.418,8.541,8.663,8.785,8.906,9.026,9.147,4.01E-02,4.99E-02,6.17E-02,7.60E-02,9.32E-02,1.14E-01,1.38E-01,1.66E-01,1.99E-01,2.36E-01,2.78E-01,3.26E-01,3.79E-01,4.37E-01,5.01E-01,5.71E-01,6.46E-01,7.26E-01,8.11E-01,9.01E-01,9.95E-01,1.093,1.195,1.301,1.409,1.52,1.633,1.748,1.864,1.981,2.099,2.218,2.337,2.456,2.575,2.694,2.813,2.932,3.05,3.168,3.286,3.403,3.52,3.637,3.753,3.868,3.983,4.098,4.212,4.326,4.439,4.552,4.664,4.776,4.888,4.998,5.109,5.219,5.328,5.437,5.546,5.654,5.762,5.869,5.976,6.082,6.188,6.293,6.398,6.503,6.607,6.71,6.813,6.916,7.018,7.12,7.221,7.322,7.423,7.523,7.622,3.69E-02,4.57E-02,5.65E-02,6.95E-02,8.51E-02,1.04E-01,1.25E-01,1.51E-01,1.80E-01,2.13E-01,2.51E-01,2.93E-01,3.39E-01,3.91E-01,4.47E-01,5.07E-01,5.73E-01,6.42E-01,7.16E-01,7.94E-01,8.75E-01,9.60E-01,1.048,1.139,1.232,1.327,1.424,1.523,1.622,1.722,1.823,1.924,2.026,2.128,2.229,2.331,2.432,2.534,2.635,2.735,2.836,2.936,3.035,3.135,3.234,3.332,3.43,3.528,3.626,3.723,3.819,3.915,4.011,4.107,4.202,4.296,4.391,4.484,4.578,4.671,4.764,4.856,4.948,5.039,5.13,5.221,5.311,5.401,5.491,5.58,5.669,5.757,5.846,5.933,6.021,6.108,6.194,6.28,6.366,6.452,6.537
pcgg,9.40E-12,9.47E-12,9.57E-12,9.68E-12,9.82E-12,9.97E-12,1.02E-11,1.03E-11,1.05E-11,1.07E-11,1.09E-11,1.11E-11,1.13E-11,1.15E-11,1.16E-11,1.17E-11,1.18E-11,1.19E-11,1.20E-11,1.20E-11,1.21E-11,1.21E-11,1.22E-11,1.22E-11,1.22E-11,1.22E-11,1.22E-11,1.22E-11,1.22E-11,1.22E-11,1.23E-11,1.23E-11,1.23E-11,1.23E-11,1.23E-11,1.23E-11,1.23E-11,1.23E-11,1.23E-11,1.23E-11,1.23E-11,1.23E-11,1.23E-11,1.23E-11,1.24E-11,1.24E-11,1.24E-11,1.24E-11,1.24E-11,1.24E-11,1.24E-11,1.24E-11,1.24E-11,1.24E-11,1.25E-11,1.25E-11,1.25E-11,1.25E-11,1.25E-11,1.25E-11,1.25E-11,1.25E-11,1.26E-11,1.26E-11,1.26E-11,1.26E-11,1.26E-11,1.26E-11,1.26E-11,1.26E-11,1.26E-11,1.27E-11,1.27E-11,1.27E-11,1.27E-11,1.27E-11,1.27E-11,1.27E-11,1.27E-11,1.27E-11,1.27E-11,1.28E-11,1.31E-11,1.36E-11,1.40E-11,1.45E-11,1.50E-11,1.55E-11,1.60E-11,1.64E-11,1.68E-11,1.71E-11,1.74E-11,1.76E-11,1.78E-11,1.80E-11,1.81E-11,1.82E-11,1.83E-11,1.84E-11,1.84E-11,1.85E-11,1.85E-11,1.85E-11,1.86E-11,1.86E-11,1.86E-11,1.86E-11,1.87E-11,1.87E-11,1.87E-11,1.87E-11,1.87E-11,1.88E-11,1.88E-11,1.88E-11,1.89E-11,1.89E-11,1.89E-11,1.90E-11,1.90E-11,1.90E-11,1.91E-11,1.91E-11,1.91E-11,1.92E-11,1.92E-11,1.93E-11,1.93E-11,1.93E-11,1.94E-11,1.94E-11,1.94E-11,1.95E-11,1.95E-11,1.96E-11,1.96E-11,1.96E-11,1.97E-11,1.97E-11,1.97E-11,1.98E-11,1.98E-11,1.98E-11,1.98E-11,1.99E-11,1.99E-11,1.99E-11,1.99E-11,2.00E-11,2.00E-11,2.00E-11,2.00E-11,2.00E-11,2.00E-11,2.01E-11,2.01E-11,2.01E-11,2.01E-11,2.01E-11,2.01E-11,2.01E-11,1.64E-11,1.71E-11,1.79E-11,1.87E-11,1.95E-11,2.02E-11,2.09E-11,2.16E-11,2.22E-11,2.27E-11,2.31E-11,2.34E-11,2.37E-11,2.40E-11,2.42E-11,2.43E-11,2.44E-11,2.45E-11,2.46E-11,2.47E-11,2.47E-11,2.48E-11,2.48E-11,2.49E-11,2.49E-11,2.50E-11,2.50E-11,2.51E-11,2.51E-11,2.51E-11,2.52E-11,2.52E-11,2.53E-11,2.53E-11,2.54E-11,2.55E-11,2.55E-11,2.56E-11,2.57E-11,2.57E-11,2.58E-11,2.59E-11,2.59E-11,2.60E-11,2.61E-11,2.61E-11,2.62E-11,2.63E-11,2.64E-11,2.64E-11,2.65E-11,2.65E-11,2.66E-11,2.67E-11,2.67E-11,2.68E-11,2.68E-11,2.69E-11,2.69E-11,2.70E-11,2.70E-11,2.71E-11,2.71E-11,2.71E-11,2.72E-11,2.72E-11,2.72E-11,2.73E-11,2.73E-11,2.73E-11,2.74E-11,2.74E-11,2.74E-11,2.74E-11,2.75E-11,2.75E-11,2.75E-11,2.75E-11,2.75E-11,2.76E-11,2.76E-11,2.05E-11,2.15E-11,2.26E-11,2.36E-11,2.47E-11,2.57E-11,2.65E-11,2.73E-11,2.80E-11,2.86E-11,2.91E-11,2.95E-11,2.98E-11,3.01E-11,3.03E-11,3.05E-11,3.06E-11,3.08E-11,3.09E-11,3.09E-11,3.10E-11,3.11E-11,3.12E-11,3.12E-11,3.13E-11,3.13E-11,3.14E-11,3.15E-11,3.15E-11,3.16E-11,3.17E-11,3.18E-11,3.18E-11,3.19E-11,3.20E-11,3.21E-11,3.22E-11,3.23E-11,3.24E-11,3.25E-11,3.26E-11,3.27E-11,3.28E-11,3.29E-11,3.30E-11,3.31E-11,3.32E-11,3.33E-11,3.34E-11,3.35E-11,3.36E-11,3.37E-11,3.38E-11,3.38E-11,3.39E-11,3.40E-11,3.41E-11,3.41E-11,3.42E-11,3.43E-11,3.43E-11,3.44E-11,3.44E-11,3.45E-11,3.45E-11,3.46E-11,3.46E-11,3.46E-11,3.47E-11,3.47E-11,3.48E-11,3.48E-11,3.48E-11,3.48E-11,3.49E-11,3.49E-11,3.49E-11,3.50E-11,3.50E-11,3.50E-11,3.50E-11,2.47E-11,2.61E-11,2.74E-11,2.87E-11,3.00E-11,3.12E-11,3.22E-11,3.32E-11,3.39E-11,3.46E-11,3.51E-11,3.56E-11,3.59E-11,3.62E-11,3.65E-11,3.67E-11,3.68E-11,3.70E-11,3.71E-11,3.72E-11,3.73E-11,3.74E-11,3.75E-11,3.75E-11,3.76E-11,3.77E-11,3.78E-11,3.79E-11,3.80E-11,3.81E-11,3.82E-11,3.83E-11,3.84E-11,3.85E-11,3.87E-11,3.88E-11,3.89E-11,3.91E-11,3.92E-11,3.94E-11,3.95E-11,3.96E-11,3.98E-11,3.99E-11,4.00E-11,4.02E-11,4.03E-11,4.04E-11,4.05E-11,4.06E-11,4.07E-11,4.09E-11,4.10E-11,4.11E-11,4.11E-11,4.12E-11,4.13E-11,4.14E-11,4.15E-11,4.15E-11,4.16E-11,4.17E-11,4.17E-11,4.18E-11,4.19E-11,4.19E-11,4.20E-11,4.20E-11,4.21E-11,4.21E-11,4.21E-11,4.22E-11,4.22E-11,4.23E-11,4.23E-11,4.23E-11,4.24E-11,4.24E-11,4.24E-11,4.24E-11,4.25E-11,2.91E-11,3.07E-11,3.23E-11,3.39E-11,3.54E-11,3.67E-11,3.79E-11,3.90E-11,3.98E-11,4.06E-11,4.12E-11,4.16E-11,4.20E-11,4.24E-11,4.26E-11,4.28E-11,4.30E-11,4.32E-11,4.33E-11,4.34E-11,4.35E-11,4.36E-11,4.38E-11,4.39E-11,4.40E-11,4.41E-11,4.42E-11,4.43E-11,4.44E-11,4.46E-11,4.47E-11,4.49E-11,4.50E-11,4.52E-11,4.54E-11,4.55E-11,4.57E-11,4.59E-11,4.60E-11,4.62E-11,4.64E-11,4.66E-11,4.67E-11,4.69E-11,4.70E-11,4.72E-11,4.74E-11,4.75E-11,4.76E-11,4.78E-11,4.79E-11,4.80E-11,4.82E-11,4.83E-11,4.84E-11,4.85E-11,4.86E-11,4.87E-11,4.88E-11,4.89E-11,4.89E-11,4.90E-11,4.91E-11,4.92E-11,4.92E-11,4.93E-11,4.93E-11,4.94E-11,4.94E-11,4.95E-11,4.95E-11,4.96E-11,4.96E-11,4.97E-11,4.97E-11,4.98E-11,4.98E-11,4.98E-11,4.99E-11,4.99E-11,4.99E-11,3.35E-11,3.54E-11,3.73E-11,3.91E-11,4.08E-11,4.23E-11,4.36E-11,4.48E-11,4.57E-11,4.65E-11,4.72E-11,4.77E-11,4.81E-11,4.85E-11,4.87E-11,4.90E-11,4.92E-11,4.94E-11,4.95E-11,4.97E-11,4.98E-11,4.99E-11,5.01E-11,5.02E-11,5.03E-11,5.05E-11,5.06E-11,5.08E-11,5.09E-11,5.11E-11,5.13E-11,5.15E-11,5.16E-11,5.18E-11,5.20E-11,5.22E-11,5.25E-11,5.27E-11,5.29E-11,5.31E-11,5.33E-11,5.35E-11,5.37E-11,5.39E-11,5.41E-11,5.43E-11,5.44E-11,5.46E-11,5.48E-11,5.49E-11,5.51E-11,5.52E-11,5.54E-11,5.55E-11,5.56E-11,5.57E-11,5.59E-11,5.60E-11,5.61E-11,5.62E-11,5.63E-11,5.63E-11,5.64E-11,5.65E-11,5.66E-11,5.66E-11,5.67E-11,5.68E-11,5.68E-11,5.69E-11,5.70E-11,5.70E-11,5.71E-11,5.71E-11,5.72E-11,5.72E-11,5.72E-11,5.73E-11,5.73E-11,5.74E-11,5.74E-11
pcgd,3.91E-12,3.91E-12,3.91E-12,3.91E-12,3.91E-12,3.91E-12,3.91E-12,3.91E-12,3.91E-12,3.91E-12,3.91E-12,3.91E-12,3.91E-12,3.91E-12,3.92E-12,3.92E-12,3.92E-12,3.92E-12,3.92E-12,3.92E-12,3.93E-12,3.93E-12,3.93E-12,3.94E-12,3.94E-12,3.95E-12,3.95E-12,3.96E-12,3.96E-12,3.97E-12,3.98E-12,3.98E-12,3.99E-12,4.00E-12,4.01E-12,4.02E-12,4.03E-12,4.05E-12,4.06E-12,4.07E-12,4.09E-12,4.11E-12,4.12E-12,4.14E-12,4.16E-12,4.19E-12,4.21E-12,4.23E-12,4.26E-12,4.29E-12,4.31E-12,4.34E-12,4.37E-12,4.40E-12,4.43E-12,4.46E-12,4.50E-12,4.53E-12,4.56E-12,4.60E-12,4.63E-12,4.66E-12,4.70E-12,4.73E-12,4.76E-12,4.80E-12,4.83E-12,4.86E-12,4.89E-12,4.92E-12,4.95E-12,4.98E-12,5.01E-12,5.04E-12,5.07E-12,5.09E-12,5.12E-12,5.15E-12,5.17E-12,5.20E-12,5.22E-12,3.91E-12,3.91E-12,3.91E-12,3.91E-12,3.91E-12,3.91E-12,3.91E-12,3.92E-12,3.92E-12,3.92E-12,3.93E-12,3.93E-12,3.94E-12,3.94E-12,3.95E-12,3.96E-12,3.97E-12,3.98E-12,3.99E-12,4.00E-12,4.02E-12,4.03E-12,4.05E-12,4.07E-12,4.09E-12,4.12E-12,4.14E-12,4.17E-12,4.20E-12,4.24E-12,4.28E-12,4.32E-12,4.37E-12,4.42E-12,4.47E-12,4.53E-12,4.59E-12,4.65E-12,4.72E-12,4.80E-12,4.87E-12,4.95E-12,5.04E-12,5.12E-12,5.21E-12,5.30E-12,5.39E-12,5.49E-12,5.58E-12,5.68E-12,5.77E-12,5.87E-12,5.96E-12,6.06E-12,6.15E-12,6.24E-12,6.33E-12,6.42E-12,6.51E-12,6.59E-12,6.67E-12,6.75E-12,6.83E-12,6.91E-12,6.98E-12,7.06E-12,7.12E-12,7.19E-12,7.26E-12,7.32E-12,7.38E-12,7.44E-12,7.50E-12,7.56E-12,7.61E-12,7.66E-12,7.71E-12,7.76E-12,7.81E-12,7.85E-12,7.90E-12,3.91E-12,3.91E-12,3.91E-12,3.91E-12,3.92E-12,3.92E-12,3.92E-12,3.93E-12,3.94E-12,3.94E-12,3.95E-12,3.96E-12,3.97E-12,3.99E-12,4.00E-12,4.02E-12,4.04E-12,4.06E-12,4.08E-12,4.11E-12,4.14E-12,4.18E-12,4.21E-12,4.26E-12,4.30E-12,4.35E-12,4.41E-12,4.47E-12,4.54E-12,4.62E-12,4.70E-12,4.79E-12,4.88E-12,4.99E-12,5.10E-12,5.21E-12,5.34E-12,5.47E-12,5.60E-12,5.75E-12,5.89E-12,6.04E-12,6.20E-12,6.35E-12,6.51E-12,6.67E-12,6.83E-12,6.99E-12,7.15E-12,7.31E-12,7.47E-12,7.63E-12,7.78E-12,7.93E-12,8.07E-12,8.21E-12,8.35E-12,8.49E-12,8.62E-12,8.75E-12,8.87E-12,8.99E-12,9.10E-12,9.22E-12,9.32E-12,9.43E-12,9.53E-12,9.63E-12,9.72E-12,9.81E-12,9.90E-12,9.99E-12,1.01E-11,1.02E-11,1.02E-11,1.03E-11,1.04E-11,1.04E-11,1.05E-11,1.06E-11,1.06E-11,3.91E-12,3.91E-12,3.92E-12,3.92E-12,3.92E-12,3.93E-12,3.94E-12,3.95E-12,3.96E-12,3.97E-12,3.98E-12,4.00E-12,4.02E-12,4.04E-12,4.07E-12,4.10E-12,4.13E-12,4.16E-12,4.20E-12,4.25E-12,4.30E-12,4.36E-12,4.42E-12,4.49E-12,4.57E-12,4.65E-12,4.75E-12,4.85E-12,4.97E-12,5.09E-12,5.22E-12,5.37E-12,5.52E-12,5.69E-12,5.86E-12,6.05E-12,6.24E-12,6.44E-12,6.65E-12,6.86E-12,7.08E-12,7.30E-12,7.53E-12,7.76E-12,7.99E-12,8.21E-12,8.44E-12,8.67E-12,8.89E-12,9.11E-12,9.32E-12,9.53E-12,9.73E-12,9.93E-12,1.01E-11,1.03E-11,1.05E-11,1.07E-11,1.08E-11,1.10E-11,1.12E-11,1.13E-11,1.15E-11,1.16E-11,1.18E-11,1.19E-11,1.20E-11,1.21E-11,1.23E-11,1.24E-11,1.25E-11,1.26E-11,1.27E-11,1.28E-11,1.29E-11,1.30E-11,1.31E-11,1.32E-11,1.33E-11,1.34E-11,1.34E-11,3.91E-12,3.92E-12,3.92E-12,3.93E-12,3.93E-12,3.94E-12,3.95E-12,3.97E-12,3.98E-12,4.00E-12,4.02E-12,4.05E-12,4.08E-12,4.11E-12,4.14E-12,4.19E-12,4.23E-12,4.29E-12,4.34E-12,4.41E-12,4.49E-12,4.57E-12,4.66E-12,4.76E-12,4.88E-12,5.00E-12,5.14E-12,5.29E-12,5.45E-12,5.63E-12,5.82E-12,6.03E-12,6.25E-12,6.48E-12,6.72E-12,6.98E-12,7.24E-12,7.52E-12,7.80E-12,8.09E-12,8.38E-12,8.68E-12,8.97E-12,9.27E-12,9.57E-12,9.86E-12,1.02E-11,1.04E-11,1.07E-11,1.10E-11,1.13E-11,1.15E-11,1.18E-11,1.20E-11,1.23E-11,1.25E-11,1.27E-11,1.29E-11,1.31E-11,1.33E-11,1.35E-11,1.37E-11,1.39E-11,1.41E-11,1.42E-11,1.44E-11,1.46E-11,1.47E-11,1.49E-11,1.50E-11,1.51E-11,1.53E-11,1.54E-11,1.55E-11,1.56E-11,1.57E-11,1.59E-11,1.60E-11,1.61E-11,1.62E-11,1.63E-11,3.92E-12,3.92E-12,3.93E-12,3.94E-12,3.95E-12,3.96E-12,3.97E-12,3.99E-12,4.01E-12,4.04E-12,4.07E-12,4.10E-12,4.14E-12,4.18E-12,4.23E-12,4.29E-12,4.35E-12,4.42E-12,4.50E-12,4.59E-12,4.69E-12,4.80E-12,4.93E-12,5.07E-12,5.22E-12,5.39E-12,5.57E-12,5.77E-12,5.99E-12,6.23E-12,6.48E-12,6.75E-12,7.03E-12,7.33E-12,7.65E-12,7.98E-12,8.32E-12,8.67E-12,9.02E-12,9.38E-12,9.75E-12,1.01E-11,1.05E-11,1.09E-11,1.12E-11,1.16E-11,1.19E-11,1.23E-11,1.26E-11,1.29E-11,1.32E-11,1.36E-11,1.39E-11,1.41E-11,1.44E-11,1.47E-11,1.50E-11,1.52E-11,1.55E-11,1.57E-11,1.59E-11,1.61E-11,1.64E-11,1.66E-11,1.68E-11,1.69E-11,1.71E-11,1.73E-11,1.75E-11,1.76E-11,1.78E-11,1.79E-11,1.81E-11,1.82E-11,1.84E-11,1.85E-11,1.86E-11,1.88E-11,1.89E-11,1.90E-11,1.91E-11,3.92E-12,3.93E-12,3.93E-12,3.94E-12,3.96E-12,3.97E-12,3.99E-12,4.02E-12,4.05E-12,4.08E-12,4.11E-12,4.16E-12,4.20E-12,4.26E-12,4.32E-12,4.39E-12,4.47E-12,4.57E-12,4.67E-12,4.78E-12,4.91E-12,5.05E-12,5.21E-12,5.39E-12,5.58E-12,5.80E-12,6.03E-12,6.28E-12,6.56E-12,6.85E-12,7.17E-12,7.51E-12,7.86E-12,8.24E-12,8.62E-12,9.03E-12,9.44E-12,9.86E-12,1.03E-11,1.07E-11,1.12E-11,1.16E-11,1.20E-11,1.25E-11,1.29E-11,1.33E-11,1.37E-11,1.41E-11,1.45E-11,1.49E-11,1.53E-11,1.56E-11,1.60E-11,1.63E-11,1.66E-11,1.69E-11,1.72E-11,1.75E-11,1.78E-11,1.81E-11,1.83E-11,1.86E-11,1.88E-11,1.91E-11,1.93E-11,1.95E-11,1.97E-11,1.99E-11,2.01E-11,2.03E-11,2.05E-11,2.06E-11,2.08E-11,2.10E-11,2.11E-11,2.13E-11,2.14E-11,2.16E-11,2.17E-11,2.18E-11,2.20E-11
pcdg,4.08E-12,4.13E-12,4.18E-12,4.24E-12,4.32E-12,4.40E-12,4.50E-12,4.60E-12,4.71E-12,4.82E-12,4.93E-12,5.04E-12,5.13E-12,5.22E-12,5.29E-12,5.36E-12,5.42E-12,5.46E-12,5.50E-12,5.53E-12,5.56E-12,5.58E-12,5.59E-12,5.61E-12,5.62E-12,5.63E-12,5.64E-12,5.65E-12,5.65E-12,5.66E-12,5.67E-12,5.67E-12,5.68E-12,5.68E-12,5.69E-12,5.70E-12,5.70E-12,5.71E-12,5.72E-12,5.73E-12,5.74E-12,5.74E-12,5.75E-12,5.76E-12,5.77E-12,5.78E-12,5.80E-12,5.81E-12,5.82E-12,5.83E-12,5.85E-12,5.86E-12,5.87E-12,5.89E-12,5.90E-12,5.91E-12,5.93E-12,5.94E-12,5.96E-12,5.97E-12,5.99E-12,6.00E-12,6.01E-12,6.03E-12,6.04E-12,6.05E-12,6.07E-12,6.08E-12,6.09E-12,6.10E-12,6.11E-12,6.12E-12,6.13E-12,6.15E-12,6.16E-12,6.17E-12,6.17E-12,6.18E-12,6.19E-12,6.20E-12,6.21E-12,4.94E-12,5.16E-12,5.41E-12,5.67E-12,5.95E-12,6.22E-12,6.50E-12,6.76E-12,7.00E-12,7.21E-12,7.40E-12,7.56E-12,7.69E-12,7.80E-12,7.89E-12,7.97E-12,8.03E-12,8.08E-12,8.12E-12,8.15E-12,8.18E-12,8.21E-12,8.23E-12,8.25E-12,8.27E-12,8.29E-12,8.31E-12,8.33E-12,8.36E-12,8.38E-12,8.40E-12,8.42E-12,8.45E-12,8.48E-12,8.50E-12,8.53E-12,8.56E-12,8.60E-12,8.63E-12,8.67E-12,8.70E-12,8.74E-12,8.78E-12,8.82E-12,8.86E-12,8.90E-12,8.94E-12,8.98E-12,9.02E-12,9.06E-12,9.10E-12,9.14E-12,9.18E-12,9.21E-12,9.25E-12,9.29E-12,9.32E-12,9.35E-12,9.39E-12,9.42E-12,9.45E-12,9.48E-12,9.51E-12,9.53E-12,9.56E-12,9.58E-12,9.61E-12,9.63E-12,9.65E-12,9.67E-12,9.69E-12,9.71E-12,9.73E-12,9.75E-12,9.76E-12,9.78E-12,9.80E-12,9.81E-12,9.82E-12,9.84E-12,9.85E-12,6.01E-12,6.41E-12,6.84E-12,7.29E-12,7.73E-12,8.17E-12,8.58E-12,8.95E-12,9.28E-12,9.56E-12,9.81E-12,1.00E-11,1.02E-11,1.03E-11,1.04E-11,1.05E-11,1.06E-11,1.07E-11,1.07E-11,1.08E-11,1.08E-11,1.09E-11,1.09E-11,1.09E-11,1.10E-11,1.10E-11,1.10E-11,1.11E-11,1.11E-11,1.12E-11,1.12E-11,1.12E-11,1.13E-11,1.13E-11,1.14E-11,1.15E-11,1.15E-11,1.16E-11,1.16E-11,1.17E-11,1.18E-11,1.18E-11,1.19E-11,1.20E-11,1.20E-11,1.21E-11,1.22E-11,1.22E-11,1.23E-11,1.24E-11,1.24E-11,1.25E-11,1.26E-11,1.26E-11,1.27E-11,1.27E-11,1.28E-11,1.28E-11,1.29E-11,1.29E-11,1.30E-11,1.30E-11,1.30E-11,1.31E-11,1.31E-11,1.31E-11,1.32E-11,1.32E-11,1.32E-11,1.33E-11,1.33E-11,1.33E-11,1.33E-11,1.34E-11,1.34E-11,1.34E-11,1.34E-11,1.34E-11,1.35E-11,1.35E-11,1.35E-11,7.29E-12,7.88E-12,8.49E-12,9.11E-12,9.71E-12,1.03E-11,1.08E-11,1.13E-11,1.17E-11,1.20E-11,1.23E-11,1.25E-11,1.27E-11,1.29E-11,1.30E-11,1.31E-11,1.32E-11,1.33E-11,1.33E-11,1.34E-11,1.35E-11,1.35E-11,1.36E-11,1.36E-11,1.37E-11,1.37E-11,1.38E-11,1.38E-11,1.39E-11,1.40E-11,1.40E-11,1.41E-11,1.42E-11,1.43E-11,1.44E-11,1.44E-11,1.45E-11,1.46E-11,1.47E-11,1.48E-11,1.49E-11,1.50E-11,1.51E-11,1.52E-11,1.53E-11,1.54E-11,1.55E-11,1.56E-11,1.57E-11,1.57E-11,1.58E-11,1.59E-11,1.60E-11,1.61E-11,1.61E-11,1.62E-11,1.63E-11,1.63E-11,1.64E-11,1.64E-11,1.65E-11,1.65E-11,1.66E-11,1.66E-11,1.67E-11,1.67E-11,1.68E-11,1.68E-11,1.68E-11,1.69E-11,1.69E-11,1.69E-11,1.70E-11,1.70E-11,1.70E-11,1.70E-11,1.71E-11,1.71E-11,1.71E-11,1.71E-11,1.72E-11,8.71E-12,9.48E-12,1.03E-11,1.10E-11,1.18E-11,1.25E-11,1.31E-11,1.36E-11,1.41E-11,1.44E-11,1.48E-11,1.50E-11,1.52E-11,1.54E-11,1.56E-11,1.57E-11,1.58E-11,1.59E-11,1.60E-11,1.60E-11,1.61E-11,1.62E-11,1.63E-11,1.63E-11,1.64E-11,1.65E-11,1.66E-11,1.66E-11,1.67E-11,1.68E-11,1.69E-11,1.70E-11,1.71E-11,1.72E-11,1.74E-11,1.75E-11,1.76E-11,1.77E-11,1.78E-11,1.80E-11,1.81E-11,1.82E-11,1.83E-11,1.85E-11,1.86E-11,1.87E-11,1.88E-11,1.89E-11,1.90E-11,1.91E-11,1.92E-11,1.93E-11,1.94E-11,1.95E-11,1.96E-11,1.97E-11,1.98E-11,1.98E-11,1.99E-11,2.00E-11,2.00E-11,2.01E-11,2.02E-11,2.02E-11,2.03E-11,2.03E-11,2.04E-11,2.04E-11,2.04E-11,2.05E-11,2.05E-11,2.06E-11,2.06E-11,2.06E-11,2.07E-11,2.07E-11,2.07E-11,2.08E-11,2.08E-11,2.08E-11,2.08E-11,1.02E-11,1.12E-11,1.21E-11,1.30E-11,1.39E-11,1.47E-11,1.54E-11,1.60E-11,1.65E-11,1.69E-11,1.73E-11,1.76E-11,1.78E-11,1.80E-11,1.82E-11,1.83E-11,1.84E-11,1.85E-11,1.86E-11,1.87E-11,1.88E-11,1.89E-11,1.90E-11,1.91E-11,1.91E-11,1.92E-11,1.93E-11,1.95E-11,1.96E-11,1.97E-11,1.98E-11,2.00E-11,2.01E-11,2.02E-11,2.04E-11,2.05E-11,2.07E-11,2.08E-11,2.10E-11,2.11E-11,2.13E-11,2.15E-11,2.16E-11,2.18E-11,2.19E-11,2.20E-11,2.22E-11,2.23E-11,2.24E-11,2.26E-11,2.27E-11,2.28E-11,2.29E-11,2.30E-11,2.31E-11,2.32E-11,2.33E-11,2.34E-11,2.34E-11,2.35E-11,2.36E-11,2.37E-11,2.37E-11,2.38E-11,2.39E-11,2.39E-11,2.40E-11,2.40E-11,2.41E-11,2.41E-11,2.42E-11,2.42E-11,2.42E-11,2.43E-11,2.43E-11,2.43E-11,2.44E-11,2.44E-11,2.44E-11,2.45E-11,2.45E-11,1.17E-11,1.29E-11,1.40E-11,1.50E-11,1.60E-11,1.69E-11,1.77E-11,1.83E-11,1.89E-11,1.94E-11,1.98E-11,2.01E-11,2.03E-11,2.06E-11,2.07E-11,2.09E-11,2.10E-11,2.11E-11,2.13E-11,2.14E-11,2.15E-11,2.16E-11,2.17E-11,2.18E-11,2.19E-11,2.20E-11,2.22E-11,2.23E-11,2.24E-11,2.26E-11,2.27E-11,2.29E-11,2.31E-11,2.32E-11,2.34E-11,2.36E-11,2.38E-11,2.40E-11,2.42E-11,2.43E-11,2.45E-11,2.47E-11,2.49E-11,2.51E-11,2.52E-11,2.54E-11,2.55E-11,2.57E-11,2.58E-11,2.60E-11,2.61E-11,2.62E-11,2.64E-11,2.65E-11,2.66E-11,2.67E-11,2.68E-11,2.69E-11,2.70E-11,2.71E-11,2.72E-11,2.72E-11,2.73E-11,2.74E-11,2.74E-11,2.75E-11,2.76E-11,2.76E-11,2.77E-11,2.77E-11,2.78E-11,2.78E-11,2.79E-11,2.79E-11,2.80E-11,2.80E-11,2.80E-11,2.81E-11,2.81E-11,2.81E-11,2.82E-11
pcdd,3.91E-12,3.91E-12,3.91E-12,3.91E-12,3.91E-12,3.91E-12,3.91E-12,3.91E-12,3.91E-12,3.91E-12,3.91E-12,3.92E-12,3.92E-12,3.92E-12,3.92E-12,3.92E-12,3.92E-12,3.92E-12,3.93E-12,3.93E-12,3.93E-12,3.94E-12,3.94E-12,3.94E-12,3.95E-12,3.95E-12,3.96E-12,3.97E-12,3.97E-12,3.98E-12,3.99E-12,4.00E-12,4.01E-12,4.02E-12,4.03E-12,4.04E-12,4.05E-12,4.07E-12,4.09E-12,4.10E-12,4.12E-12,4.14E-12,4.16E-12,4.18E-12,4.21E-12,4.23E-12,4.26E-12,4.29E-12,4.32E-12,4.35E-12,4.38E-12,4.41E-12,4.44E-12,4.48E-12,4.52E-12,4.55E-12,4.59E-12,4.63E-12,4.67E-12,4.70E-12,4.74E-12,4.78E-12,4.82E-12,4.86E-12,4.90E-12,4.93E-12,4.97E-12,5.01E-12,5.04E-12,5.08E-12,5.11E-12,5.15E-12,5.18E-12,5.21E-12,5.25E-12,5.28E-12,5.31E-12,5.34E-12,5.37E-12,5.40E-12,5.42E-12,3.91E-12,3.91E-12,3.91E-12,3.92E-12,3.92E-12,3.92E-12,3.92E-12,3.92E-12,3.93E-12,3.93E-12,3.93E-12,3.94E-12,3.94E-12,3.95E-12,3.96E-12,3.97E-12,3.97E-12,3.98E-12,4.00E-12,4.01E-12,4.02E-12,4.04E-12,4.06E-12,4.08E-12,4.10E-12,4.12E-12,4.15E-12,4.18E-12,4.21E-12,4.25E-12,4.29E-12,4.33E-12,4.37E-12,4.42E-12,4.48E-12,4.54E-12,4.60E-12,4.66E-12,4.73E-12,4.81E-12,4.88E-12,4.96E-12,5.05E-12,5.13E-12,5.22E-12,5.31E-12,5.41E-12,5.50E-12,5.59E-12,5.69E-12,5.79E-12,5.88E-12,5.98E-12,6.07E-12,6.16E-12,6.26E-12,6.35E-12,6.44E-12,6.52E-12,6.61E-12,6.69E-12,6.77E-12,6.85E-12,6.93E-12,7.00E-12,7.07E-12,7.14E-12,7.21E-12,7.28E-12,7.34E-12,7.40E-12,7.46E-12,7.52E-12,7.57E-12,7.63E-12,7.68E-12,7.73E-12,7.78E-12,7.83E-12,7.87E-12,7.92E-12,3.92E-12,3.92E-12,3.92E-12,3.92E-12,3.92E-12,3.93E-12,3.93E-12,3.94E-12,3.94E-12,3.95E-12,3.96E-12,3.97E-12,3.98E-12,3.99E-12,4.01E-12,4.02E-12,4.04E-12,4.06E-12,4.08E-12,4.11E-12,4.14E-12,4.17E-12,4.21E-12,4.25E-12,4.29E-12,4.34E-12,4.40E-12,4.46E-12,4.52E-12,4.59E-12,4.67E-12,4.76E-12,4.85E-12,4.94E-12,5.05E-12,5.16E-12,5.28E-12,5.40E-12,5.53E-12,5.66E-12,5.80E-12,5.95E-12,6.09E-12,6.24E-12,6.39E-12,6.55E-12,6.70E-12,6.85E-12,7.01E-12,7.16E-12,7.31E-12,7.45E-12,7.60E-12,7.74E-12,7.88E-12,8.01E-12,8.14E-12,8.27E-12,8.40E-12,8.52E-12,8.64E-12,8.75E-12,8.86E-12,8.97E-12,9.07E-12,9.17E-12,9.26E-12,9.36E-12,9.45E-12,9.53E-12,9.62E-12,9.70E-12,9.78E-12,9.85E-12,9.92E-12,9.99E-12,1.01E-11,1.01E-11,1.02E-11,1.03E-11,1.03E-11,3.92E-12,3.92E-12,3.92E-12,3.93E-12,3.93E-12,3.94E-12,3.95E-12,3.95E-12,3.96E-12,3.98E-12,3.99E-12,4.01E-12,4.02E-12,4.04E-12,4.07E-12,4.09E-12,4.12E-12,4.16E-12,4.19E-12,4.23E-12,4.28E-12,4.33E-12,4.39E-12,4.46E-12,4.53E-12,4.61E-12,4.70E-12,4.79E-12,4.90E-12,5.01E-12,5.13E-12,5.26E-12,5.41E-12,5.56E-12,5.72E-12,5.89E-12,6.07E-12,6.25E-12,6.44E-12,6.64E-12,6.84E-12,7.05E-12,7.26E-12,7.47E-12,7.68E-12,7.89E-12,8.10E-12,8.30E-12,8.51E-12,8.71E-12,8.90E-12,9.10E-12,9.28E-12,9.47E-12,9.65E-12,9.82E-12,9.99E-12,1.02E-11,1.03E-11,1.05E-11,1.06E-11,1.08E-11,1.09E-11,1.10E-11,1.12E-11,1.13E-11,1.14E-11,1.15E-11,1.16E-11,1.17E-11,1.18E-11,1.19E-11,1.20E-11,1.21E-11,1.22E-11,1.23E-11,1.24E-11,1.25E-11,1.25E-11,1.26E-11,1.27E-11,3.92E-12,3.93E-12,3.93E-12,3.94E-12,3.94E-12,3.95E-12,3.96E-12,3.98E-12,3.99E-12,4.01E-12,4.03E-12,4.05E-12,4.07E-12,4.10E-12,4.14E-12,4.17E-12,4.22E-12,4.26E-12,4.32E-12,4.38E-12,4.44E-12,4.52E-12,4.60E-12,4.69E-12,4.80E-12,4.91E-12,5.03E-12,5.17E-12,5.32E-12,5.48E-12,5.65E-12,5.83E-12,6.03E-12,6.24E-12,6.46E-12,6.69E-12,6.93E-12,7.18E-12,7.43E-12,7.69E-12,7.95E-12,8.22E-12,8.49E-12,8.75E-12,9.02E-12,9.28E-12,9.54E-12,9.80E-12,1.01E-11,1.03E-11,1.05E-11,1.08E-11,1.10E-11,1.12E-11,1.14E-11,1.17E-11,1.19E-11,1.20E-11,1.22E-11,1.24E-11,1.26E-11,1.28E-11,1.29E-11,1.31E-11,1.32E-11,1.34E-11,1.35E-11,1.37E-11,1.38E-11,1.39E-11,1.40E-11,1.42E-11,1.43E-11,1.44E-11,1.45E-11,1.46E-11,1.47E-11,1.48E-11,1.49E-11,1.50E-11,1.50E-11,3.93E-12,3.93E-12,3.94E-12,3.95E-12,3.96E-12,3.97E-12,3.98E-12,4.00E-12,4.02E-12,4.04E-12,4.07E-12,4.10E-12,4.13E-12,4.17E-12,4.21E-12,4.26E-12,4.32E-12,4.38E-12,4.45E-12,4.53E-12,4.62E-12,4.72E-12,4.83E-12,4.95E-12,5.09E-12,5.24E-12,5.40E-12,5.58E-12,5.77E-12,5.98E-12,6.20E-12,6.44E-12,6.70E-12,6.96E-12,7.24E-12,7.53E-12,7.83E-12,8.14E-12,8.46E-12,8.78E-12,9.10E-12,9.43E-12,9.75E-12,1.01E-11,1.04E-11,1.07E-11,1.10E-11,1.13E-11,1.16E-11,1.19E-11,1.22E-11,1.25E-11,1.27E-11,1.30E-11,1.32E-11,1.35E-11,1.37E-11,1.39E-11,1.42E-11,1.44E-11,1.46E-11,1.48E-11,1.50E-11,1.51E-11,1.53E-11,1.55E-11,1.56E-11,1.58E-11,1.59E-11,1.61E-11,1.62E-11,1.64E-11,1.65E-11,1.66E-11,1.67E-11,1.69E-11,1.70E-11,1.71E-11,1.72E-11,1.73E-11,1.74E-11,3.93E-12,3.94E-12,3.95E-12,3.96E-12,3.97E-12,3.98E-12,4.00E-12,4.02E-12,4.05E-12,4.07E-12,4.11E-12,4.14E-12,4.19E-12,4.24E-12,4.29E-12,4.35E-12,4.42E-12,4.50E-12,4.59E-12,4.69E-12,4.80E-12,4.93E-12,5.07E-12,5.22E-12,5.39E-12,5.58E-12,5.78E-12,6.01E-12,6.25E-12,6.51E-12,6.78E-12,7.08E-12,7.39E-12,7.71E-12,8.05E-12,8.41E-12,8.77E-12,9.14E-12,9.51E-12,9.89E-12,1.03E-11,1.07E-11,1.10E-11,1.14E-11,1.18E-11,1.22E-11,1.25E-11,1.29E-11,1.32E-11,1.35E-11,1.39E-11,1.42E-11,1.45E-11,1.48E-11,1.51E-11,1.53E-11,1.56E-11,1.58E-11,1.61E-11,1.63E-11,1.65E-11,1.68E-11,1.70E-11,1.72E-11,1.74E-11,1.76E-11,1.77E-11,1.79E-11,1.81E-11,1.83E-11,1.84E-11,1.86E-11,1.87E-11,1.88E-11,1.90E-11,1.91E-11,1.92E-11,1.94E-11,1.95E-11,1.96E-11,1.97E-11
pcgs,4.34E-12,4.45E-12,4.58E-12,4.74E-12,4.92E-12,5.13E-12,5.36E-12,5.61E-12,5.88E-12,6.15E-12,6.41E-12,6.67E-12,6.90E-12,7.11E-12,7.29E-12,7.45E-12,7.58E-12,7.69E-12,7.77E-12,7.85E-12,7.90E-12,7.95E-12,7.98E-12,8.01E-12,8.03E-12,8.05E-12,8.06E-12,8.07E-12,8.08E-12,8.08E-12,8.09E-12,8.09E-12,8.09E-12,8.09E-12,8.09E-12,8.08E-12,8.08E-12,8.08E-12,8.07E-12,8.07E-12,8.06E-12,8.06E-12,8.05E-12,8.04E-12,8.04E-12,8.03E-12,8.02E-12,8.01E-12,7.99E-12,7.98E-12,7.97E-12,7.96E-12,7.94E-12,7.93E-12,7.91E-12,7.90E-12,7.88E-12,7.86E-12,7.85E-12,7.83E-12,7.81E-12,7.79E-12,7.77E-12,7.76E-12,7.74E-12,7.72E-12,7.70E-12,7.68E-12,7.66E-12,7.65E-12,7.63E-12,7.61E-12,7.59E-12,7.58E-12,7.56E-12,7.54E-12,7.53E-12,7.51E-12,7.50E-12,7.48E-12,7.46E-12,6.41E-12,6.92E-12,7.50E-12,8.13E-12,8.78E-12,9.44E-12,1.01E-11,1.07E-11,1.13E-11,1.18E-11,1.22E-11,1.26E-11,1.29E-11,1.31E-11,1.33E-11,1.35E-11,1.36E-11,1.37E-11,1.38E-11,1.39E-11,1.39E-11,1.39E-11,1.40E-11,1.40E-11,1.40E-11,1.40E-11,1.40E-11,1.40E-11,1.40E-11,1.40E-11,1.40E-11,1.40E-11,1.40E-11,1.40E-11,1.40E-11,1.40E-11,1.39E-11,1.39E-11,1.39E-11,1.39E-11,1.38E-11,1.38E-11,1.38E-11,1.37E-11,1.37E-11,1.37E-11,1.36E-11,1.36E-11,1.35E-11,1.35E-11,1.35E-11,1.34E-11,1.34E-11,1.33E-11,1.33E-11,1.32E-11,1.32E-11,1.31E-11,1.31E-11,1.30E-11,1.30E-11,1.30E-11,1.29E-11,1.29E-11,1.28E-11,1.28E-11,1.27E-11,1.27E-11,1.27E-11,1.26E-11,1.26E-11,1.26E-11,1.25E-11,1.25E-11,1.25E-11,1.24E-11,1.24E-11,1.24E-11,1.23E-11,1.23E-11,1.23E-11,8.94E-12,9.88E-12,1.09E-11,1.19E-11,1.30E-11,1.40E-11,1.49E-11,1.58E-11,1.66E-11,1.72E-11,1.78E-11,1.82E-11,1.86E-11,1.89E-11,1.92E-11,1.93E-11,1.95E-11,1.96E-11,1.97E-11,1.98E-11,1.98E-11,1.99E-11,1.99E-11,1.99E-11,1.99E-11,1.99E-11,1.99E-11,1.99E-11,1.99E-11,1.99E-11,1.99E-11,1.99E-11,1.99E-11,1.98E-11,1.98E-11,1.98E-11,1.97E-11,1.97E-11,1.96E-11,1.96E-11,1.95E-11,1.95E-11,1.94E-11,1.93E-11,1.93E-11,1.92E-11,1.91E-11,1.91E-11,1.90E-11,1.89E-11,1.89E-11,1.88E-11,1.87E-11,1.86E-11,1.86E-11,1.85E-11,1.84E-11,1.84E-11,1.83E-11,1.82E-11,1.82E-11,1.81E-11,1.80E-11,1.80E-11,1.79E-11,1.78E-11,1.78E-11,1.77E-11,1.77E-11,1.76E-11,1.76E-11,1.75E-11,1.75E-11,1.74E-11,1.74E-11,1.73E-11,1.73E-11,1.72E-11,1.72E-11,1.72E-11,1.71E-11,1.19E-11,1.33E-11,1.47E-11,1.62E-11,1.76E-11,1.89E-11,2.01E-11,2.11E-11,2.20E-11,2.28E-11,2.34E-11,2.39E-11,2.44E-11,2.47E-11,2.50E-11,2.52E-11,2.53E-11,2.55E-11,2.56E-11,2.56E-11,2.57E-11,2.57E-11,2.58E-11,2.58E-11,2.58E-11,2.58E-11,2.58E-11,2.58E-11,2.58E-11,2.58E-11,2.57E-11,2.57E-11,2.56E-11,2.56E-11,2.55E-11,2.55E-11,2.54E-11,2.54E-11,2.53E-11,2.52E-11,2.51E-11,2.50E-11,2.50E-11,2.49E-11,2.48E-11,2.47E-11,2.46E-11,2.45E-11,2.44E-11,2.43E-11,2.42E-11,2.41E-11,2.40E-11,2.39E-11,2.38E-11,2.37E-11,2.36E-11,2.35E-11,2.34E-11,2.33E-11,2.33E-11,2.32E-11,2.31E-11,2.30E-11,2.29E-11,2.29E-11,2.28E-11,2.27E-11,2.26E-11,2.26E-11,2.25E-11,2.24E-11,2.24E-11,2.23E-11,2.23E-11,2.22E-11,2.21E-11,2.21E-11,2.20E-11,2.20E-11,2.19E-11,1.52E-11,1.70E-11,1.88E-11,2.06E-11,2.23E-11,2.39E-11,2.53E-11,2.65E-11,2.75E-11,2.84E-11,2.91E-11,2.96E-11,3.01E-11,3.05E-11,3.08E-11,3.10E-11,3.12E-11,3.13E-11,3.14E-11,3.15E-11,3.15E-11,3.16E-11,3.16E-11,3.16E-11,3.16E-11,3.16E-11,3.16E-11,3.16E-11,3.16E-11,3.15E-11,3.15E-11,3.14E-11,3.14E-11,3.13E-11,3.12E-11,3.12E-11,3.11E-11,3.10E-11,3.09E-11,3.08E-11,3.07E-11,3.06E-11,3.04E-11,3.03E-11,3.02E-11,3.01E-11,2.99E-11,2.98E-11,2.97E-11,2.96E-11,2.94E-11,2.93E-11,2.92E-11,2.91E-11,2.90E-11,2.88E-11,2.87E-11,2.86E-11,2.85E-11,2.84E-11,2.83E-11,2.82E-11,2.81E-11,2.80E-11,2.79E-11,2.78E-11,2.77E-11,2.76E-11,2.76E-11,2.75E-11,2.74E-11,2.73E-11,2.72E-11,2.72E-11,2.71E-11,2.70E-11,2.69E-11,2.69E-11,2.68E-11,2.68E-11,2.67E-11,1.87E-11,2.08E-11,2.30E-11,2.51E-11,2.71E-11,2.89E-11,3.05E-11,3.18E-11,3.30E-11,3.39E-11,3.47E-11,3.53E-11,3.58E-11,3.62E-11,3.65E-11,3.67E-11,3.69E-11,3.71E-11,3.72E-11,3.73E-11,3.73E-11,3.74E-11,3.74E-11,3.74E-11,3.74E-11,3.74E-11,3.74E-11,3.74E-11,3.73E-11,3.73E-11,3.72E-11,3.71E-11,3.71E-11,3.70E-11,3.69E-11,3.68E-11,3.67E-11,3.65E-11,3.64E-11,3.63E-11,3.62E-11,3.60E-11,3.59E-11,3.57E-11,3.56E-11,3.54E-11,3.53E-11,3.51E-11,3.50E-11,3.48E-11,3.47E-11,3.45E-11,3.44E-11,3.42E-11,3.41E-11,3.40E-11,3.38E-11,3.37E-11,3.36E-11,3.34E-11,3.33E-11,3.32E-11,3.31E-11,3.30E-11,3.29E-11,3.27E-11,3.26E-11,3.25E-11,3.24E-11,3.23E-11,3.22E-11,3.22E-11,3.21E-11,3.20E-11,3.19E-11,3.18E-11,3.17E-11,3.17E-11,3.16E-11,3.15E-11,3.14E-11,2.22E-11,2.47E-11,2.73E-11,2.97E-11,3.19E-11,3.39E-11,3.57E-11,3.72E-11,3.84E-11,3.94E-11,4.03E-11,4.09E-11,4.15E-11,4.19E-11,4.22E-11,4.25E-11,4.27E-11,4.28E-11,4.30E-11,4.30E-11,4.31E-11,4.31E-11,4.32E-11,4.32E-11,4.32E-11,4.32E-11,4.31E-11,4.31E-11,4.30E-11,4.30E-11,4.29E-11,4.28E-11,4.27E-11,4.26E-11,4.25E-11,4.24E-11,4.22E-11,4.21E-11,4.19E-11,4.18E-11,4.16E-11,4.14E-11,4.13E-11,4.11E-11,4.09E-11,4.07E-11,4.06E-11,4.04E-11,4.02E-11,4.00E-11,3.99E-11,3.97E-11,3.95E-11,3.94E-11,3.92E-11,3.90E-11,3.89E-11,3.87E-11,3.86E-11,3.84E-11,3.83E-11,3.82E-11,3.80E-11,3.79E-11,3.78E-11,3.77E-11,3.75E-11,3.74E-11,3.73E-11,3.72E-11,3.71E-11,3.70E-11,3.69E-11,3.68E-11,3.67E-11,3.66E-11,3.65E-11,3.64E-11,3.63E-11,3.62E-11,3.62E-11
pcsg,4.08E-12,4.13E-12,4.18E-12,4.24E-12,4.32E-12,4.40E-12,4.50E-12,4.60E-12,4.71E-12,4.82E-12,4.93E-12,5.04E-12,5.13E-12,5.22E-12,5.29E-12,5.36E-12,5.42E-12,5.46E-12,5.50E-12,5.53E-12,5.56E-12,5.58E-12,5.59E-12,5.61E-12,5.62E-12,5.63E-12,5.64E-12,5.65E-12,5.65E-12,5.66E-12,5.67E-12,5.67E-12,5.68E-12,5.68E-12,5.69E-12,5.70E-12,5.70E-12,5.71E-12,5.72E-12,5.73E-12,5.74E-12,5.74E-12,5.75E-12,5.76E-12,5.77E-12,5.78E-12,5.80E-12,5.81E-12,5.82E-12,5.83E-12,5.85E-12,5.86E-12,5.87E-12,5.89E-12,5.90E-12,5.91E-12,5.93E-12,5.94E-12,5.96E-12,5.97E-12,5.99E-12,6.00E-12,6.01E-12,6.03E-12,6.04E-12,6.05E-12,6.07E-12,6.08E-12,6.09E-12,6.10E-12,6.11E-12,6.12E-12,6.13E-12,6.15E-12,6.16E-12,6.17E-12,6.17E-12,6.18E-12,6.19E-12,6.20E-12,6.21E-12,4.94E-12,5.16E-12,5.41E-12,5.67E-12,5.95E-12,6.22E-12,6.50E-12,6.76E-12,7.00E-12,7.21E-12,7.40E-12,7.56E-12,7.69E-12,7.80E-12,7.89E-12,7.97E-12,8.03E-12,8.08E-12,8.12E-12,8.15E-12,8.18E-12,8.21E-12,8.23E-12,8.25E-12,8.27E-12,8.29E-12,8.31E-12,8.33E-12,8.36E-12,8.38E-12,8.40E-12,8.42E-12,8.45E-12,8.48E-12,8.50E-12,8.53E-12,8.56E-12,8.60E-12,8.63E-12,8.67E-12,8.70E-12,8.74E-12,8.78E-12,8.82E-12,8.86E-12,8.90E-12,8.94E-12,8.98E-12,9.02E-12,9.06E-12,9.10E-12,9.14E-12,9.18E-12,9.21E-12,9.25E-12,9.29E-12,9.32E-12,9.35E-12,9.39E-12,9.42E-12,9.45E-12,9.48E-12,9.51E-12,9.53E-12,9.56E-12,9.58E-12,9.61E-12,9.63E-12,9.65E-12,9.67E-12,9.69E-12,9.71E-12,9.73E-12,9.75E-12,9.76E-12,9.78E-12,9.80E-12,9.81E-12,9.82E-12,9.84E-12,9.85E-12,6.01E-12,6.41E-12,6.84E-12,7.29E-12,7.73E-12,8.17E-12,8.58E-12,8.95E-12,9.28E-12,9.56E-12,9.81E-12,1.00E-11,1.02E-11,1.03E-11,1.04E-11,1.05E-11,1.06E-11,1.07E-11,1.07E-11,1.08E-11,1.08E-11,1.09E-11,1.09E-11,1.09E-11,1.10E-11,1.10E-11,1.10E-11,1.11E-11,1.11E-11,1.12E-11,1.12E-11,1.12E-11,1.13E-11,1.13E-11,1.14E-11,1.15E-11,1.15E-11,1.16E-11,1.16E-11,1.17E-11,1.18E-11,1.18E-11,1.19E-11,1.20E-11,1.20E-11,1.21E-11,1.22E-11,1.22E-11,1.23E-11,1.24E-11,1.24E-11,1.25E-11,1.26E-11,1.26E-11,1.27E-11,1.27E-11,1.28E-11,1.28E-11,1.29E-11,1.29E-11,1.30E-11,1.30E-11,1.30E-11,1.31E-11,1.31E-11,1.31E-11,1.32E-11,1.32E-11,1.32E-11,1.33E-11,1.33E-11,1.33E-11,1.33E-11,1.34E-11,1.34E-11,1.34E-11,1.34E-11,1.34E-11,1.35E-11,1.35E-11,1.35E-11,7.29E-12,7.88E-12,8.49E-12,9.11E-12,9.71E-12,1.03E-11,1.08E-11,1.13E-11,1.17E-11,1.20E-11,1.23E-11,1.25E-11,1.27E-11,1.29E-11,1.30E-11,1.31E-11,1.32E-11,1.33E-11,1.33E-11,1.34E-11,1.35E-11,1.35E-11,1.36E-11,1.36E-11,1.37E-11,1.37E-11,1.38E-11,1.38E-11,1.39E-11,1.40E-11,1.40E-11,1.41E-11,1.42E-11,1.43E-11,1.44E-11,1.44E-11,1.45E-11,1.46E-11,1.47E-11,1.48E-11,1.49E-11,1.50E-11,1.51E-11,1.52E-11,1.53E-11,1.54E-11,1.55E-11,1.56E-11,1.57E-11,1.57E-11,1.58E-11,1.59E-11,1.60E-11,1.61E-11,1.61E-11,1.62E-11,1.63E-11,1.63E-11,1.64E-11,1.64E-11,1.65E-11,1.65E-11,1.66E-11,1.66E-11,1.67E-11,1.67E-11,1.68E-11,1.68E-11,1.68E-11,1.69E-11,1.69E-11,1.69E-11,1.70E-11,1.70E-11,1.70E-11,1.70E-11,1.71E-11,1.71E-11,1.71E-11,1.71E-11,1.72E-11,8.71E-12,9.48E-12,1.03E-11,1.10E-11,1.18E-11,1.25E-11,1.31E-11,1.36E-11,1.41E-11,1.44E-11,1.48E-11,1.50E-11,1.52E-11,1.54E-11,1.56E-11,1.57E-11,1.58E-11,1.59E-11,1.60E-11,1.60E-11,1.61E-11,1.62E-11,1.63E-11,1.63E-11,1.64E-11,1.65E-11,1.66E-11,1.66E-11,1.67E-11,1.68E-11,1.69E-11,1.70E-11,1.71E-11,1.72E-11,1.74E-11,1.75E-11,1.76E-11,1.77E-11,1.78E-11,1.80E-11,1.81E-11,1.82E-11,1.83E-11,1.85E-11,1.86E-11,1.87E-11,1.88E-11,1.89E-11,1.90E-11,1.91E-11,1.92E-11,1.93E-11,1.94E-11,1.95E-11,1.96E-11,1.97E-11,1.98E-11,1.98E-11,1.99E-11,2.00E-11,2.00E-11,2.01E-11,2.02E-11,2.02E-11,2.03E-11,2.03E-11,2.04E-11,2.04E-11,2.04E-11,2.05E-11,2.05E-11,2.06E-11,2.06E-11,2.06E-11,2.07E-11,2.07E-11,2.07E-11,2.08E-11,2.08E-11,2.08E-11,2.08E-11,1.02E-11,1.12E-11,1.21E-11,1.30E-11,1.39E-11,1.47E-11,1.54E-11,1.60E-11,1.65E-11,1.69E-11,1.73E-11,1.76E-11,1.78E-11,1.80E-11,1.82E-11,1.83E-11,1.84E-11,1.85E-11,1.86E-11,1.87E-11,1.88E-11,1.89E-11,1.90E-11,1.91E-11,1.91E-11,1.92E-11,1.93E-11,1.95E-11,1.96E-11,1.97E-11,1.98E-11,2.00E-11,2.01E-11,2.02E-11,2.04E-11,2.05E-11,2.07E-11,2.08E-11,2.10E-11,2.11E-11,2.13E-11,2.15E-11,2.16E-11,2.18E-11,2.19E-11,2.20E-11,2.22E-11,2.23E-11,2.24E-11,2.26E-11,2.27E-11,2.28E-11,2.29E-11,2.30E-11,2.31E-11,2.32E-11,2.33E-11,2.34E-11,2.34E-11,2.35E-11,2.36E-11,2.37E-11,2.37E-11,2.38E-11,2.39E-11,2.39E-11,2.40E-11,2.40E-11,2.41E-11,2.41E-11,2.42E-11,2.42E-11,2.42E-11,2.43E-11,2.43E-11,2.43E-11,2.44E-11,2.44E-11,2.44E-11,2.45E-11,2.45E-11,1.17E-11,1.29E-11,1.40E-11,1.50E-11,1.60E-11,1.69E-11,1.77E-11,1.83E-11,1.89E-11,1.94E-11,1.98E-11,2.01E-11,2.03E-11,2.06E-11,2.07E-11,2.09E-11,2.10E-11,2.11E-11,2.13E-11,2.14E-11,2.15E-11,2.16E-11,2.17E-11,2.18E-11,2.19E-11,2.20E-11,2.22E-11,2.23E-11,2.24E-11,2.26E-11,2.27E-11,2.29E-11,2.31E-11,2.32E-11,2.34E-11,2.36E-11,2.38E-11,2.40E-11,2.42E-11,2.43E-11,2.45E-11,2.47E-11,2.49E-11,2.51E-11,2.52E-11,2.54E-11,2.55E-11,2.57E-11,2.58E-11,2.60E-11,2.61E-11,2.62E-11,2.64E-11,2.65E-11,2.66E-11,2.67E-11,2.68E-11,2.69E-11,2.70E-11,2.71E-11,2.72E-11,2.72E-11,2.73E-11,2.74E-11,2.74E-11,2.75E-11,2.76E-11,2.76E-11,2.77E-11,2.77E-11,2.78E-11,2.78E-11,2.79E-11,2.79E-11,2.80E-11,2.80E-11,2.80E-11,2.81E-11,2.81E-11,2.81E-11,2.82E-11
pcss,4.14E-12,4.20E-12,4.27E-12,4.35E-12,4.45E-12,4.56E-12,4.69E-12,4.82E-12,4.96E-12,5.11E-12,5.25E-12,5.39E-12,5.51E-12,5.62E-12,5.72E-12,5.80E-12,5.87E-12,5.93E-12,5.98E-12,6.01E-12,6.04E-12,6.07E-12,6.08E-12,6.10E-12,6.11E-12,6.12E-12,6.12E-12,6.12E-12,6.13E-12,6.13E-12,6.13E-12,6.13E-12,6.12E-12,6.12E-12,6.12E-12,6.11E-12,6.11E-12,6.10E-12,6.10E-12,6.09E-12,6.08E-12,6.08E-12,6.07E-12,6.06E-12,6.05E-12,6.04E-12,6.02E-12,6.01E-12,6.00E-12,5.98E-12,5.97E-12,5.95E-12,5.93E-12,5.92E-12,5.90E-12,5.88E-12,5.86E-12,5.84E-12,5.82E-12,5.80E-12,5.78E-12,5.76E-12,5.73E-12,5.71E-12,5.69E-12,5.67E-12,5.65E-12,5.63E-12,5.61E-12,5.58E-12,5.56E-12,5.54E-12,5.52E-12,5.50E-12,5.48E-12,5.46E-12,5.44E-12,5.42E-12,5.41E-12,5.39E-12,5.37E-12,5.28E-12,5.57E-12,5.89E-12,6.24E-12,6.60E-12,6.97E-12,7.32E-12,7.66E-12,7.97E-12,8.25E-12,8.48E-12,8.69E-12,8.86E-12,8.99E-12,9.10E-12,9.19E-12,9.26E-12,9.32E-12,9.36E-12,9.39E-12,9.42E-12,9.43E-12,9.45E-12,9.45E-12,9.46E-12,9.46E-12,9.46E-12,9.45E-12,9.45E-12,9.44E-12,9.43E-12,9.42E-12,9.41E-12,9.39E-12,9.37E-12,9.35E-12,9.33E-12,9.31E-12,9.28E-12,9.25E-12,9.22E-12,9.19E-12,9.15E-12,9.11E-12,9.08E-12,9.04E-12,8.99E-12,8.95E-12,8.91E-12,8.86E-12,8.81E-12,8.77E-12,8.72E-12,8.67E-12,8.63E-12,8.58E-12,8.53E-12,8.48E-12,8.44E-12,8.39E-12,8.35E-12,8.30E-12,8.26E-12,8.21E-12,8.17E-12,8.13E-12,8.09E-12,8.05E-12,8.01E-12,7.97E-12,7.93E-12,7.90E-12,7.86E-12,7.83E-12,7.79E-12,7.76E-12,7.73E-12,7.70E-12,7.67E-12,7.64E-12,7.61E-12,6.71E-12,7.24E-12,7.80E-12,8.39E-12,8.98E-12,9.55E-12,1.01E-11,1.06E-11,1.10E-11,1.14E-11,1.17E-11,1.19E-11,1.21E-11,1.23E-11,1.24E-11,1.25E-11,1.26E-11,1.27E-11,1.27E-11,1.28E-11,1.28E-11,1.28E-11,1.28E-11,1.28E-11,1.28E-11,1.28E-11,1.28E-11,1.28E-11,1.28E-11,1.28E-11,1.28E-11,1.27E-11,1.27E-11,1.27E-11,1.26E-11,1.26E-11,1.26E-11,1.25E-11,1.25E-11,1.24E-11,1.24E-11,1.23E-11,1.22E-11,1.22E-11,1.21E-11,1.20E-11,1.20E-11,1.19E-11,1.18E-11,1.18E-11,1.17E-11,1.16E-11,1.15E-11,1.15E-11,1.14E-11,1.13E-11,1.13E-11,1.12E-11,1.11E-11,1.11E-11,1.10E-11,1.09E-11,1.09E-11,1.08E-11,1.08E-11,1.07E-11,1.06E-11,1.06E-11,1.05E-11,1.05E-11,1.04E-11,1.04E-11,1.03E-11,1.03E-11,1.02E-11,1.02E-11,1.02E-11,1.01E-11,1.01E-11,1.00E-11,9.99E-12,8.42E-12,9.20E-12,1.00E-11,1.08E-11,1.16E-11,1.23E-11,1.30E-11,1.36E-11,1.41E-11,1.46E-11,1.49E-11,1.52E-11,1.54E-11,1.56E-11,1.58E-11,1.59E-11,1.60E-11,1.61E-11,1.61E-11,1.61E-11,1.62E-11,1.62E-11,1.62E-11,1.62E-11,1.62E-11,1.62E-11,1.62E-11,1.61E-11,1.61E-11,1.61E-11,1.61E-11,1.60E-11,1.60E-11,1.59E-11,1.59E-11,1.58E-11,1.58E-11,1.57E-11,1.56E-11,1.55E-11,1.55E-11,1.54E-11,1.53E-11,1.52E-11,1.51E-11,1.50E-11,1.49E-11,1.48E-11,1.47E-11,1.47E-11,1.46E-11,1.45E-11,1.44E-11,1.43E-11,1.42E-11,1.41E-11,1.40E-11,1.39E-11,1.38E-11,1.38E-11,1.37E-11,1.36E-11,1.35E-11,1.34E-11,1.34E-11,1.33E-11,1.32E-11,1.32E-11,1.31E-11,1.30E-11,1.30E-11,1.29E-11,1.28E-11,1.28E-11,1.27E-11,1.27E-11,1.26E-11,1.26E-11,1.25E-11,1.25E-11,1.24E-11,1.03E-11,1.13E-11,1.24E-11,1.34E-11,1.44E-11,1.52E-11,1.60E-11,1.67E-11,1.73E-11,1.78E-11,1.82E-11,1.85E-11,1.88E-11,1.90E-11,1.91E-11,1.93E-11,1.94E-11,1.94E-11,1.95E-11,1.95E-11,1.95E-11,1.96E-11,1.96E-11,1.96E-11,1.95E-11,1.95E-11,1.95E-11,1.95E-11,1.94E-11,1.94E-11,1.94E-11,1.93E-11,1.92E-11,1.92E-11,1.91E-11,1.90E-11,1.89E-11,1.89E-11,1.88E-11,1.87E-11,1.86E-11,1.84E-11,1.83E-11,1.82E-11,1.81E-11,1.80E-11,1.79E-11,1.78E-11,1.76E-11,1.75E-11,1.74E-11,1.73E-11,1.72E-11,1.71E-11,1.70E-11,1.69E-11,1.68E-11,1.66E-11,1.65E-11,1.65E-11,1.64E-11,1.63E-11,1.62E-11,1.61E-11,1.60E-11,1.59E-11,1.58E-11,1.57E-11,1.57E-11,1.56E-11,1.55E-11,1.54E-11,1.54E-11,1.53E-11,1.52E-11,1.52E-11,1.51E-11,1.50E-11,1.50E-11,1.49E-11,1.49E-11,1.23E-11,1.36E-11,1.48E-11,1.60E-11,1.71E-11,1.82E-11,1.91E-11,1.98E-11,2.05E-11,2.10E-11,2.15E-11,2.18E-11,2.21E-11,2.23E-11,2.25E-11,2.26E-11,2.27E-11,2.28E-11,2.28E-11,2.29E-11,2.29E-11,2.29E-11,2.29E-11,2.29E-11,2.29E-11,2.29E-11,2.28E-11,2.28E-11,2.28E-11,2.27E-11,2.26E-11,2.26E-11,2.25E-11,2.24E-11,2.23E-11,2.22E-11,2.21E-11,2.20E-11,2.19E-11,2.18E-11,2.16E-11,2.15E-11,2.14E-11,2.12E-11,2.11E-11,2.10E-11,2.08E-11,2.07E-11,2.05E-11,2.04E-11,2.03E-11,2.01E-11,2.00E-11,1.99E-11,1.97E-11,1.96E-11,1.95E-11,1.94E-11,1.93E-11,1.92E-11,1.90E-11,1.89E-11,1.88E-11,1.87E-11,1.86E-11,1.85E-11,1.84E-11,1.83E-11,1.82E-11,1.82E-11,1.81E-11,1.80E-11,1.79E-11,1.78E-11,1.78E-11,1.77E-11,1.76E-11,1.75E-11,1.75E-11,1.74E-11,1.73E-11,1.43E-11,1.58E-11,1.73E-11,1.87E-11,2.00E-11,2.11E-11,2.21E-11,2.30E-11,2.37E-11,2.43E-11,2.47E-11,2.51E-11,2.54E-11,2.56E-11,2.58E-11,2.60E-11,2.61E-11,2.62E-11,2.62E-11,2.63E-11,2.63E-11,2.63E-11,2.63E-11,2.63E-11,2.63E-11,2.62E-11,2.62E-11,2.61E-11,2.61E-11,2.60E-11,2.59E-11,2.58E-11,2.57E-11,2.56E-11,2.55E-11,2.54E-11,2.53E-11,2.52E-11,2.50E-11,2.49E-11,2.47E-11,2.46E-11,2.44E-11,2.42E-11,2.41E-11,2.39E-11,2.38E-11,2.36E-11,2.34E-11,2.33E-11,2.31E-11,2.30E-11,2.28E-11,2.27E-11,2.25E-11,2.24E-11,2.23E-11,2.21E-11,2.20E-11,2.19E-11,2.17E-11,2.16E-11,2.15E-11,2.14E-11,2.13E-11,2.12E-11,2.10E-11,2.09E-11,2.08E-11,2.07E-11,2.06E-11,2.06E-11,2.05E-11,2.04E-11,2.03E-11,2.02E-11,2.01E-11,2.00E-11,2.00E-11,1.99E-11,1.98E-11
pft,1.45E+08,1.80E+08,2.22E+08,2.72E+08,3.32E+08,4.04E+08,4.89E+08,5.89E+08,7.04E+08,8.37E+08,9.88E+08,1.16E+09,1.35E+09,1.56E+09,1.79E+09,2.03E+09,2.29E+09,2.56E+09,2.84E+09,3.12E+09,3.40E+09,3.67E+09,3.94E+09,4.19E+09,4.43E+09,4.65E+09,4.85E+09,5.04E+09,5.20E+09,5.33E+09,5.45E+09,5.55E+09,5.62E+09,5.68E+09,5.73E+09,5.75E+09,5.77E+09,5.77E+09,5.77E+09,5.76E+09,5.74E+09,5.72E+09,5.69E+09,5.66E+09,5.63E+09,5.59E+09,5.56E+09,5.52E+09,5.48E+09,5.44E+09,5.41E+09,5.37E+09,5.33E+09,5.29E+09,5.25E+09,5.21E+09,5.17E+09,5.13E+09,5.09E+09,5.05E+09,5.02E+09,4.98E+09,4.94E+09,4.90E+09,4.87E+09,4.83E+09,4.79E+09,4.76E+09,4.72E+09,4.69E+09,4.65E+09,4.62E+09,4.59E+09,4.55E+09,4.52E+09,4.49E+09,4.45E+09,4.42E+09,4.39E+09,4.36E+09,4.32E+09,9.76E+07,1.18E+08,1.41E+08,1.67E+08,1.97E+08,2.32E+08,2.71E+08,3.15E+08,3.64E+08,4.18E+08,4.77E+08,5.40E+08,6.08E+08,6.79E+08,7.53E+08,8.29E+08,9.05E+08,9.81E+08,1.06E+09,1.13E+09,1.20E+09,1.26E+09,1.33E+09,1.38E+09,1.43E+09,1.48E+09,1.51E+09,1.55E+09,1.57E+09,1.59E+09,1.61E+09,1.62E+09,1.63E+09,1.63E+09,1.63E+09,1.63E+09,1.63E+09,1.62E+09,1.62E+09,1.61E+09,1.60E+09,1.59E+09,1.58E+09,1.57E+09,1.56E+09,1.55E+09,1.54E+09,1.53E+09,1.52E+09,1.51E+09,1.50E+09,1.49E+09,1.48E+09,1.47E+09,1.46E+09,1.45E+09,1.44E+09,1.43E+09,1.42E+09,1.41E+09,1.40E+09,1.39E+09,1.38E+09,1.37E+09,1.37E+09,1.36E+09,1.35E+09,1.34E+09,1.33E+09,1.32E+09,1.32E+09,1.31E+09,1.30E+09,1.29E+09,1.28E+09,1.28E+09,1.27E+09,1.26E+09,1.26E+09,1.25E+09,1.24E+09,6.04E+07,7.15E+07,8.42E+07,9.86E+07,1.15E+08,1.33E+08,1.54E+08,1.77E+08,2.02E+08,2.29E+08,2.59E+08,2.91E+08,3.24E+08,3.58E+08,3.94E+08,4.29E+08,4.65E+08,5.00E+08,5.34E+08,5.67E+08,5.98E+08,6.26E+08,6.53E+08,6.77E+08,6.98E+08,7.17E+08,7.32E+08,7.45E+08,7.55E+08,7.63E+08,7.69E+08,7.72E+08,7.74E+08,7.74E+08,7.74E+08,7.72E+08,7.69E+08,7.66E+08,7.62E+08,7.58E+08,7.54E+08,7.49E+08,7.44E+08,7.39E+08,7.34E+08,7.29E+08,7.24E+08,7.19E+08,7.14E+08,7.09E+08,7.04E+08,6.99E+08,6.95E+08,6.90E+08,6.85E+08,6.81E+08,6.76E+08,6.72E+08,6.68E+08,6.63E+08,6.59E+08,6.55E+08,6.51E+08,6.47E+08,6.43E+08,6.40E+08,6.36E+08,6.32E+08,6.28E+08,6.25E+08,6.21E+08,6.18E+08,6.14E+08,6.11E+08,6.08E+08,6.04E+08,6.01E+08,5.98E+08,5.94E+08,5.91E+08,5.88E+08,4.21E+07,4.93E+07,5.74E+07,6.67E+07,7.70E+07,8.86E+07,1.02E+08,1.16E+08,1.32E+08,1.48E+08,1.67E+08,1.86E+08,2.05E+08,2.26E+08,2.46E+08,2.67E+08,2.88E+08,3.08E+08,3.27E+08,3.45E+08,3.62E+08,3.78E+08,3.93E+08,4.06E+08,4.17E+08,4.27E+08,4.35E+08,4.41E+08,4.46E+08,4.49E+08,4.51E+08,4.53E+08,4.53E+08,4.53E+08,4.52E+08,4.50E+08,4.48E+08,4.46E+08,4.44E+08,4.41E+08,4.38E+08,4.35E+08,4.32E+08,4.29E+08,4.26E+08,4.23E+08,4.20E+08,4.17E+08,4.14E+08,4.11E+08,4.09E+08,4.06E+08,4.03E+08,4.00E+08,3.98E+08,3.95E+08,3.93E+08,3.90E+08,3.88E+08,3.85E+08,3.83E+08,3.81E+08,3.78E+08,3.76E+08,3.74E+08,3.72E+08,3.70E+08,3.68E+08,3.66E+08,3.64E+08,3.62E+08,3.60E+08,3.58E+08,3.56E+08,3.54E+08,3.52E+08,3.50E+08,3.48E+08,3.47E+08,3.45E+08,3.43E+08,3.12E+07,3.62E+07,4.20E+07,4.84E+07,5.57E+07,6.37E+07,7.27E+07,8.26E+07,9.33E+07,1.05E+08,1.17E+08,1.30E+08,1.43E+08,1.56E+08,1.70E+08,1.84E+08,1.97E+08,2.10E+08,2.22E+08,2.34E+08,2.44E+08,2.54E+08,2.63E+08,2.71E+08,2.78E+08,2.84E+08,2.88E+08,2.92E+08,2.94E+08,2.96E+08,2.97E+08,2.98E+08,2.98E+08,2.97E+08,2.96E+08,2.95E+08,2.93E+08,2.92E+08,2.90E+08,2.88E+08,2.86E+08,2.84E+08,2.82E+08,2.80E+08,2.78E+08,2.76E+08,2.74E+08,2.72E+08,2.70E+08,2.69E+08,2.67E+08,2.65E+08,2.63E+08,2.61E+08,2.60E+08,2.58E+08,2.56E+08,2.55E+08,2.53E+08,2.52E+08,2.50E+08,2.49E+08,2.47E+08,2.46E+08,2.44E+08,2.43E+08,2.42E+08,2.40E+08,2.39E+08,2.38E+08,2.37E+08,2.35E+08,2.34E+08,2.33E+08,2.32E+08,2.30E+08,2.29E+08,2.28E+08,2.27E+08,2.26E+08,2.25E+08,2.40E+07,2.78E+07,3.21E+07,3.68E+07,4.22E+07,4.82E+07,5.48E+07,6.20E+07,6.98E+07,7.81E+07,8.69E+07,9.61E+07,1.06E+08,1.15E+08,1.25E+08,1.34E+08,1.43E+08,1.52E+08,1.61E+08,1.69E+08,1.76E+08,1.83E+08,1.89E+08,1.94E+08,1.99E+08,2.02E+08,2.05E+08,2.07E+08,2.09E+08,2.10E+08,2.11E+08,2.11E+08,2.10E+08,2.10E+08,2.09E+08,2.08E+08,2.07E+08,2.06E+08,2.04E+08,2.03E+08,2.02E+08,2.00E+08,1.99E+08,1.97E+08,1.96E+08,1.95E+08,1.93E+08,1.92E+08,1.90E+08,1.89E+08,1.88E+08,1.86E+08,1.85E+08,1.84E+08,1.83E+08,1.82E+08,1.81E+08,1.79E+08,1.78E+08,1.77E+08,1.76E+08,1.75E+08,1.74E+08,1.73E+08,1.72E+08,1.71E+08,1.70E+08,1.69E+08,1.69E+08,1.68E+08,1.67E+08,1.66E+08,1.65E+08,1.64E+08,1.63E+08,1.63E+08,1.62E+08,1.61E+08,1.60E+08,1.59E+08,1.58E+08,1.90E+07,2.20E+07,2.53E+07,2.90E+07,3.31E+07,3.77E+07,4.27E+07,4.83E+07,5.42E+07,6.05E+07,6.72E+07,7.41E+07,8.11E+07,8.82E+07,9.53E+07,1.02E+08,1.09E+08,1.16E+08,1.22E+08,1.28E+08,1.33E+08,1.38E+08,1.42E+08,1.46E+08,1.49E+08,1.52E+08,1.54E+08,1.55E+08,1.56E+08,1.57E+08,1.57E+08,1.57E+08,1.57E+08,1.56E+08,1.55E+08,1.55E+08,1.54E+08,1.53E+08,1.52E+08,1.51E+08,1.50E+08,1.49E+08,1.48E+08,1.46E+08,1.45E+08,1.44E+08,1.43E+08,1.42E+08,1.41E+08,1.40E+08,1.39E+08,1.38E+08,1.37E+08,1.37E+08,1.36E+08,1.35E+08,1.34E+08,1.33E+08,1.32E+08,1.32E+08,1.31E+08,1.30E+08,1.29E+08,1.29E+08,1.28E+08,1.27E+08,1.27E+08,1.26E+08,1.25E+08,1.25E+08,1.24E+08,1.23E+08,1.23E+08,1.22E+08,1.21E+08,1.21E+08,1.20E+08,1.20E+08,1.19E+08,1.18E+08,1.18E+08
pgm_id_ft,3.33E+09,4.09E+09,5.00E+09,6.09E+09,7.38E+09,8.90E+09,1.07E+10,1.27E+10,1.49E+10,1.74E+10,2.01E+10,2.30E+10,2.61E+10,2.92E+10,3.23E+10,3.53E+10,3.82E+10,4.09E+10,4.32E+10,4.52E+10,4.67E+10,4.79E+10,4.86E+10,4.89E+10,4.89E+10,4.85E+10,4.77E+10,4.67E+10,4.55E+10,4.41E+10,4.25E+10,4.08E+10,3.91E+10,3.73E+10,3.55E+10,3.38E+10,3.21E+10,3.05E+10,2.89E+10,2.75E+10,2.61E+10,2.48E+10,2.35E+10,2.24E+10,2.13E+10,2.03E+10,1.93E+10,1.85E+10,1.76E+10,1.69E+10,1.61E+10,1.55E+10,1.48E+10,1.42E+10,1.37E+10,1.31E+10,1.26E+10,1.22E+10,1.17E+10,1.13E+10,1.09E+10,1.05E+10,1.01E+10,9.80E+09,9.47E+09,9.16E+09,8.86E+09,8.58E+09,8.31E+09,8.05E+09,7.81E+09,7.57E+09,7.35E+09,7.13E+09,6.92E+09,6.72E+09,6.53E+09,6.35E+09,6.17E+09,6.00E+09,5.84E+09,2.20E+09,2.62E+09,3.10E+09,3.64E+09,4.24E+09,4.89E+09,5.59E+09,6.34E+09,7.12E+09,7.92E+09,8.73E+09,9.53E+09,1.03E+10,1.10E+10,1.17E+10,1.22E+10,1.27E+10,1.31E+10,1.33E+10,1.35E+10,1.36E+10,1.36E+10,1.35E+10,1.33E+10,1.30E+10,1.27E+10,1.23E+10,1.19E+10,1.14E+10,1.09E+10,1.04E+10,9.94E+09,9.46E+09,9.00E+09,8.55E+09,8.12E+09,7.72E+09,7.33E+09,6.98E+09,6.64E+09,6.32E+09,6.03E+09,5.75E+09,5.49E+09,5.25E+09,5.02E+09,4.81E+09,4.61E+09,4.42E+09,4.25E+09,4.08E+09,3.93E+09,3.78E+09,3.64E+09,3.51E+09,3.39E+09,3.27E+09,3.16E+09,3.06E+09,2.96E+09,2.87E+09,2.78E+09,2.69E+09,2.61E+09,2.53E+09,2.46E+09,2.39E+09,2.32E+09,2.25E+09,2.19E+09,2.13E+09,2.08E+09,2.02E+09,1.97E+09,1.92E+09,1.87E+09,1.82E+09,1.78E+09,1.73E+09,1.69E+09,1.65E+09,1.35E+09,1.58E+09,1.84E+09,2.12E+09,2.42E+09,2.74E+09,3.09E+09,3.45E+09,3.81E+09,4.18E+09,4.54E+09,4.89E+09,5.21E+09,5.51E+09,5.77E+09,5.98E+09,6.15E+09,6.28E+09,6.36E+09,6.40E+09,6.39E+09,6.35E+09,6.26E+09,6.14E+09,5.99E+09,5.82E+09,5.62E+09,5.41E+09,5.19E+09,4.96E+09,4.73E+09,4.51E+09,4.29E+09,4.07E+09,3.87E+09,3.68E+09,3.50E+09,3.33E+09,3.16E+09,3.01E+09,2.87E+09,2.74E+09,2.62E+09,2.50E+09,2.39E+09,2.29E+09,2.20E+09,2.11E+09,2.03E+09,1.95E+09,1.87E+09,1.81E+09,1.74E+09,1.68E+09,1.62E+09,1.57E+09,1.51E+09,1.46E+09,1.42E+09,1.37E+09,1.33E+09,1.29E+09,1.25E+09,1.21E+09,1.18E+09,1.15E+09,1.11E+09,1.08E+09,1.05E+09,1.03E+09,9.99E+08,9.73E+08,9.48E+08,9.24E+08,9.01E+08,8.79E+08,8.58E+08,8.37E+08,8.17E+08,7.98E+08,7.80E+08,9.32E+08,1.08E+09,1.24E+09,1.41E+09,1.59E+09,1.79E+09,1.99E+09,2.20E+09,2.41E+09,2.62E+09,2.82E+09,3.01E+09,3.18E+09,3.33E+09,3.46E+09,3.57E+09,3.65E+09,3.70E+09,3.73E+09,3.74E+09,3.71E+09,3.67E+09,3.61E+09,3.53E+09,3.43E+09,3.32E+09,3.20E+09,3.07E+09,2.94E+09,2.81E+09,2.68E+09,2.55E+09,2.42E+09,2.30E+09,2.19E+09,2.08E+09,1.97E+09,1.88E+09,1.79E+09,1.70E+09,1.63E+09,1.55E+09,1.48E+09,1.42E+09,1.36E+09,1.30E+09,1.25E+09,1.20E+09,1.15E+09,1.11E+09,1.07E+09,1.03E+09,9.92E+08,9.58E+08,9.25E+08,8.94E+08,8.65E+08,8.37E+08,8.11E+08,7.86E+08,7.62E+08,7.40E+08,7.18E+08,6.98E+08,6.78E+08,6.59E+08,6.41E+08,6.24E+08,6.07E+08,5.91E+08,5.76E+08,5.62E+08,5.48E+08,5.34E+08,5.21E+08,5.08E+08,4.96E+08,4.85E+08,4.73E+08,4.62E+08,4.52E+08,6.85E+08,7.86E+08,8.94E+08,1.01E+09,1.13E+09,1.26E+09,1.40E+09,1.54E+09,1.67E+09,1.80E+09,1.93E+09,2.05E+09,2.15E+09,2.24E+09,2.32E+09,2.38E+09,2.42E+09,2.44E+09,2.45E+09,2.45E+09,2.43E+09,2.39E+09,2.34E+09,2.28E+09,2.22E+09,2.14E+09,2.06E+09,1.97E+09,1.89E+09,1.80E+09,1.71E+09,1.63E+09,1.55E+09,1.47E+09,1.40E+09,1.33E+09,1.26E+09,1.20E+09,1.14E+09,1.09E+09,1.04E+09,9.93E+08,9.49E+08,9.09E+08,8.70E+08,8.35E+08,8.01E+08,7.70E+08,7.40E+08,7.13E+08,6.87E+08,6.62E+08,6.39E+08,6.17E+08,5.96E+08,5.77E+08,5.58E+08,5.40E+08,5.24E+08,5.08E+08,4.93E+08,4.78E+08,4.65E+08,4.51E+08,4.39E+08,4.27E+08,4.15E+08,4.04E+08,3.94E+08,3.84E+08,3.74E+08,3.65E+08,3.56E+08,3.47E+08,3.39E+08,3.30E+08,3.23E+08,3.15E+08,3.08E+08,3.01E+08,2.94E+08,5.25E+08,5.98E+08,6.77E+08,7.61E+08,8.49E+08,9.42E+08,1.04E+09,1.13E+09,1.23E+09,1.32E+09,1.40E+09,1.48E+09,1.55E+09,1.61E+09,1.66E+09,1.70E+09,1.72E+09,1.73E+09,1.74E+09,1.73E+09,1.71E+09,1.68E+09,1.64E+09,1.60E+09,1.55E+09,1.49E+09,1.43E+09,1.37E+09,1.31E+09,1.25E+09,1.19E+09,1.13E+09,1.07E+09,1.02E+09,9.67E+08,9.19E+08,8.74E+08,8.32E+08,7.92E+08,7.56E+08,7.21E+08,6.89E+08,6.59E+08,6.31E+08,6.05E+08,5.80E+08,5.57E+08,5.35E+08,5.15E+08,4.96E+08,4.78E+08,4.61E+08,4.45E+08,4.30E+08,4.16E+08,4.02E+08,3.89E+08,3.77E+08,3.66E+08,3.55E+08,3.44E+08,3.34E+08,3.25E+08,3.16E+08,3.07E+08,2.99E+08,2.91E+08,2.83E+08,2.76E+08,2.69E+08,2.62E+08,2.55E+08,2.49E+08,2.43E+08,2.37E+08,2.32E+08,2.26E+08,2.21E+08,2.16E+08,2.11E+08,2.07E+08,4.14E+08,4.70E+08,5.29E+08,5.93E+08,6.60E+08,7.29E+08,7.99E+08,8.70E+08,9.39E+08,1.01E+09,1.07E+09,1.12E+09,1.17E+09,1.21E+09,1.25E+09,1.27E+09,1.29E+09,1.29E+09,1.29E+09,1.28E+09,1.27E+09,1.24E+09,1.21E+09,1.18E+09,1.14E+09,1.10E+09,1.05E+09,1.01E+09,9.61E+08,9.15E+08,8.70E+08,8.27E+08,7.85E+08,7.46E+08,7.09E+08,6.74E+08,6.41E+08,6.10E+08,5.81E+08,5.54E+08,5.29E+08,5.06E+08,4.84E+08,4.63E+08,4.44E+08,4.26E+08,4.09E+08,3.93E+08,3.79E+08,3.65E+08,3.52E+08,3.39E+08,3.28E+08,3.17E+08,3.06E+08,2.96E+08,2.87E+08,2.78E+08,2.70E+08,2.62E+08,2.54E+08,2.47E+08,2.40E+08,2.33E+08,2.27E+08,2.21E+08,2.15E+08,2.09E+08,2.04E+08,1.99E+08,1.94E+08,1.89E+08,1.84E+08,1.80E+08,1.76E+08,1.72E+08,1.68E+08,1.64E+08,1.60E+08,1.57E+08,1.53E+08
