Parameter,L_180nm_0,L_180nm_1,L_180nm_2,L_180nm_3,L_180nm_4,L_180nm_5,L_180nm_6,L_180nm_7,L_180nm_8,L_180nm_9,L_180nm_10,L_180nm_11,L_180nm_12,L_180nm_13,L_180nm_14,L_180nm_15,L_180nm_16,L_180nm_17,L_180nm_18,L_180nm_19,L_180nm_20,L_180nm_21,L_180nm_22,L_180nm_23,L_180nm_24,L_180nm_25,L_180nm_26,L_180nm_27,L_180nm_28,L_180nm_29,L_180nm_30,L_180nm_31,L_180nm_32,L_180nm_33,L_180nm_34,L_180nm_35,L_180nm_36,L_180nm_37,L_180nm_38,L_180nm_39,L_180nm_40,L_180nm_41,L_180nm_42,L_180nm_43,L_180nm_44,L_180nm_45,L_180nm_46,L_180nm_47,L_180nm_48,L_180nm_49,L_180nm_50,L_180nm_51,L_180nm_52,L_180nm_53,L_180nm_54,L_180nm_55,L_180nm_56,L_180nm_57,L_180nm_58,L_180nm_59,L_180nm_60,L_180nm_61,L_180nm_62,L_180nm_63,L_180nm_64,L_180nm_65,L_180nm_66,L_180nm_67,L_180nm_68,L_180nm_69,L_180nm_70,L_180nm_71,L_180nm_72,L_180nm_73,L_180nm_74,L_180nm_75,L_180nm_76,L_180nm_77,L_180nm_78,L_180nm_79,L_180nm_80,L_360nm_0,L_360nm_1,L_360nm_2,L_360nm_3,L_360nm_4,L_360nm_5,L_360nm_6,L_360nm_7,L_360nm_8,L_360nm_9,L_360nm_10,L_360nm_11,L_360nm_12,L_360nm_13,L_360nm_14,L_360nm_15,L_360nm_16,L_360nm_17,L_360nm_18,L_360nm_19,L_360nm_20,L_360nm_21,L_360nm_22,L_360nm_23,L_360nm_24,L_360nm_25,L_360nm_26,L_360nm_27,L_360nm_28,L_360nm_29,L_360nm_30,L_360nm_31,L_360nm_32,L_360nm_33,L_360nm_34,L_360nm_35,L_360nm_36,L_360nm_37,L_360nm_38,L_360nm_39,L_360nm_40,L_360nm_41,L_360nm_42,L_360nm_43,L_360nm_44,L_360nm_45,L_360nm_46,L_360nm_47,L_360nm_48,L_360nm_49,L_360nm_50,L_360nm_51,L_360nm_52,L_360nm_53,L_360nm_54,L_360nm_55,L_360nm_56,L_360nm_57,L_360nm_58,L_360nm_59,L_360nm_60,L_360nm_61,L_360nm_62,L_360nm_63,L_360nm_64,L_360nm_65,L_360nm_66,L_360nm_67,L_360nm_68,L_360nm_69,L_360nm_70,L_360nm_71,L_360nm_72,L_360nm_73,L_360nm_74,L_360nm_75,L_360nm_76,L_360nm_77,L_360nm_78,L_360nm_79,L_360nm_80,L_540nm_0,L_540nm_1,L_540nm_2,L_540nm_3,L_540nm_4,L_540nm_5,L_540nm_6,L_540nm_7,L_540nm_8,L_540nm_9,L_540nm_10,L_540nm_11,L_540nm_12,L_540nm_13,L_540nm_14,L_540nm_15,L_540nm_16,L_540nm_17,L_540nm_18,L_540nm_19,L_540nm_20,L_540nm_21,L_540nm_22,L_540nm_23,L_540nm_24,L_540nm_25,L_540nm_26,L_540nm_27,L_540nm_28,L_540nm_29,L_540nm_30,L_540nm_31,L_540nm_32,L_540nm_33,L_540nm_34,L_540nm_35,L_540nm_36,L_540nm_37,L_540nm_38,L_540nm_39,L_540nm_40,L_540nm_41,L_540nm_42,L_540nm_43,L_540nm_44,L_540nm_45,L_540nm_46,L_540nm_47,L_540nm_48,L_540nm_49,L_540nm_50,L_540nm_51,L_540nm_52,L_540nm_53,L_540nm_54,L_540nm_55,L_540nm_56,L_540nm_57,L_540nm_58,L_540nm_59,L_540nm_60,L_540nm_61,L_540nm_62,L_540nm_63,L_540nm_64,L_540nm_65,L_540nm_66,L_540nm_67,L_540nm_68,L_540nm_69,L_540nm_70,L_540nm_71,L_540nm_72,L_540nm_73,L_540nm_74,L_540nm_75,L_540nm_76,L_540nm_77,L_540nm_78,L_540nm_79,L_540nm_80,L_720nm_0,L_720nm_1,L_720nm_2,L_720nm_3,L_720nm_4,L_720nm_5,L_720nm_6,L_720nm_7,L_720nm_8,L_720nm_9,L_720nm_10,L_720nm_11,L_720nm_12,L_720nm_13,L_720nm_14,L_720nm_15,L_720nm_16,L_720nm_17,L_720nm_18,L_720nm_19,L_720nm_20,L_720nm_21,L_720nm_22,L_720nm_23,L_720nm_24,L_720nm_25,L_720nm_26,L_720nm_27,L_720nm_28,L_720nm_29,L_720nm_30,L_720nm_31,L_720nm_32,L_720nm_33,L_720nm_34,L_720nm_35,L_720nm_36,L_720nm_37,L_720nm_38,L_720nm_39,L_720nm_40,L_720nm_41,L_720nm_42,L_720nm_43,L_720nm_44,L_720nm_45,L_720nm_46,L_720nm_47,L_720nm_48,L_720nm_49,L_720nm_50,L_720nm_51,L_720nm_52,L_720nm_53,L_720nm_54,L_720nm_55,L_720nm_56,L_720nm_57,L_720nm_58,L_720nm_59,L_720nm_60,L_720nm_61,L_720nm_62,L_720nm_63,L_720nm_64,L_720nm_65,L_720nm_66,L_720nm_67,L_720nm_68,L_720nm_69,L_720nm_70,L_720nm_71,L_720nm_72,L_720nm_73,L_720nm_74,L_720nm_75,L_720nm_76,L_720nm_77,L_720nm_78,L_720nm_79,L_720nm_80,L_900nm_0,L_900nm_1,L_900nm_2,L_900nm_3,L_900nm_4,L_900nm_5,L_900nm_6,L_900nm_7,L_900nm_8,L_900nm_9,L_900nm_10,L_900nm_11,L_900nm_12,L_900nm_13,L_900nm_14,L_900nm_15,L_900nm_16,L_900nm_17,L_900nm_18,L_900nm_19,L_900nm_20,L_900nm_21,L_900nm_22,L_900nm_23,L_900nm_24,L_900nm_25,L_900nm_26,L_900nm_27,L_900nm_28,L_900nm_29,L_900nm_30,L_900nm_31,L_900nm_32,L_900nm_33,L_900nm_34,L_900nm_35,L_900nm_36,L_900nm_37,L_900nm_38,L_900nm_39,L_900nm_40,L_900nm_41,L_900nm_42,L_900nm_43,L_900nm_44,L_900nm_45,L_900nm_46,L_900nm_47,L_900nm_48,L_900nm_49,L_900nm_50,L_900nm_51,L_900nm_52,L_900nm_53,L_900nm_54,L_900nm_55,L_900nm_56,L_900nm_57,L_900nm_58,L_900nm_59,L_900nm_60,L_900nm_61,L_900nm_62,L_900nm_63,L_900nm_64,L_900nm_65,L_900nm_66,L_900nm_67,L_900nm_68,L_900nm_69,L_900nm_70,L_900nm_71,L_900nm_72,L_900nm_73,L_900nm_74,L_900nm_75,L_900nm_76,L_900nm_77,L_900nm_78,L_900nm_79,L_900nm_80,L_1080nm_0,L_1080nm_1,L_1080nm_2,L_1080nm_3,L_1080nm_4,L_1080nm_5,L_1080nm_6,L_1080nm_7,L_1080nm_8,L_1080nm_9,L_1080nm_10,L_1080nm_11,L_1080nm_12,L_1080nm_13,L_1080nm_14,L_1080nm_15,L_1080nm_16,L_1080nm_17,L_1080nm_18,L_1080nm_19,L_1080nm_20,L_1080nm_21,L_1080nm_22,L_1080nm_23,L_1080nm_24,L_1080nm_25,L_1080nm_26,L_1080nm_27,L_1080nm_28,L_1080nm_29,L_1080nm_30,L_1080nm_31,L_1080nm_32,L_1080nm_33,L_1080nm_34,L_1080nm_35,L_1080nm_36,L_1080nm_37,L_1080nm_38,L_1080nm_39,L_1080nm_40,L_1080nm_41,L_1080nm_42,L_1080nm_43,L_1080nm_44,L_1080nm_45,L_1080nm_46,L_1080nm_47,L_1080nm_48,L_1080nm_49,L_1080nm_50,L_1080nm_51,L_1080nm_52,L_1080nm_53,L_1080nm_54,L_1080nm_55,L_1080nm_56,L_1080nm_57,L_1080nm_58,L_1080nm_59,L_1080nm_60,L_1080nm_61,L_1080nm_62,L_1080nm_63,L_1080nm_64,L_1080nm_65,L_1080nm_66,L_1080nm_67,L_1080nm_68,L_1080nm_69,L_1080nm_70,L_1080nm_71,L_1080nm_72,L_1080nm_73,L_1080nm_74,L_1080nm_75,L_1080nm_76,L_1080nm_77,L_1080nm_78,L_1080nm_79,L_1080nm_80,L_1260nm_0,L_1260nm_1,L_1260nm_2,L_1260nm_3,L_1260nm_4,L_1260nm_5,L_1260nm_6,L_1260nm_7,L_1260nm_8,L_1260nm_9,L_1260nm_10,L_1260nm_11,L_1260nm_12,L_1260nm_13,L_1260nm_14,L_1260nm_15,L_1260nm_16,L_1260nm_17,L_1260nm_18,L_1260nm_19,L_1260nm_20,L_1260nm_21,L_1260nm_22,L_1260nm_23,L_1260nm_24,L_1260nm_25,L_1260nm_26,L_1260nm_27,L_1260nm_28,L_1260nm_29,L_1260nm_30,L_1260nm_31,L_1260nm_32,L_1260nm_33,L_1260nm_34,L_1260nm_35,L_1260nm_36,L_1260nm_37,L_1260nm_38,L_1260nm_39,L_1260nm_40,L_1260nm_41,L_1260nm_42,L_1260nm_43,L_1260nm_44,L_1260nm_45,L_1260nm_46,L_1260nm_47,L_1260nm_48,L_1260nm_49,L_1260nm_50,L_1260nm_51,L_1260nm_52,L_1260nm_53,L_1260nm_54,L_1260nm_55,L_1260nm_56,L_1260nm_57,L_1260nm_58,L_1260nm_59,L_1260nm_60,L_1260nm_61,L_1260nm_62,L_1260nm_63,L_1260nm_64,L_1260nm_65,L_1260nm_66,L_1260nm_67,L_1260nm_68,L_1260nm_69,L_1260nm_70,L_1260nm_71,L_1260nm_72,L_1260nm_73,L_1260nm_74,L_1260nm_75,L_1260nm_76,L_1260nm_77,L_1260nm_78,L_1260nm_79,L_1260nm_80
LN,0.00000018,0.00000018,0.00000018,0.00000018,0.00000018,0.00000018,0.00000018,0.00000018,0.00000018,0.00000018,0.00000018,0.00000018,0.00000018,0.00000018,0.00000018,0.00000018,0.00000018,0.00000018,0.00000018,0.00000018,0.00000018,0.00000018,0.00000018,0.00000018,0.00000018,0.00000018,0.00000018,0.00000018,0.00000018,0.00000018,0.00000018,0.00000018,0.00000018,0.00000018,0.00000018,0.00000018,0.00000018,0.00000018,0.00000018,0.00000018,0.00000018,0.00000018,0.00000018,0.00000018,0.00000018,0.00000018,0.00000018,0.00000018,0.00000018,0.00000018,0.00000018,0.00000018,0.00000018,0.00000018,0.00000018,0.00000018,0.00000018,0.00000018,0.00000018,0.00000018,0.00000018,0.00000018,0.00000018,0.00000018,0.00000018,0.00000018,0.00000018,0.00000018,0.00000018,0.00000018,0.00000018,0.00000018,0.00000018,0.00000018,0.00000018,0.00000018,0.00000018,0.00000018,0.00000018,0.00000018,0.00000018,0.00000036,0.00000036,0.00000036,0.00000036,0.00000036,0.00000036,0.00000036,0.00000036,0.00000036,0.00000036,0.00000036,0.00000036,0.00000036,0.00000036,0.00000036,0.00000036,0.00000036,0.00000036,0.00000036,0.00000036,0.00000036,0.00000036,0.00000036,0.00000036,0.00000036,0.00000036,0.00000036,0.00000036,0.00000036,0.00000036,0.00000036,0.00000036,0.00000036,0.00000036,0.00000036,0.00000036,0.00000036,0.00000036,0.00000036,0.00000036,0.00000036,0.00000036,0.00000036,0.00000036,0.00000036,0.00000036,0.00000036,0.00000036,0.00000036,0.00000036,0.00000036,0.00000036,0.00000036,0.00000036,0.00000036,0.00000036,0.00000036,0.00000036,0.00000036,0.00000036,0.00000036,0.00000036,0.00000036,0.00000036,0.00000036,0.00000036,0.00000036,0.00000036,0.00000036,0.00000036,0.00000036,0.00000036,0.00000036,0.00000036,0.00000036,0.00000036,0.00000036,0.00000036,0.00000036,0.00000036,0.00000036,0.00000054,0.00000054,0.00000054,0.00000054,0.00000054,0.00000054,0.00000054,0.00000054,0.00000054,0.00000054,0.00000054,0.00000054,0.00000054,0.00000054,0.00000054,0.00000054,0.00000054,0.00000054,0.00000054,0.00000054,0.00000054,0.00000054,0.00000054,0.00000054,0.00000054,0.00000054,0.00000054,0.00000054,0.00000054,0.00000054,0.00000054,0.00000054,0.00000054,0.00000054,0.00000054,0.00000054,0.00000054,0.00000054,0.00000054,0.00000054,0.00000054,0.00000054,0.00000054,0.00000054,0.00000054,0.00000054,0.00000054,0.00000054,0.00000054,0.00000054,0.00000054,0.00000054,0.00000054,0.00000054,0.00000054,0.00000054,0.00000054,0.00000054,0.00000054,0.00000054,0.00000054,0.00000054,0.00000054,0.00000054,0.00000054,0.00000054,0.00000054,0.00000054,0.00000054,0.00000054,0.00000054,0.00000054,0.00000054,0.00000054,0.00000054,0.00000054,0.00000054,0.00000054,0.00000054,0.00000054,0.00000054,0.00000072,0.00000072,0.00000072,0.00000072,0.00000072,0.00000072,0.00000072,0.00000072,0.00000072,0.00000072,0.00000072,0.00000072,0.00000072,0.00000072,0.00000072,0.00000072,0.00000072,0.00000072,0.00000072,0.00000072,0.00000072,0.00000072,0.00000072,0.00000072,0.00000072,0.00000072,0.00000072,0.00000072,0.00000072,0.00000072,0.00000072,0.00000072,0.00000072,0.00000072,0.00000072,0.00000072,0.00000072,0.00000072,0.00000072,0.00000072,0.00000072,0.00000072,0.00000072,0.00000072,0.00000072,0.00000072,0.00000072,0.00000072,0.00000072,0.00000072,0.00000072,0.00000072,0.00000072,0.00000072,0.00000072,0.00000072,0.00000072,0.00000072,0.00000072,0.00000072,0.00000072,0.00000072,0.00000072,0.00000072,0.00000072,0.00000072,0.00000072,0.00000072,0.00000072,0.00000072,0.00000072,0.00000072,0.00000072,0.00000072,0.00000072,0.00000072,0.00000072,0.00000072,0.00000072,0.00000072,0.00000072,0.0000009,0.0000009,0.0000009,0.0000009,0.0000009,0.0000009,0.0000009,0.0000009,0.0000009,0.0000009,0.0000009,0.0000009,0.0000009,0.0000009,0.0000009,0.0000009,0.0000009,0.0000009,0.0000009,0.0000009,0.0000009,0.0000009,0.0000009,0.0000009,0.0000009,0.0000009,0.0000009,0.0000009,0.0000009,0.0000009,0.0000009,0.0000009,0.0000009,0.0000009,0.0000009,0.0000009,0.0000009,0.0000009,0.0000009,0.0000009,0.0000009,0.0000009,0.0000009,0.0000009,0.0000009,0.0000009,0.0000009,0.0000009,0.0000009,0.0000009,0.0000009,0.0000009,0.0000009,0.0000009,0.0000009,0.0000009,0.0000009,0.0000009,0.0000009,0.0000009,0.0000009,0.0000009,0.0000009,0.0000009,0.0000009,0.0000009,0.0000009,0.0000009,0.0000009,0.0000009,0.0000009,0.0000009,0.0000009,0.0000009,0.0000009,0.0000009,0.0000009,0.0000009,0.0000009,0.0000009,0.0000009,0.00000108,0.00000108,0.00000108,0.00000108,0.00000108,0.00000108,0.00000108,0.00000108,0.00000108,0.00000108,0.00000108,0.00000108,0.00000108,0.00000108,0.00000108,0.00000108,0.00000108,0.00000108,0.00000108,0.00000108,0.00000108,0.00000108,0.00000108,0.00000108,0.00000108,0.00000108,0.00000108,0.00000108,0.00000108,0.00000108,0.00000108,0.00000108,0.00000108,0.00000108,0.00000108,0.00000108,0.00000108,0.00000108,0.00000108,0.00000108,0.00000108,0.00000108,0.00000108,0.00000108,0.00000108,0.00000108,0.00000108,0.00000108,0.00000108,0.00000108,0.00000108,0.00000108,0.00000108,0.00000108,0.00000108,0.00000108,0.00000108,0.00000108,0.00000108,0.00000108,0.00000108,0.00000108,0.00000108,0.00000108,0.00000108,0.00000108,0.00000108,0.00000108,0.00000108,0.00000108,0.00000108,0.00000108,0.00000108,0.00000108,0.00000108,0.00000108,0.00000108,0.00000108,0.00000108,0.00000108,0.00000108,0.00000126,0.00000126,0.00000126,0.00000126,0.00000126,0.00000126,0.00000126,0.00000126,0.00000126,0.00000126,0.00000126,0.00000126,0.00000126,0.00000126,0.00000126,0.00000126,0.00000126,0.00000126,0.00000126,0.00000126,0.00000126,0.00000126,0.00000126,0.00000126,0.00000126,0.00000126,0.00000126,0.00000126,0.00000126,0.00000126,0.00000126,0.00000126,0.00000126,0.00000126,0.00000126,0.00000126,0.00000126,0.00000126,0.00000126,0.00000126,0.00000126,0.00000126,0.00000126,0.00000126,0.00000126,0.00000126,0.00000126,0.00000126,0.00000126,0.00000126,0.00000126,0.00000126,0.00000126,0.00000126,0.00000126,0.00000126,0.00000126,0.00000126,0.00000126,0.00000126,0.00000126,0.00000126,0.00000126,0.00000126,0.00000126,0.00000126,0.00000126,0.00000126,0.00000126,0.00000126,0.00000126,0.00000126,0.00000126,0.00000126,0.00000126,0.00000126,0.00000126,0.00000126,0.00000126,0.00000126,0.00000126
VDS,1.8,1.8,1.8,1.8,1.8,1.8,1.8,1.8,1.8,1.8,1.8,1.8,1.8,1.8,1.8,1.8,1.8,1.8,1.8,1.8,1.8,1.8,1.8,1.8,1.8,1.8,1.8,1.8,1.8,1.8,1.8,1.8,1.8,1.8,1.8,1.8,1.8,1.8,1.8,1.8,1.8,1.8,1.8,1.8,1.8,1.8,1.8,1.8,1.8,1.8,1.8,1.8,1.8,1.8,1.8,1.8,1.8,1.8,1.8,1.8,1.8,1.8,1.8,1.8,1.8,1.8,1.8,1.8,1.8,1.8,1.8,1.8,1.8,1.8,1.8,1.8,1.8,1.8,1.8,1.8,1.8,1.8,1.8,1.8,1.8,1.8,1.8,1.8,1.8,1.8,1.8,1.8,1.8,1.8,1.8,1.8,1.8,1.8,1.8,1.8,1.8,1.8,1.8,1.8,1.8,1.8,1.8,1.8,1.8,1.8,1.8,1.8,1.8,1.8,1.8,1.8,1.8,1.8,1.8,1.8,1.8,1.8,1.8,1.8,1.8,1.8,1.8,1.8,1.8,1.8,1.8,1.8,1.8,1.8,1.8,1.8,1.8,1.8,1.8,1.8,1.8,1.8,1.8,1.8,1.8,1.8,1.8,1.8,1.8,1.8,1.8,1.8,1.8,1.8,1.8,1.8,1.8,1.8,1.8,1.8,1.8,1.8,1.8,1.8,1.8,1.8,1.8,1.8,1.8,1.8,1.8,1.8,1.8,1.8,1.8,1.8,1.8,1.8,1.8,1.8,1.8,1.8,1.8,1.8,1.8,1.8,1.8,1.8,1.8,1.8,1.8,1.8,1.8,1.8,1.8,1.8,1.8,1.8,1.8,1.8,1.8,1.8,1.8,1.8,1.8,1.8,1.8,1.8,1.8,1.8,1.8,1.8,1.8,1.8,1.8,1.8,1.8,1.8,1.8,1.8,1.8,1.8,1.8,1.8,1.8,1.8,1.8,1.8,1.8,1.8,1.8,1.8,1.8,1.8,1.8,1.8,1.8,1.8,1.8,1.8,1.8,1.8,1.8,1.8,1.8,1.8,1.8,1.8,1.8,1.8,1.8,1.8,1.8,1.8,1.8,1.8,1.8,1.8,1.8,1.8,1.8,1.8,1.8,1.8,1.8,1.8,1.8,1.8,1.8,1.8,1.8,1.8,1.8,1.8,1.8,1.8,1.8,1.8,1.8,1.8,1.8,1.8,1.8,1.8,1.8,1.8,1.8,1.8,1.8,1.8,1.8,1.8,1.8,1.8,1.8,1.8,1.8,1.8,1.8,1.8,1.8,1.8,1.8,1.8,1.8,1.8,1.8,1.8,1.8,1.8,1.8,1.8,1.8,1.8,1.8,1.8,1.8,1.8,1.8,1.8,1.8,1.8,1.8,1.8,1.8,1.8,1.8,1.8,1.8,1.8,1.8,1.8,1.8,1.8,1.8,1.8,1.8,1.8,1.8,1.8,1.8,1.8,1.8,1.8,1.8,1.8,1.8,1.8,1.8,1.8,1.8,1.8,1.8,1.8,1.8,1.8,1.8,1.8,1.8,1.8,1.8,1.8,1.8,1.8,1.8,1.8,1.8,1.8,1.8,1.8,1.8,1.8,1.8,1.8,1.8,1.8,1.8,1.8,1.8,1.8,1.8,1.8,1.8,1.8,1.8,1.8,1.8,1.8,1.8,1.8,1.8,1.8,1.8,1.8,1.8,1.8,1.8,1.8,1.8,1.8,1.8,1.8,1.8,1.8,1.8,1.8,1.8,1.8,1.8,1.8,1.8,1.8,1.8,1.8,1.8,1.8,1.8,1.8,1.8,1.8,1.8,1.8,1.8,1.8,1.8,1.8,1.8,1.8,1.8,1.8,1.8,1.8,1.8,1.8,1.8,1.8,1.8,1.8,1.8,1.8,1.8,1.8,1.8,1.8,1.8,1.8,1.8,1.8,1.8,1.8,1.8,1.8,1.8,1.8,1.8,1.8,1.8,1.8,1.8,1.8,1.8,1.8,1.8,1.8,1.8,1.8,1.8,1.8,1.8,1.8,1.8,1.8,1.8,1.8,1.8,1.8,1.8,1.8,1.8,1.8,1.8,1.8,1.8,1.8,1.8,1.8,1.8,1.8,1.8,1.8,1.8,1.8,1.8,1.8,1.8,1.8,1.8,1.8,1.8,1.8,1.8,1.8,1.8,1.8,1.8,1.8,1.8,1.8,1.8,1.8,1.8,1.8,1.8,1.8,1.8,1.8,1.8,1.8,1.8,1.8,1.8,1.8,1.8,1.8,1.8,1.8,1.8,1.8,1.8,1.8,1.8,1.8,1.8,1.8,1.8,1.8,1.8,1.8,1.8,1.8,1.8,1.8,1.8,1.8,1.8,1.8,1.8,1.8,1.8,1.8,1.8,1.8,1.8,1.8,1.8,1.8,1.8,1.8,1.8,1.8,1.8,1.8,1.8,1.8,1.8,1.8,1.8
VGS,0.4,0.41,0.42,0.43,0.44,0.45,0.46,0.47,0.48,0.49,0.5,0.51,0.52,0.53,0.54,0.55,0.56,0.57,0.58,0.59,0.6,0.61,0.62,0.63,0.64,0.65,0.66,0.67,0.68,0.69,0.7,0.71,0.72,0.73,0.74,0.75,0.76,0.77,0.78,0.79,0.8,0.81,0.82,0.83,0.84,0.85,0.86,0.87,0.88,0.89,0.9,0.91,0.92,0.93,0.94,0.95,0.96,0.97,0.98,0.99,1,1.01,1.02,1.03,1.04,1.05,1.06,1.07,1.08,1.09,1.1,1.11,1.12,1.13,1.14,1.15,1.16,1.17,1.18,1.19,1.2,0.4,0.41,0.42,0.43,0.44,0.45,0.46,0.47,0.48,0.49,0.5,0.51,0.52,0.53,0.54,0.55,0.56,0.57,0.58,0.59,0.6,0.61,0.62,0.63,0.64,0.65,0.66,0.67,0.68,0.69,0.7,0.71,0.72,0.73,0.74,0.75,0.76,0.77,0.78,0.79,0.8,0.81,0.82,0.83,0.84,0.85,0.86,0.87,0.88,0.89,0.9,0.91,0.92,0.93,0.94,0.95,0.96,0.97,0.98,0.99,1,1.01,1.02,1.03,1.04,1.05,1.06,1.07,1.08,1.09,1.1,1.11,1.12,1.13,1.14,1.15,1.16,1.17,1.18,1.19,1.2,0.4,0.41,0.42,0.43,0.44,0.45,0.46,0.47,0.48,0.49,0.5,0.51,0.52,0.53,0.54,0.55,0.56,0.57,0.58,0.59,0.6,0.61,0.62,0.63,0.64,0.65,0.66,0.67,0.68,0.69,0.7,0.71,0.72,0.73,0.74,0.75,0.76,0.77,0.78,0.79,0.8,0.81,0.82,0.83,0.84,0.85,0.86,0.87,0.88,0.89,0.9,0.91,0.92,0.93,0.94,0.95,0.96,0.97,0.98,0.99,1,1.01,1.02,1.03,1.04,1.05,1.06,1.07,1.08,1.09,1.1,1.11,1.12,1.13,1.14,1.15,1.16,1.17,1.18,1.19,1.2,0.4,0.41,0.42,0.43,0.44,0.45,0.46,0.47,0.48,0.49,0.5,0.51,0.52,0.53,0.54,0.55,0.56,0.57,0.58,0.59,0.6,0.61,0.62,0.63,0.64,0.65,0.66,0.67,0.68,0.69,0.7,0.71,0.72,0.73,0.74,0.75,0.76,0.77,0.78,0.79,0.8,0.81,0.82,0.83,0.84,0.85,0.86,0.87,0.88,0.89,0.9,0.91,0.92,0.93,0.94,0.95,0.96,0.97,0.98,0.99,1,1.01,1.02,1.03,1.04,1.05,1.06,1.07,1.08,1.09,1.1,1.11,1.12,1.13,1.14,1.15,1.16,1.17,1.18,1.19,1.2,0.4,0.41,0.42,0.43,0.44,0.45,0.46,0.47,0.48,0.49,0.5,0.51,0.52,0.53,0.54,0.55,0.56,0.57,0.58,0.59,0.6,0.61,0.62,0.63,0.64,0.65,0.66,0.67,0.68,0.69,0.7,0.71,0.72,0.73,0.74,0.75,0.76,0.77,0.78,0.79,0.8,0.81,0.82,0.83,0.84,0.85,0.86,0.87,0.88,0.89,0.9,0.91,0.92,0.93,0.94,0.95,0.96,0.97,0.98,0.99,1,1.01,1.02,1.03,1.04,1.05,1.06,1.07,1.08,1.09,1.1,1.11,1.12,1.13,1.14,1.15,1.16,1.17,1.18,1.19,1.2,0.4,0.41,0.42,0.43,0.44,0.45,0.46,0.47,0.48,0.49,0.5,0.51,0.52,0.53,0.54,0.55,0.56,0.57,0.58,0.59,0.6,0.61,0.62,0.63,0.64,0.65,0.66,0.67,0.68,0.69,0.7,0.71,0.72,0.73,0.74,0.75,0.76,0.77,0.78,0.79,0.8,0.81,0.82,0.83,0.84,0.85,0.86,0.87,0.88,0.89,0.9,0.91,0.92,0.93,0.94,0.95,0.96,0.97,0.98,0.99,1,1.01,1.02,1.03,1.04,1.05,1.06,1.07,1.08,1.09,1.1,1.11,1.12,1.13,1.14,1.15,1.16,1.17,1.18,1.19,1.2,0.4,0.41,0.42,0.43,0.44,0.45,0.46,0.47,0.48,0.49,0.5,0.51,0.52,0.53,0.54,0.55,0.56,0.57,0.58,0.59,0.6,0.61,0.62,0.63,0.64,0.65,0.66,0.67,0.68,0.69,0.7,0.71,0.72,0.73,0.74,0.75,0.76,0.77,0.78,0.79,0.8,0.81,0.82,0.83,0.84,0.85,0.86,0.87,0.88,0.89,0.9,0.91,0.92,0.93,0.94,0.95,0.96,0.97,0.98,0.99,1,1.01,1.02,1.03,1.04,1.05,1.06,1.07,1.08,1.09,1.1,1.11,1.12,1.13,1.14,1.15,1.16,1.17,1.18,1.19,1.2
Output,L_180nm_0,L_180nm_1,L_180nm_2,L_180nm_3,L_180nm_4,L_180nm_5,L_180nm_6,L_180nm_7,L_180nm_8,L_180nm_9,L_180nm_10,L_180nm_11,L_180nm_12,L_180nm_13,L_180nm_14,L_180nm_15,L_180nm_16,L_180nm_17,L_180nm_18,L_180nm_19,L_180nm_20,L_180nm_21,L_180nm_22,L_180nm_23,L_180nm_24,L_180nm_25,L_180nm_26,L_180nm_27,L_180nm_28,L_180nm_29,L_180nm_30,L_180nm_31,L_180nm_32,L_180nm_33,L_180nm_34,L_180nm_35,L_180nm_36,L_180nm_37,L_180nm_38,L_180nm_39,L_180nm_40,L_180nm_41,L_180nm_42,L_180nm_43,L_180nm_44,L_180nm_45,L_180nm_46,L_180nm_47,L_180nm_48,L_180nm_49,L_180nm_50,L_180nm_51,L_180nm_52,L_180nm_53,L_180nm_54,L_180nm_55,L_180nm_56,L_180nm_57,L_180nm_58,L_180nm_59,L_180nm_60,L_180nm_61,L_180nm_62,L_180nm_63,L_180nm_64,L_180nm_65,L_180nm_66,L_180nm_67,L_180nm_68,L_180nm_69,L_180nm_70,L_180nm_71,L_180nm_72,L_180nm_73,L_180nm_74,L_180nm_75,L_180nm_76,L_180nm_77,L_180nm_78,L_180nm_79,L_180nm_80,L_360nm_0,L_360nm_1,L_360nm_2,L_360nm_3,L_360nm_4,L_360nm_5,L_360nm_6,L_360nm_7,L_360nm_8,L_360nm_9,L_360nm_10,L_360nm_11,L_360nm_12,L_360nm_13,L_360nm_14,L_360nm_15,L_360nm_16,L_360nm_17,L_360nm_18,L_360nm_19,L_360nm_20,L_360nm_21,L_360nm_22,L_360nm_23,L_360nm_24,L_360nm_25,L_360nm_26,L_360nm_27,L_360nm_28,L_360nm_29,L_360nm_30,L_360nm_31,L_360nm_32,L_360nm_33,L_360nm_34,L_360nm_35,L_360nm_36,L_360nm_37,L_360nm_38,L_360nm_39,L_360nm_40,L_360nm_41,L_360nm_42,L_360nm_43,L_360nm_44,L_360nm_45,L_360nm_46,L_360nm_47,L_360nm_48,L_360nm_49,L_360nm_50,L_360nm_51,L_360nm_52,L_360nm_53,L_360nm_54,L_360nm_55,L_360nm_56,L_360nm_57,L_360nm_58,L_360nm_59,L_360nm_60,L_360nm_61,L_360nm_62,L_360nm_63,L_360nm_64,L_360nm_65,L_360nm_66,L_360nm_67,L_360nm_68,L_360nm_69,L_360nm_70,L_360nm_71,L_360nm_72,L_360nm_73,L_360nm_74,L_360nm_75,L_360nm_76,L_360nm_77,L_360nm_78,L_360nm_79,L_360nm_80,L_540nm_0,L_540nm_1,L_540nm_2,L_540nm_3,L_540nm_4,L_540nm_5,L_540nm_6,L_540nm_7,L_540nm_8,L_540nm_9,L_540nm_10,L_540nm_11,L_540nm_12,L_540nm_13,L_540nm_14,L_540nm_15,L_540nm_16,L_540nm_17,L_540nm_18,L_540nm_19,L_540nm_20,L_540nm_21,L_540nm_22,L_540nm_23,L_540nm_24,L_540nm_25,L_540nm_26,L_540nm_27,L_540nm_28,L_540nm_29,L_540nm_30,L_540nm_31,L_540nm_32,L_540nm_33,L_540nm_34,L_540nm_35,L_540nm_36,L_540nm_37,L_540nm_38,L_540nm_39,L_540nm_40,L_540nm_41,L_540nm_42,L_540nm_43,L_540nm_44,L_540nm_45,L_540nm_46,L_540nm_47,L_540nm_48,L_540nm_49,L_540nm_50,L_540nm_51,L_540nm_52,L_540nm_53,L_540nm_54,L_540nm_55,L_540nm_56,L_540nm_57,L_540nm_58,L_540nm_59,L_540nm_60,L_540nm_61,L_540nm_62,L_540nm_63,L_540nm_64,L_540nm_65,L_540nm_66,L_540nm_67,L_540nm_68,L_540nm_69,L_540nm_70,L_540nm_71,L_540nm_72,L_540nm_73,L_540nm_74,L_540nm_75,L_540nm_76,L_540nm_77,L_540nm_78,L_540nm_79,L_540nm_80,L_720nm_0,L_720nm_1,L_720nm_2,L_720nm_3,L_720nm_4,L_720nm_5,L_720nm_6,L_720nm_7,L_720nm_8,L_720nm_9,L_720nm_10,L_720nm_11,L_720nm_12,L_720nm_13,L_720nm_14,L_720nm_15,L_720nm_16,L_720nm_17,L_720nm_18,L_720nm_19,L_720nm_20,L_720nm_21,L_720nm_22,L_720nm_23,L_720nm_24,L_720nm_25,L_720nm_26,L_720nm_27,L_720nm_28,L_720nm_29,L_720nm_30,L_720nm_31,L_720nm_32,L_720nm_33,L_720nm_34,L_720nm_35,L_720nm_36,L_720nm_37,L_720nm_38,L_720nm_39,L_720nm_40,L_720nm_41,L_720nm_42,L_720nm_43,L_720nm_44,L_720nm_45,L_720nm_46,L_720nm_47,L_720nm_48,L_720nm_49,L_720nm_50,L_720nm_51,L_720nm_52,L_720nm_53,L_720nm_54,L_720nm_55,L_720nm_56,L_720nm_57,L_720nm_58,L_720nm_59,L_720nm_60,L_720nm_61,L_720nm_62,L_720nm_63,L_720nm_64,L_720nm_65,L_720nm_66,L_720nm_67,L_720nm_68,L_720nm_69,L_720nm_70,L_720nm_71,L_720nm_72,L_720nm_73,L_720nm_74,L_720nm_75,L_720nm_76,L_720nm_77,L_720nm_78,L_720nm_79,L_720nm_80,L_900nm_0,L_900nm_1,L_900nm_2,L_900nm_3,L_900nm_4,L_900nm_5,L_900nm_6,L_900nm_7,L_900nm_8,L_900nm_9,L_900nm_10,L_900nm_11,L_900nm_12,L_900nm_13,L_900nm_14,L_900nm_15,L_900nm_16,L_900nm_17,L_900nm_18,L_900nm_19,L_900nm_20,L_900nm_21,L_900nm_22,L_900nm_23,L_900nm_24,L_900nm_25,L_900nm_26,L_900nm_27,L_900nm_28,L_900nm_29,L_900nm_30,L_900nm_31,L_900nm_32,L_900nm_33,L_900nm_34,L_900nm_35,L_900nm_36,L_900nm_37,L_900nm_38,L_900nm_39,L_900nm_40,L_900nm_41,L_900nm_42,L_900nm_43,L_900nm_44,L_900nm_45,L_900nm_46,L_900nm_47,L_900nm_48,L_900nm_49,L_900nm_50,L_900nm_51,L_900nm_52,L_900nm_53,L_900nm_54,L_900nm_55,L_900nm_56,L_900nm_57,L_900nm_58,L_900nm_59,L_900nm_60,L_900nm_61,L_900nm_62,L_900nm_63,L_900nm_64,L_900nm_65,L_900nm_66,L_900nm_67,L_900nm_68,L_900nm_69,L_900nm_70,L_900nm_71,L_900nm_72,L_900nm_73,L_900nm_74,L_900nm_75,L_900nm_76,L_900nm_77,L_900nm_78,L_900nm_79,L_900nm_80,L_1080nm_0,L_1080nm_1,L_1080nm_2,L_1080nm_3,L_1080nm_4,L_1080nm_5,L_1080nm_6,L_1080nm_7,L_1080nm_8,L_1080nm_9,L_1080nm_10,L_1080nm_11,L_1080nm_12,L_1080nm_13,L_1080nm_14,L_1080nm_15,L_1080nm_16,L_1080nm_17,L_1080nm_18,L_1080nm_19,L_1080nm_20,L_1080nm_21,L_1080nm_22,L_1080nm_23,L_1080nm_24,L_1080nm_25,L_1080nm_26,L_1080nm_27,L_1080nm_28,L_1080nm_29,L_1080nm_30,L_1080nm_31,L_1080nm_32,L_1080nm_33,L_1080nm_34,L_1080nm_35,L_1080nm_36,L_1080nm_37,L_1080nm_38,L_1080nm_39,L_1080nm_40,L_1080nm_41,L_1080nm_42,L_1080nm_43,L_1080nm_44,L_1080nm_45,L_1080nm_46,L_1080nm_47,L_1080nm_48,L_1080nm_49,L_1080nm_50,L_1080nm_51,L_1080nm_52,L_1080nm_53,L_1080nm_54,L_1080nm_55,L_1080nm_56,L_1080nm_57,L_1080nm_58,L_1080nm_59,L_1080nm_60,L_1080nm_61,L_1080nm_62,L_1080nm_63,L_1080nm_64,L_1080nm_65,L_1080nm_66,L_1080nm_67,L_1080nm_68,L_1080nm_69,L_1080nm_70,L_1080nm_71,L_1080nm_72,L_1080nm_73,L_1080nm_74,L_1080nm_75,L_1080nm_76,L_1080nm_77,L_1080nm_78,L_1080nm_79,L_1080nm_80,L_1260nm_0,L_1260nm_1,L_1260nm_2,L_1260nm_3,L_1260nm_4,L_1260nm_5,L_1260nm_6,L_1260nm_7,L_1260nm_8,L_1260nm_9,L_1260nm_10,L_1260nm_11,L_1260nm_12,L_1260nm_13,L_1260nm_14,L_1260nm_15,L_1260nm_16,L_1260nm_17,L_1260nm_18,L_1260nm_19,L_1260nm_20,L_1260nm_21,L_1260nm_22,L_1260nm_23,L_1260nm_24,L_1260nm_25,L_1260nm_26,L_1260nm_27,L_1260nm_28,L_1260nm_29,L_1260nm_30,L_1260nm_31,L_1260nm_32,L_1260nm_33,L_1260nm_34,L_1260nm_35,L_1260nm_36,L_1260nm_37,L_1260nm_38,L_1260nm_39,L_1260nm_40,L_1260nm_41,L_1260nm_42,L_1260nm_43,L_1260nm_44,L_1260nm_45,L_1260nm_46,L_1260nm_47,L_1260nm_48,L_1260nm_49,L_1260nm_50,L_1260nm_51,L_1260nm_52,L_1260nm_53,L_1260nm_54,L_1260nm_55,L_1260nm_56,L_1260nm_57,L_1260nm_58,L_1260nm_59,L_1260nm_60,L_1260nm_61,L_1260nm_62,L_1260nm_63,L_1260nm_64,L_1260nm_65,L_1260nm_66,L_1260nm_67,L_1260nm_68,L_1260nm_69,L_1260nm_70,L_1260nm_71,L_1260nm_72,L_1260nm_73,L_1260nm_74,L_1260nm_75,L_1260nm_76,L_1260nm_77,L_1260nm_78,L_1260nm_79,L_1260nm_80
"OP(""/NM1"" ""vds"")",1.8,1.8,1.8,1.8,1.8,1.8,1.8,1.8,1.8,1.8,1.8,1.8,1.8,1.8,1.8,1.8,1.8,1.8,1.8,1.8,1.8,1.8,1.8,1.8,1.8,1.8,1.8,1.8,1.8,1.8,1.8,1.8,1.8,1.8,1.8,1.8,1.8,1.8,1.8,1.8,1.8,1.8,1.8,1.8,1.8,1.8,1.8,1.8,1.8,1.8,1.8,1.8,1.8,1.8,1.8,1.8,1.8,1.8,1.8,1.8,1.8,1.8,1.8,1.8,1.8,1.8,1.8,1.8,1.8,1.8,1.8,1.8,1.8,1.8,1.8,1.8,1.8,1.8,1.8,1.8,1.8,1.8,1.8,1.8,1.8,1.8,1.8,1.8,1.8,1.8,1.8,1.8,1.8,1.8,1.8,1.8,1.8,1.8,1.8,1.8,1.8,1.8,1.8,1.8,1.8,1.8,1.8,1.8,1.8,1.8,1.8,1.8,1.8,1.8,1.8,1.8,1.8,1.8,1.8,1.8,1.8,1.8,1.8,1.8,1.8,1.8,1.8,1.8,1.8,1.8,1.8,1.8,1.8,1.8,1.8,1.8,1.8,1.8,1.8,1.8,1.8,1.8,1.8,1.8,1.8,1.8,1.8,1.8,1.8,1.8,1.8,1.8,1.8,1.8,1.8,1.8,1.8,1.8,1.8,1.8,1.8,1.8,1.8,1.8,1.8,1.8,1.8,1.8,1.8,1.8,1.8,1.8,1.8,1.8,1.8,1.8,1.8,1.8,1.8,1.8,1.8,1.8,1.8,1.8,1.8,1.8,1.8,1.8,1.8,1.8,1.8,1.8,1.8,1.8,1.8,1.8,1.8,1.8,1.8,1.8,1.8,1.8,1.8,1.8,1.8,1.8,1.8,1.8,1.8,1.8,1.8,1.8,1.8,1.8,1.8,1.8,1.8,1.8,1.8,1.8,1.8,1.8,1.8,1.8,1.8,1.8,1.8,1.8,1.8,1.8,1.8,1.8,1.8,1.8,1.8,1.8,1.8,1.8,1.8,1.8,1.8,1.8,1.8,1.8,1.8,1.8,1.8,1.8,1.8,1.8,1.8,1.8,1.8,1.8,1.8,1.8,1.8,1.8,1.8,1.8,1.8,1.8,1.8,1.8,1.8,1.8,1.8,1.8,1.8,1.8,1.8,1.8,1.8,1.8,1.8,1.8,1.8,1.8,1.8,1.8,1.8,1.8,1.8,1.8,1.8,1.8,1.8,1.8,1.8,1.8,1.8,1.8,1.8,1.8,1.8,1.8,1.8,1.8,1.8,1.8,1.8,1.8,1.8,1.8,1.8,1.8,1.8,1.8,1.8,1.8,1.8,1.8,1.8,1.8,1.8,1.8,1.8,1.8,1.8,1.8,1.8,1.8,1.8,1.8,1.8,1.8,1.8,1.8,1.8,1.8,1.8,1.8,1.8,1.8,1.8,1.8,1.8,1.8,1.8,1.8,1.8,1.8,1.8,1.8,1.8,1.8,1.8,1.8,1.8,1.8,1.8,1.8,1.8,1.8,1.8,1.8,1.8,1.8,1.8,1.8,1.8,1.8,1.8,1.8,1.8,1.8,1.8,1.8,1.8,1.8,1.8,1.8,1.8,1.8,1.8,1.8,1.8,1.8,1.8,1.8,1.8,1.8,1.8,1.8,1.8,1.8,1.8,1.8,1.8,1.8,1.8,1.8,1.8,1.8,1.8,1.8,1.8,1.8,1.8,1.8,1.8,1.8,1.8,1.8,1.8,1.8,1.8,1.8,1.8,1.8,1.8,1.8,1.8,1.8,1.8,1.8,1.8,1.8,1.8,1.8,1.8,1.8,1.8,1.8,1.8,1.8,1.8,1.8,1.8,1.8,1.8,1.8,1.8,1.8,1.8,1.8,1.8,1.8,1.8,1.8,1.8,1.8,1.8,1.8,1.8,1.8,1.8,1.8,1.8,1.8,1.8,1.8,1.8,1.8,1.8,1.8,1.8,1.8,1.8,1.8,1.8,1.8,1.8,1.8,1.8,1.8,1.8,1.8,1.8,1.8,1.8,1.8,1.8,1.8,1.8,1.8,1.8,1.8,1.8,1.8,1.8,1.8,1.8,1.8,1.8,1.8,1.8,1.8,1.8,1.8,1.8,1.8,1.8,1.8,1.8,1.8,1.8,1.8,1.8,1.8,1.8,1.8,1.8,1.8,1.8,1.8,1.8,1.8,1.8,1.8,1.8,1.8,1.8,1.8,1.8,1.8,1.8,1.8,1.8,1.8,1.8,1.8,1.8,1.8,1.8,1.8,1.8,1.8,1.8,1.8,1.8,1.8,1.8,1.8,1.8,1.8,1.8,1.8,1.8,1.8,1.8,1.8,1.8,1.8,1.8,1.8,1.8,1.8,1.8,1.8,1.8,1.8,1.8,1.8,1.8,1.8,1.8,1.8,1.8,1.8,1.8,1.8,1.8,1.8,1.8,1.8,1.8
"OP(""/NM1"" ""region"")",3,3,3,3,3,3,3,3,3,3,2,2,2,2,2,2,2,2,2,2,2,2,2,2,2,2,2,2,2,2,2,2,2,2,2,2,2,2,2,2,2,2,2,2,2,2,2,2,2,2,2,2,2,2,2,2,2,2,2,2,2,2,2,2,2,2,2,2,2,2,2,2,2,2,2,2,2,2,2,2,2,3,3,3,3,3,3,3,2,2,2,2,2,2,2,2,2,2,2,2,2,2,2,2,2,2,2,2,2,2,2,2,2,2,2,2,2,2,2,2,2,2,2,2,2,2,2,2,2,2,2,2,2,2,2,2,2,2,2,2,2,2,2,2,2,2,2,2,2,2,2,2,2,2,2,2,2,2,2,2,2,2,3,3,3,3,3,2,2,2,2,2,2,2,2,2,2,2,2,2,2,2,2,2,2,2,2,2,2,2,2,2,2,2,2,2,2,2,2,2,2,2,2,2,2,2,2,2,2,2,2,2,2,2,2,2,2,2,2,2,2,2,2,2,2,2,2,2,2,2,2,2,2,2,2,2,2,2,2,2,2,2,2,3,3,3,3,2,2,2,2,2,2,2,2,2,2,2,2,2,2,2,2,2,2,2,2,2,2,2,2,2,2,2,2,2,2,2,2,2,2,2,2,2,2,2,2,2,2,2,2,2,2,2,2,2,2,2,2,2,2,2,2,2,2,2,2,2,2,2,2,2,2,2,2,2,2,2,2,2,2,2,2,2,3,3,3,2,2,2,2,2,2,2,2,2,2,2,2,2,2,2,2,2,2,2,2,2,2,2,2,2,2,2,2,2,2,2,2,2,2,2,2,2,2,2,2,2,2,2,2,2,2,2,2,2,2,2,2,2,2,2,2,2,2,2,2,2,2,2,2,2,2,2,2,2,2,2,2,2,2,2,2,2,2,3,3,2,2,2,2,2,2,2,2,2,2,2,2,2,2,2,2,2,2,2,2,2,2,2,2,2,2,2,2,2,2,2,2,2,2,2,2,2,2,2,2,2,2,2,2,2,2,2,2,2,2,2,2,2,2,2,2,2,2,2,2,2,2,2,2,2,2,2,2,2,2,2,2,2,2,2,2,2,2,2,3,2,2,2,2,2,2,2,2,2,2,2,2,2,2,2,2,2,2,2,2,2,2,2,2,2,2,2,2,2,2,2,2,2,2,2,2,2,2,2,2,2,2,2,2,2,2,2,2,2,2,2,2,2,2,2,2,2,2,2,2,2,2,2,2,2,2,2,2,2,2,2,2,2,2,2,2,2,2,2,2
"OP(""/NM1"" ""vgs"")",0.4,0.41,0.42,0.43,0.44,0.45,0.46,0.47,0.48,0.49,0.5,0.51,0.52,0.53,0.54,0.55,0.56,0.57,0.58,0.59,0.6,0.61,0.62,0.63,0.64,0.65,0.66,0.67,0.68,0.69,0.7,0.71,0.72,0.73,0.74,0.75,0.76,0.77,0.78,0.79,0.8,0.81,0.82,0.83,0.84,0.85,0.86,0.87,0.88,0.89,0.9,0.91,0.92,0.93,0.94,0.95,0.96,0.97,0.98,0.99,1,1.01,1.02,1.03,1.04,1.05,1.06,1.07,1.08,1.09,1.1,1.11,1.12,1.13,1.14,1.15,1.16,1.17,1.18,1.19,1.2,0.4,0.41,0.42,0.43,0.44,0.45,0.46,0.47,0.48,0.49,0.5,0.51,0.52,0.53,0.54,0.55,0.56,0.57,0.58,0.59,0.6,0.61,0.62,0.63,0.64,0.65,0.66,0.67,0.68,0.69,0.7,0.71,0.72,0.73,0.74,0.75,0.76,0.77,0.78,0.79,0.8,0.81,0.82,0.83,0.84,0.85,0.86,0.87,0.88,0.89,0.9,0.91,0.92,0.93,0.94,0.95,0.96,0.97,0.98,0.99,1,1.01,1.02,1.03,1.04,1.05,1.06,1.07,1.08,1.09,1.1,1.11,1.12,1.13,1.14,1.15,1.16,1.17,1.18,1.19,1.2,0.4,0.41,0.42,0.43,0.44,0.45,0.46,0.47,0.48,0.49,0.5,0.51,0.52,0.53,0.54,0.55,0.56,0.57,0.58,0.59,0.6,0.61,0.62,0.63,0.64,0.65,0.66,0.67,0.68,0.69,0.7,0.71,0.72,0.73,0.74,0.75,0.76,0.77,0.78,0.79,0.8,0.81,0.82,0.83,0.84,0.85,0.86,0.87,0.88,0.89,0.9,0.91,0.92,0.93,0.94,0.95,0.96,0.97,0.98,0.99,1,1.01,1.02,1.03,1.04,1.05,1.06,1.07,1.08,1.09,1.1,1.11,1.12,1.13,1.14,1.15,1.16,1.17,1.18,1.19,1.2,0.4,0.41,0.42,0.43,0.44,0.45,0.46,0.47,0.48,0.49,0.5,0.51,0.52,0.53,0.54,0.55,0.56,0.57,0.58,0.59,0.6,0.61,0.62,0.63,0.64,0.65,0.66,0.67,0.68,0.69,0.7,0.71,0.72,0.73,0.74,0.75,0.76,0.77,0.78,0.79,0.8,0.81,0.82,0.83,0.84,0.85,0.86,0.87,0.88,0.89,0.9,0.91,0.92,0.93,0.94,0.95,0.96,0.97,0.98,0.99,1,1.01,1.02,1.03,1.04,1.05,1.06,1.07,1.08,1.09,1.1,1.11,1.12,1.13,1.14,1.15,1.16,1.17,1.18,1.19,1.2,0.4,0.41,0.42,0.43,0.44,0.45,0.46,0.47,0.48,0.49,0.5,0.51,0.52,0.53,0.54,0.55,0.56,0.57,0.58,0.59,0.6,0.61,0.62,0.63,0.64,0.65,0.66,0.67,0.68,0.69,0.7,0.71,0.72,0.73,0.74,0.75,0.76,0.77,0.78,0.79,0.8,0.81,0.82,0.83,0.84,0.85,0.86,0.87,0.88,0.89,0.9,0.91,0.92,0.93,0.94,0.95,0.96,0.97,0.98,0.99,1,1.01,1.02,1.03,1.04,1.05,1.06,1.07,1.08,1.09,1.1,1.11,1.12,1.13,1.14,1.15,1.16,1.17,1.18,1.19,1.2,0.4,0.41,0.42,0.43,0.44,0.45,0.46,0.47,0.48,0.49,0.5,0.51,0.52,0.53,0.54,0.55,0.56,0.57,0.58,0.59,0.6,0.61,0.62,0.63,0.64,0.65,0.66,0.67,0.68,0.69,0.7,0.71,0.72,0.73,0.74,0.75,0.76,0.77,0.78,0.79,0.8,0.81,0.82,0.83,0.84,0.85,0.86,0.87,0.88,0.89,0.9,0.91,0.92,0.93,0.94,0.95,0.96,0.97,0.98,0.99,1,1.01,1.02,1.03,1.04,1.05,1.06,1.07,1.08,1.09,1.1,1.11,1.12,1.13,1.14,1.15,1.16,1.17,1.18,1.19,1.2,0.4,0.41,0.42,0.43,0.44,0.45,0.46,0.47,0.48,0.49,0.5,0.51,0.52,0.53,0.54,0.55,0.56,0.57,0.58,0.59,0.6,0.61,0.62,0.63,0.64,0.65,0.66,0.67,0.68,0.69,0.7,0.71,0.72,0.73,0.74,0.75,0.76,0.77,0.78,0.79,0.8,0.81,0.82,0.83,0.84,0.85,0.86,0.87,0.88,0.89,0.9,0.91,0.92,0.93,0.94,0.95,0.96,0.97,0.98,0.99,1,1.01,1.02,1.03,1.04,1.05,1.06,1.07,1.08,1.09,1.1,1.11,1.12,1.13,1.14,1.15,1.16,1.17,1.18,1.19,1.2
"OP(""/NM1"" ""vth"")",0.4929,0.4929,0.4929,0.4929,0.4929,0.4929,0.4929,0.4929,0.4929,0.4929,0.4929,0.4929,0.4929,0.4929,0.4929,0.4929,0.4929,0.4929,0.4929,0.4929,0.4929,0.4929,0.4929,0.4929,0.4929,0.4929,0.4929,0.4929,0.4929,0.4929,0.4929,0.4929,0.4929,0.4929,0.4929,0.4929,0.4929,0.4929,0.4929,0.4929,0.4929,0.4929,0.4929,0.4929,0.4929,0.4929,0.4929,0.4929,0.4929,0.4929,0.4929,0.4929,0.4929,0.4929,0.4929,0.4929,0.4929,0.4929,0.4929,0.4929,0.4929,0.4929,0.4929,0.4929,0.4929,0.4929,0.4929,0.4929,0.4929,0.4929,0.4929,0.4929,0.4929,0.4929,0.4929,0.4929,0.4929,0.4929,0.4929,0.4929,0.4929,0.4688,0.4688,0.4688,0.4688,0.4688,0.4688,0.4688,0.4688,0.4688,0.4688,0.4688,0.4688,0.4688,0.4688,0.4688,0.4688,0.4688,0.4688,0.4688,0.4688,0.4688,0.4688,0.4688,0.4688,0.4688,0.4688,0.4688,0.4688,0.4688,0.4688,0.4688,0.4688,0.4688,0.4688,0.4688,0.4688,0.4688,0.4688,0.4688,0.4688,0.4688,0.4688,0.4688,0.4688,0.4688,0.4688,0.4688,0.4688,0.4688,0.4688,0.4688,0.4688,0.4688,0.4688,0.4688,0.4688,0.4688,0.4688,0.4688,0.4688,0.4688,0.4688,0.4688,0.4688,0.4688,0.4688,0.4688,0.4688,0.4688,0.4688,0.4688,0.4688,0.4688,0.4688,0.4688,0.4688,0.4688,0.4688,0.4688,0.4688,0.4688,0.4493,0.4493,0.4493,0.4493,0.4493,0.4493,0.4493,0.4493,0.4493,0.4493,0.4493,0.4493,0.4493,0.4493,0.4493,0.4493,0.4493,0.4493,0.4493,0.4493,0.4493,0.4493,0.4493,0.4493,0.4493,0.4493,0.4493,0.4493,0.4493,0.4493,0.4493,0.4493,0.4493,0.4493,0.4493,0.4493,0.4493,0.4493,0.4493,0.4493,0.4493,0.4493,0.4493,0.4493,0.4493,0.4493,0.4493,0.4493,0.4493,0.4493,0.4493,0.4493,0.4493,0.4493,0.4493,0.4493,0.4493,0.4493,0.4493,0.4493,0.4493,0.4493,0.4493,0.4493,0.4493,0.4493,0.4493,0.4493,0.4493,0.4493,0.4493,0.4493,0.4493,0.4493,0.4493,0.4493,0.4493,0.4493,0.4493,0.4493,0.4493,0.434,0.434,0.434,0.434,0.434,0.434,0.434,0.434,0.434,0.434,0.434,0.434,0.434,0.434,0.434,0.434,0.434,0.434,0.434,0.434,0.434,0.434,0.434,0.434,0.434,0.434,0.434,0.434,0.434,0.434,0.434,0.434,0.434,0.434,0.434,0.434,0.434,0.434,0.434,0.434,0.434,0.434,0.434,0.434,0.434,0.434,0.434,0.434,0.434,0.434,0.434,0.434,0.434,0.434,0.434,0.434,0.434,0.434,0.434,0.434,0.434,0.434,0.434,0.434,0.434,0.434,0.434,0.434,0.434,0.434,0.434,0.434,0.434,0.434,0.434,0.434,0.434,0.434,0.434,0.434,0.434,0.4229,0.4229,0.4229,0.4229,0.4229,0.4229,0.4229,0.4229,0.4229,0.4229,0.4229,0.4229,0.4229,0.4229,0.4229,0.4229,0.4229,0.4229,0.4229,0.4229,0.4229,0.4229,0.4229,0.4229,0.4229,0.4229,0.4229,0.4229,0.4229,0.4229,0.4229,0.4229,0.4229,0.4229,0.4229,0.4229,0.4229,0.4229,0.4229,0.4229,0.4229,0.4229,0.4229,0.4229,0.4229,0.4229,0.4229,0.4229,0.4229,0.4229,0.4229,0.4229,0.4229,0.4229,0.4229,0.4229,0.4229,0.4229,0.4229,0.4229,0.4229,0.4229,0.4229,0.4229,0.4229,0.4229,0.4229,0.4229,0.4229,0.4229,0.4229,0.4229,0.4229,0.4229,0.4229,0.4229,0.4229,0.4229,0.4229,0.4229,0.4229,0.4148,0.4148,0.4148,0.4148,0.4148,0.4148,0.4148,0.4148,0.4148,0.4148,0.4148,0.4148,0.4148,0.4148,0.4148,0.4148,0.4148,0.4148,0.4148,0.4148,0.4148,0.4148,0.4148,0.4148,0.4148,0.4148,0.4148,0.4148,0.4148,0.4148,0.4148,0.4148,0.4148,0.4148,0.4148,0.4148,0.4148,0.4148,0.4148,0.4148,0.4148,0.4148,0.4148,0.4148,0.4148,0.4148,0.4148,0.4148,0.4148,0.4148,0.4148,0.4148,0.4148,0.4148,0.4148,0.4148,0.4148,0.4148,0.4148,0.4148,0.4148,0.4148,0.4148,0.4148,0.4148,0.4148,0.4148,0.4148,0.4148,0.4148,0.4148,0.4148,0.4148,0.4148,0.4148,0.4148,0.4148,0.4148,0.4148,0.4148,0.4148,0.4088,0.4088,0.4088,0.4088,0.4088,0.4088,0.4088,0.4088,0.4088,0.4088,0.4088,0.4088,0.4088,0.4088,0.4088,0.4088,0.4088,0.4088,0.4088,0.4088,0.4088,0.4088,0.4088,0.4088,0.4088,0.4088,0.4088,0.4088,0.4088,0.4088,0.4088,0.4088,0.4088,0.4088,0.4088,0.4088,0.4088,0.4088,0.4088,0.4088,0.4088,0.4088,0.4088,0.4088,0.4088,0.4088,0.4088,0.4088,0.4088,0.4088,0.4088,0.4088,0.4088,0.4088,0.4088,0.4088,0.4088,0.4088,0.4088,0.4088,0.4088,0.4088,0.4088,0.4088,0.4088,0.4088,0.4088,0.4088,0.4088,0.4088,0.4088,0.4088,0.4088,0.4088,0.4088,0.4088,0.4088,0.4088,0.4088,0.4088,0.4088
nov,-0.0929,-0.0829,-0.0729,-0.0629,-0.0529,-0.0429,-0.0329,-0.0229,-0.0129,-0.002898,0.007102,0.0171,0.0271,0.0371,0.0471,0.0571,0.0671,0.0771,0.0871,0.0971,0.1071,0.1171,0.1271,0.1371,0.1471,0.1571,0.1671,0.1771,0.1871,0.1971,0.2071,0.2171,0.2271,0.2371,0.2471,0.2571,0.2671,0.2771,0.2871,0.2971,0.3071,0.3171,0.3271,0.3371,0.3471,0.3571,0.3671,0.3771,0.3871,0.3971,0.4071,0.4171,0.4271,0.4371,0.4471,0.4571,0.4671,0.4771,0.4871,0.4971,0.5071,0.5171,0.5271,0.5371,0.5471,0.5571,0.5671,0.5771,0.5871,0.5971,0.6071,0.6171,0.6271,0.6371,0.6471,0.6571,0.6671,0.6771,0.6871,0.6971,0.7071,-0.06881,-0.05881,-0.04881,-0.03881,-0.02881,-0.01881,-0.00881,0.00119,0.01119,0.02119,0.03119,0.04119,0.05119,0.06119,0.07119,0.08119,0.09119,0.1012,0.1112,0.1212,0.1312,0.1412,0.1512,0.1612,0.1712,0.1812,0.1912,0.2012,0.2112,0.2212,0.2312,0.2412,0.2512,0.2612,0.2712,0.2812,0.2912,0.3012,0.3112,0.3212,0.3312,0.3412,0.3512,0.3612,0.3712,0.3812,0.3912,0.4012,0.4112,0.4212,0.4312,0.4412,0.4512,0.4612,0.4712,0.4812,0.4912,0.5012,0.5112,0.5212,0.5312,0.5412,0.5512,0.5612,0.5712,0.5812,0.5912,0.6012,0.6112,0.6212,0.6312,0.6412,0.6512,0.6612,0.6712,0.6812,0.6912,0.7012,0.7112,0.7212,0.7312,-0.0493,-0.0393,-0.0293,-0.0193,-0.0093,0.0006998,0.0107,0.0207,0.0307,0.0407,0.0507,0.0607,0.0707,0.0807,0.0907,0.1007,0.1107,0.1207,0.1307,0.1407,0.1507,0.1607,0.1707,0.1807,0.1907,0.2007,0.2107,0.2207,0.2307,0.2407,0.2507,0.2607,0.2707,0.2807,0.2907,0.3007,0.3107,0.3207,0.3307,0.3407,0.3507,0.3607,0.3707,0.3807,0.3907,0.4007,0.4107,0.4207,0.4307,0.4407,0.4507,0.4607,0.4707,0.4807,0.4907,0.5007,0.5107,0.5207,0.5307,0.5407,0.5507,0.5607,0.5707,0.5807,0.5907,0.6007,0.6107,0.6207,0.6307,0.6407,0.6507,0.6607,0.6707,0.6807,0.6907,0.7007,0.7107,0.7207,0.7307,0.7407,0.7507,-0.03403,-0.02403,-0.01403,-0.004035,0.005965,0.01597,0.02597,0.03597,0.04597,0.05597,0.06597,0.07597,0.08597,0.09597,0.106,0.116,0.126,0.136,0.146,0.156,0.166,0.176,0.186,0.196,0.206,0.216,0.226,0.236,0.246,0.256,0.266,0.276,0.286,0.296,0.306,0.316,0.326,0.336,0.346,0.356,0.366,0.376,0.386,0.396,0.406,0.416,0.426,0.436,0.446,0.456,0.466,0.476,0.486,0.496,0.506,0.516,0.526,0.536,0.546,0.556,0.566,0.576,0.586,0.596,0.606,0.616,0.626,0.636,0.646,0.656,0.666,0.676,0.686,0.696,0.706,0.716,0.726,0.736,0.746,0.756,0.766,-0.02293,-0.01293,-0.002929,0.007071,0.01707,0.02707,0.03707,0.04707,0.05707,0.06707,0.07707,0.08707,0.09707,0.1071,0.1171,0.1271,0.1371,0.1471,0.1571,0.1671,0.1771,0.1871,0.1971,0.2071,0.2171,0.2271,0.2371,0.2471,0.2571,0.2671,0.2771,0.2871,0.2971,0.3071,0.3171,0.3271,0.3371,0.3471,0.3571,0.3671,0.3771,0.3871,0.3971,0.4071,0.4171,0.4271,0.4371,0.4471,0.4571,0.4671,0.4771,0.4871,0.4971,0.5071,0.5171,0.5271,0.5371,0.5471,0.5571,0.5671,0.5771,0.5871,0.5971,0.6071,0.6171,0.6271,0.6371,0.6471,0.6571,0.6671,0.6771,0.6871,0.6971,0.7071,0.7171,0.7271,0.7371,0.7471,0.7571,0.7671,0.7771,-0.01483,-0.004827,0.005173,0.01517,0.02517,0.03517,0.04517,0.05517,0.06517,0.07517,0.08517,0.09517,0.1052,0.1152,0.1252,0.1352,0.1452,0.1552,0.1652,0.1752,0.1852,0.1952,0.2052,0.2152,0.2252,0.2352,0.2452,0.2552,0.2652,0.2752,0.2852,0.2952,0.3052,0.3152,0.3252,0.3352,0.3452,0.3552,0.3652,0.3752,0.3852,0.3952,0.4052,0.4152,0.4252,0.4352,0.4452,0.4552,0.4652,0.4752,0.4852,0.4952,0.5052,0.5152,0.5252,0.5352,0.5452,0.5552,0.5652,0.5752,0.5852,0.5952,0.6052,0.6152,0.6252,0.6352,0.6452,0.6552,0.6652,0.6752,0.6852,0.6952,0.7052,0.7152,0.7252,0.7352,0.7452,0.7552,0.7652,0.7752,0.7852,-0.00879,0.00121,0.01121,0.02121,0.03121,0.04121,0.05121,0.06121,0.07121,0.08121,0.09121,0.1012,0.1112,0.1212,0.1312,0.1412,0.1512,0.1612,0.1712,0.1812,0.1912,0.2012,0.2112,0.2212,0.2312,0.2412,0.2512,0.2612,0.2712,0.2812,0.2912,0.3012,0.3112,0.3212,0.3312,0.3412,0.3512,0.3612,0.3712,0.3812,0.3912,0.4012,0.4112,0.4212,0.4312,0.4412,0.4512,0.4612,0.4712,0.4812,0.4912,0.5012,0.5112,0.5212,0.5312,0.5412,0.5512,0.5612,0.5712,0.5812,0.5912,0.6012,0.6112,0.6212,0.6312,0.6412,0.6512,0.6612,0.6712,0.6812,0.6912,0.7012,0.7112,0.7212,0.7312,0.7412,0.7512,0.7612,0.7712,0.7812,0.7912
ngm,0.04909,0.06143,0.07655,0.09498,0.1173,0.144,0.176,0.2136,0.2576,0.3084,0.3663,0.4315,0.5036,0.5824,0.667,0.7565,0.8495,0.9448,1.041,1.136,1.229,1.32,1.405,1.486,1.562,1.631,1.695,1.753,1.805,1.852,1.893,1.931,1.964,1.993,2.02,2.043,2.063,2.082,2.098,2.113,2.126,2.137,2.148,2.158,2.166,2.174,2.182,2.188,2.194,2.2,2.205,2.21,2.214,2.218,2.222,2.225,2.228,2.231,2.233,2.236,2.238,2.239,2.241,2.242,2.243,2.244,2.245,2.246,2.246,2.246,2.246,2.246,2.246,2.245,2.245,2.244,2.243,2.242,2.241,2.24,2.239,0.01798,0.02261,0.02836,0.03545,0.04415,0.05474,0.06751,0.08277,0.1008,0.1217,0.1457,0.1729,0.203,0.2361,0.2717,0.3095,0.349,0.3897,0.4312,0.4729,0.5145,0.5555,0.5956,0.6346,0.6723,0.7086,0.7434,0.7767,0.8085,0.8389,0.868,0.8957,0.9223,0.9478,0.9722,0.9957,1.018,1.04,1.061,1.082,1.101,1.121,1.139,1.157,1.175,1.192,1.209,1.225,1.241,1.257,1.272,1.286,1.301,1.315,1.328,1.342,1.355,1.367,1.38,1.391,1.403,1.414,1.425,1.436,1.446,1.456,1.466,1.475,1.485,1.493,1.502,1.51,1.518,1.526,1.534,1.541,1.548,1.554,1.561,1.567,1.573,0.01604,0.02011,0.02512,0.03125,0.03868,0.04759,0.05815,0.07051,0.08476,0.1009,0.119,0.139,0.1606,0.1837,0.2079,0.2332,0.2591,0.2853,0.3117,0.3379,0.3638,0.3893,0.4142,0.4384,0.4619,0.4846,0.5067,0.528,0.5486,0.5686,0.588,0.6067,0.625,0.6428,0.6602,0.6771,0.6937,0.71,0.7259,0.7416,0.7569,0.7721,0.787,0.8016,0.816,0.8303,0.8443,0.8581,0.8717,0.8851,0.8983,0.9113,0.9241,0.9367,0.9491,0.9613,0.9733,0.9851,0.9967,1.008,1.019,1.03,1.041,1.052,1.062,1.072,1.082,1.092,1.102,1.111,1.12,1.129,1.138,1.147,1.155,1.163,1.171,1.179,1.187,1.194,1.201,0.01592,0.01986,0.02466,0.03046,0.03738,0.04553,0.055,0.06586,0.07811,0.09173,0.1066,0.1227,0.1397,0.1576,0.1761,0.195,0.2141,0.2333,0.2524,0.2713,0.2898,0.308,0.3258,0.3431,0.3599,0.3763,0.3922,0.4077,0.4228,0.4375,0.4519,0.466,0.4798,0.4933,0.5066,0.5197,0.5326,0.5454,0.5579,0.5704,0.5827,0.5948,0.6068,0.6187,0.6305,0.6422,0.6537,0.6652,0.6765,0.6877,0.6988,0.7098,0.7207,0.7314,0.742,0.7525,0.7629,0.7732,0.7833,0.7933,0.8032,0.8129,0.8225,0.8319,0.8413,0.8505,0.8595,0.8684,0.8772,0.8858,0.8943,0.9027,0.9109,0.9189,0.9269,0.9347,0.9423,0.9498,0.9572,0.9644,0.9715,0.01566,0.01945,0.02401,0.02945,0.03586,0.04331,0.05183,0.06144,0.07211,0.08378,0.09635,0.1097,0.1237,0.1382,0.153,0.168,0.183,0.198,0.2129,0.2276,0.2419,0.256,0.2698,0.2832,0.2962,0.309,0.3215,0.3336,0.3456,0.3572,0.3687,0.38,0.3911,0.402,0.4128,0.4235,0.434,0.4445,0.4549,0.4651,0.4753,0.4854,0.4955,0.5055,0.5154,0.5252,0.5349,0.5446,0.5543,0.5638,0.5733,0.5827,0.592,0.6012,0.6104,0.6195,0.6285,0.6374,0.6462,0.6549,0.6636,0.6721,0.6806,0.6889,0.6972,0.7054,0.7134,0.7214,0.7293,0.737,0.7447,0.7522,0.7597,0.767,0.7742,0.7814,0.7884,0.7953,0.8021,0.8088,0.8154,0.01515,0.01873,0.02302,0.02808,0.03398,0.04075,0.04842,0.05696,0.06634,0.07647,0.08727,0.09863,0.1104,0.1225,0.1348,0.1472,0.1596,0.1719,0.184,0.1959,0.2076,0.2191,0.2303,0.2413,0.252,0.2624,0.2727,0.2827,0.2926,0.3023,0.3118,0.3212,0.3305,0.3397,0.3488,0.3578,0.3667,0.3756,0.3844,0.3932,0.4019,0.4105,0.4192,0.4277,0.4362,0.4447,0.4531,0.4615,0.4698,0.4781,0.4864,0.4945,0.5027,0.5108,0.5188,0.5267,0.5346,0.5425,0.5502,0.5579,0.5656,0.5731,0.5806,0.5881,0.5954,0.6027,0.6099,0.617,0.6241,0.6311,0.638,0.6448,0.6515,0.6582,0.6647,0.6712,0.6776,0.6839,0.6902,0.6963,0.7024,0.01449,0.01785,0.02185,0.02654,0.03195,0.03812,0.04504,0.05268,0.06099,0.0699,0.07933,0.08918,0.09933,0.1097,0.1202,0.1307,0.1412,0.1516,0.1618,0.1719,0.1818,0.1914,0.2009,0.2101,0.2192,0.2281,0.2368,0.2453,0.2537,0.262,0.2702,0.2783,0.2863,0.2942,0.3021,0.3099,0.3176,0.3254,0.333,0.3406,0.3482,0.3558,0.3633,0.3708,0.3783,0.3857,0.3931,0.4005,0.4079,0.4152,0.4224,0.4297,0.4369,0.444,0.4511,0.4582,0.4652,0.4722,0.4791,0.486,0.4928,0.4996,0.5063,0.513,0.5196,0.5261,0.5326,0.539,0.5454,0.5517,0.5579,0.5641,0.5702,0.5763,0.5823,0.5882,0.594,0.5998,0.6055,0.6111,0.6167
"OP(""/NM1"" ""id"")",0.002051,0.002601,0.003289,0.004143,0.005201,0.006504,0.008099,0.01004,0.01239,0.01522,0.01858,0.02257,0.02724,0.03266,0.0389,0.04602,0.05405,0.06302,0.07294,0.08383,0.09566,0.1084,0.122,0.1365,0.1517,0.1677,0.1843,0.2016,0.2194,0.2377,0.2564,0.2755,0.295,0.3148,0.3349,0.3552,0.3757,0.3964,0.4173,0.4384,0.4596,0.4809,0.5023,0.5238,0.5455,0.5672,0.5889,0.6108,0.6327,0.6547,0.6767,0.6988,0.7209,0.7431,0.7653,0.7875,0.8098,0.8321,0.8544,0.8767,0.8991,0.9215,0.9439,0.9663,0.9887,1.011,1.034,1.056,1.079,1.101,1.123,1.146,1.168,1.191,1.213,1.236,1.258,1.281,1.303,1.325,1.348,0.0007469,0.0009491,0.001203,0.001521,0.001917,0.00241,0.003019,0.003769,0.004684,0.005794,0.007128,0.008718,0.0106,0.01279,0.01533,0.01823,0.02152,0.02521,0.02932,0.03384,0.03878,0.04413,0.04988,0.05604,0.06257,0.06948,0.07674,0.08434,0.09227,0.1005,0.109,0.1179,0.127,0.1363,0.1459,0.1557,0.1658,0.1761,0.1866,0.1973,0.2082,0.2194,0.2307,0.2421,0.2538,0.2656,0.2776,0.2898,0.3021,0.3146,0.3273,0.3401,0.353,0.3661,0.3793,0.3926,0.4061,0.4197,0.4335,0.4473,0.4613,0.4754,0.4896,0.5039,0.5183,0.5328,0.5474,0.5621,0.5769,0.5918,0.6068,0.6219,0.637,0.6522,0.6675,0.6829,0.6984,0.7139,0.7294,0.7451,0.7608,0.0006744,0.0008544,0.00108,0.001361,0.001709,0.002139,0.002666,0.003308,0.004083,0.00501,0.006108,0.007397,0.008893,0.01061,0.01257,0.01478,0.01724,0.01996,0.02294,0.02619,0.0297,0.03347,0.03748,0.04175,0.04625,0.05098,0.05594,0.06111,0.0665,0.07208,0.07787,0.08384,0.09,0.09634,0.1029,0.1095,0.1164,0.1234,0.1306,0.1379,0.1454,0.1531,0.1609,0.1688,0.1769,0.1851,0.1935,0.202,0.2107,0.2194,0.2284,0.2374,0.2466,0.2559,0.2653,0.2749,0.2845,0.2943,0.3042,0.3143,0.3244,0.3347,0.345,0.3555,0.3661,0.3767,0.3875,0.3984,0.4093,0.4204,0.4316,0.4428,0.4541,0.4656,0.4771,0.4887,0.5003,0.5121,0.5239,0.5358,0.5478,0.0006792,0.0008575,0.001079,0.001354,0.001692,0.002106,0.002607,0.00321,0.003929,0.004777,0.005768,0.006914,0.008225,0.009711,0.01138,0.01323,0.01528,0.01752,0.01994,0.02256,0.02537,0.02836,0.03153,0.03487,0.03839,0.04207,0.04591,0.04991,0.05406,0.05836,0.06281,0.0674,0.07213,0.077,0.082,0.08713,0.09239,0.09778,0.1033,0.1089,0.1147,0.1206,0.1266,0.1327,0.139,0.1453,0.1518,0.1584,0.1651,0.1719,0.1789,0.1859,0.1931,0.2003,0.2077,0.2152,0.2227,0.2304,0.2382,0.2461,0.2541,0.2622,0.2703,0.2786,0.287,0.2954,0.304,0.3126,0.3213,0.3302,0.3391,0.3481,0.3571,0.3663,0.3755,0.3848,0.3942,0.4036,0.4132,0.4228,0.4325,0.0006762,0.0008511,0.001068,0.001334,0.00166,0.002055,0.00253,0.003095,0.003762,0.004541,0.005441,0.00647,0.007637,0.008946,0.0104,0.01201,0.01376,0.01567,0.01772,0.01992,0.02227,0.02476,0.02739,0.03015,0.03305,0.03608,0.03923,0.04251,0.0459,0.04942,0.05305,0.05679,0.06065,0.06461,0.06869,0.07287,0.07716,0.08155,0.08605,0.09065,0.09535,0.1002,0.1051,0.1101,0.1152,0.1204,0.1257,0.1311,0.1366,0.1422,0.1478,0.1536,0.1595,0.1655,0.1715,0.1777,0.1839,0.1902,0.1967,0.2032,0.2097,0.2164,0.2232,0.23,0.237,0.244,0.2511,0.2583,0.2655,0.2728,0.2802,0.2877,0.2953,0.3029,0.3106,0.3184,0.3263,0.3342,0.3422,0.3502,0.3583,0.0006606,0.0008295,0.001038,0.001292,0.001602,0.001975,0.00242,0.002946,0.003562,0.004276,0.005094,0.006023,0.007068,0.008232,0.009519,0.01093,0.01246,0.01412,0.0159,0.0178,0.01982,0.02195,0.0242,0.02656,0.02902,0.0316,0.03427,0.03705,0.03992,0.0429,0.04597,0.04913,0.05239,0.05574,0.05919,0.06272,0.06634,0.07005,0.07386,0.07774,0.08172,0.08578,0.08993,0.09416,0.09848,0.1029,0.1074,0.112,0.1166,0.1213,0.1262,0.1311,0.1361,0.1411,0.1463,0.1515,0.1568,0.1622,0.1677,0.1732,0.1788,0.1845,0.1903,0.1961,0.202,0.208,0.2141,0.2202,0.2264,0.2327,0.2391,0.2455,0.252,0.2585,0.2651,0.2718,0.2785,0.2853,0.2922,0.2992,0.3061,0.0006368,0.000798,0.0009959,0.001237,0.001529,0.001879,0.002294,0.002782,0.00335,0.004004,0.00475,0.005592,0.006534,0.007579,0.008729,0.009983,0.01134,0.01281,0.01437,0.01604,0.01781,0.01968,0.02164,0.02369,0.02584,0.02808,0.0304,0.03281,0.03531,0.03789,0.04055,0.04329,0.04611,0.04902,0.052,0.05506,0.05819,0.06141,0.0647,0.06807,0.07151,0.07503,0.07863,0.0823,0.08605,0.08987,0.09376,0.09773,0.1018,0.1059,0.1101,0.1143,0.1187,0.1231,0.1275,0.1321,0.1367,0.1414,0.1462,0.151,0.1559,0.1608,0.1659,0.171,0.1761,0.1814,0.1866,0.192,0.1974,0.2029,0.2085,0.2141,0.2197,0.2255,0.2313,0.2371,0.243,0.249,0.255,0.2611,0.2673
ngm_id,23.94,23.62,23.28,22.92,22.55,22.15,21.72,21.27,20.79,20.27,19.71,19.12,18.49,17.83,17.15,16.44,15.72,14.99,14.27,13.55,12.85,12.17,11.52,10.89,10.29,9.726,9.193,8.694,8.227,7.791,7.385,7.008,6.658,6.333,6.031,5.751,5.492,5.251,5.027,4.819,4.625,4.445,4.276,4.119,3.972,3.834,3.704,3.583,3.468,3.36,3.259,3.162,3.071,2.985,2.903,2.826,2.752,2.681,2.614,2.55,2.489,2.43,2.374,2.321,2.269,2.22,2.172,2.126,2.082,2.04,1.999,1.96,1.922,1.886,1.85,1.816,1.783,1.751,1.72,1.69,1.661,24.07,23.83,23.58,23.31,23.03,22.71,22.36,21.96,21.51,21,20.44,19.83,19.16,18.46,17.73,16.98,16.22,15.46,14.71,13.98,13.27,12.59,11.94,11.32,10.74,10.2,9.687,9.209,8.763,8.347,7.96,7.6,7.265,6.953,6.663,6.393,6.141,5.906,5.687,5.481,5.289,5.109,4.939,4.78,4.63,4.488,4.354,4.228,4.108,3.994,3.886,3.783,3.685,3.592,3.502,3.417,3.336,3.257,3.183,3.111,3.042,2.975,2.911,2.85,2.79,2.733,2.678,2.625,2.573,2.523,2.475,2.429,2.383,2.34,2.297,2.256,2.216,2.177,2.14,2.103,2.068,23.78,23.53,23.27,22.97,22.63,22.25,21.81,21.31,20.76,20.15,19.49,18.79,18.06,17.3,16.54,15.78,15.03,14.3,13.58,12.9,12.25,11.63,11.05,10.5,9.987,9.506,9.058,8.64,8.25,7.888,7.551,7.237,6.945,6.672,6.419,6.182,5.96,5.753,5.559,5.376,5.205,5.044,4.892,4.749,4.613,4.485,4.363,4.248,4.138,4.033,3.934,3.838,3.747,3.66,3.577,3.497,3.421,3.347,3.276,3.208,3.142,3.079,3.018,2.959,2.902,2.846,2.793,2.741,2.691,2.643,2.596,2.55,2.506,2.463,2.421,2.38,2.341,2.302,2.265,2.228,2.193,23.44,23.16,22.85,22.49,22.09,21.62,21.1,20.52,19.88,19.2,18.48,17.74,16.99,16.23,15.47,14.73,14.01,13.32,12.65,12.02,11.42,10.86,10.33,9.838,9.376,8.944,8.542,8.168,7.82,7.496,7.195,6.914,6.652,6.407,6.179,5.965,5.765,5.578,5.401,5.236,5.08,4.932,4.793,4.662,4.537,4.419,4.306,4.199,4.097,4,3.907,3.818,3.733,3.651,3.573,3.497,3.425,3.355,3.288,3.224,3.161,3.101,3.042,2.986,2.932,2.879,2.828,2.778,2.73,2.683,2.638,2.593,2.551,2.509,2.468,2.429,2.39,2.353,2.317,2.281,2.246,23.16,22.85,22.49,22.07,21.6,21.08,20.49,19.85,19.17,18.45,17.71,16.95,16.2,15.44,14.71,13.99,13.3,12.64,12.01,11.42,10.86,10.34,9.848,9.39,8.963,8.565,8.194,7.849,7.528,7.229,6.95,6.691,6.448,6.222,6.01,5.812,5.626,5.451,5.286,5.131,4.985,4.847,4.716,4.593,4.475,4.363,4.257,4.155,4.059,3.966,3.878,3.793,3.712,3.634,3.559,3.487,3.417,3.351,3.286,3.224,3.164,3.106,3.049,2.995,2.942,2.891,2.841,2.793,2.747,2.701,2.657,2.614,2.573,2.532,2.493,2.454,2.417,2.38,2.344,2.31,2.276,22.93,22.58,22.18,21.73,21.21,20.64,20.01,19.33,18.62,17.89,17.13,16.38,15.62,14.88,14.16,13.47,12.8,12.17,11.57,11.01,10.48,9.981,9.517,9.085,8.681,8.306,7.956,7.631,7.328,7.046,6.783,6.537,6.308,6.094,5.893,5.705,5.528,5.362,5.205,5.057,4.918,4.786,4.661,4.542,4.43,4.322,4.22,4.122,4.029,3.94,3.855,3.773,3.694,3.619,3.546,3.477,3.409,3.344,3.282,3.221,3.163,3.106,3.052,2.998,2.947,2.897,2.849,2.802,2.756,2.712,2.669,2.627,2.586,2.546,2.507,2.47,2.433,2.397,2.362,2.328,2.294,22.75,22.37,21.94,21.45,20.9,20.29,19.63,18.93,18.21,17.46,16.7,15.95,15.2,14.47,13.77,13.09,12.45,11.84,11.26,10.71,10.2,9.728,9.283,8.869,8.482,8.123,7.788,7.477,7.187,6.916,6.664,6.429,6.209,6.003,5.81,5.629,5.458,5.298,5.147,5.004,4.87,4.742,4.621,4.506,4.396,4.292,4.193,4.098,4.008,3.921,3.838,3.758,3.681,3.608,3.537,3.469,3.403,3.339,3.278,3.219,3.162,3.106,3.052,3,2.95,2.901,2.854,2.807,2.762,2.719,2.676,2.635,2.595,2.556,2.518,2.48,2.444,2.409,2.374,2.341,2.308
"OP(""/NM1"" ""rout"")",1006,799.3,638.2,512,412.9,334.8,273.1,224.2,185.4,154.4,129.6,109.7,93.71,80.74,70.19,61.57,54.5,48.67,43.83,39.79,36.41,33.55,31.13,29.07,27.29,25.77,24.44,23.28,22.26,21.36,20.57,19.85,19.22,18.64,18.12,17.65,17.22,16.82,16.45,16.12,15.8,15.51,15.24,14.99,14.75,14.53,14.32,14.12,13.93,13.75,13.58,13.42,13.26,13.12,12.98,12.84,12.71,12.59,12.47,12.36,12.25,12.14,12.04,11.94,11.85,11.75,11.66,11.58,11.49,11.41,11.34,11.26,11.18,11.11,11.04,10.97,10.91,10.84,10.78,10.72,10.65,5972,4765,3819,3074,2486,2022,1654,1362,1129,943.5,794.9,675.5,579.2,501.1,437.6,385.5,342.7,307.2,277.7,252.9,232,214.2,199,185.9,174.5,164.6,155.8,148.1,141.2,135,129.5,124.4,119.9,115.6,111.8,108.2,104.9,101.8,98.89,96.18,93.63,91.23,88.96,86.81,84.77,82.83,80.98,79.22,77.53,75.92,74.38,72.91,71.49,70.13,68.82,67.56,66.35,65.18,64.05,62.96,61.91,60.89,59.91,58.95,58.03,57.14,56.27,55.43,54.61,53.82,53.05,52.3,51.57,50.86,50.16,49.49,48.83,48.19,47.57,46.96,46.36,8689,6976,5627,4562,3720,3052,2522,2100,1763,1492,1275,1099,956,839.3,743.3,664,598,542.7,496.1,456.5,422.6,393.4,368.1,346,326.5,309.3,293.9,280.2,267.8,256.5,246.2,236.8,228.2,220.1,212.7,205.8,199.3,193.2,187.5,182.1,177,172.2,167.6,163.2,159.1,155.1,151.3,147.7,144.3,140.9,137.8,134.7,131.8,129,126.3,123.6,121.1,118.7,116.3,114.1,111.9,109.8,107.7,105.7,103.8,101.9,100.1,98.38,96.67,95.02,93.41,91.85,90.33,88.85,87.41,86.01,84.65,83.32,82.02,80.76,79.52,10130,8192,6663,5453,4492,3728,3118,2629,2237,1920,1663,1453,1281,1139,1021,923,840.1,769.8,709.8,658.3,613.7,574.8,540.7,510.6,483.8,459.8,438.3,418.7,401,384.7,369.8,356,343.2,331.4,320.3,309.9,300.2,291,282.3,274.1,266.4,259,252,245.3,239,232.9,227.1,221.5,216.2,211.1,206.2,201.4,196.9,192.5,188.3,184.3,180.4,176.6,172.9,169.4,166,162.7,159.5,156.4,153.4,150.5,147.7,144.9,142.3,139.7,137.2,134.7,132.3,130,127.8,125.6,123.4,121.4,119.3,117.3,115.4,11720,9542,7818,6449,5360,4489,3791,3230,2776,2407,2106,1858,1654,1483,1341,1221,1119,1031,956.4,891.3,834.4,784.5,740.3,701,665.8,634.1,605.4,579.2,555.3,533.3,513,494.2,476.7,460.3,445.1,430.7,417.2,404.5,392.4,381,370.2,359.9,350.1,340.7,331.8,323.3,315.2,307.3,299.8,292.7,285.7,279.1,272.7,266.5,260.6,254.9,249.4,244,238.9,233.9,229.1,224.4,219.9,215.5,211.2,207.1,203.1,199.2,195.4,191.8,188.2,184.7,181.3,178,174.8,171.7,168.7,165.7,162.8,160,157.2,13630,11160,9196,7636,6389,5390,4586,3937,3409,2978,2624,2331,2087,1884,1712,1566,1442,1334,1241,1160,1089,1026,970.6,920.6,875.5,834.8,797.8,763.9,732.8,704.2,677.6,653,630,608.5,588.4,569.5,551.6,534.8,518.8,503.7,489.4,475.7,462.7,450.3,438.5,427.1,416.3,405.9,395.9,386.3,377.1,368.3,359.8,351.6,343.6,336,328.6,321.5,314.6,308,301.5,295.3,289.2,283.4,277.7,272.2,266.8,261.6,256.5,251.6,246.8,242.2,237.6,233.2,228.9,224.7,220.7,216.7,212.8,209,205.3,15850,13040,10800,9010,7580,6430,5502,4749,4135,3631,3216,2871,2582,2340,2134,1959,1808,1678,1565,1465,1378,1300,1231,1169,1112,1061,1015,972.1,932.9,896.6,863,831.8,802.6,775.3,749.6,725.5,702.8,681.3,661,641.7,623.3,605.9,589.3,573.4,558.3,543.8,529.9,516.6,503.9,491.6,479.8,468.5,457.6,447.1,436.9,427.2,417.7,408.6,399.8,391.2,383,375,367.2,359.7,352.4,345.3,338.4,331.7,325.2,318.9,312.8,306.8,301,295.3,289.8,284.4,279.1,274,269,264.1,259.3
ngmro,49.36,49.1,48.86,48.63,48.42,48.22,48.05,47.9,47.76,47.62,47.49,47.35,47.2,47.02,46.82,46.58,46.3,45.98,45.62,45.21,44.76,44.27,43.75,43.2,42.62,42.03,41.42,40.8,40.18,39.56,38.94,38.33,37.74,37.16,36.6,36.05,35.52,35.01,34.52,34.05,33.59,33.16,32.74,32.34,31.95,31.58,31.23,30.89,30.56,30.25,29.94,29.65,29.37,29.09,28.83,28.57,28.33,28.09,27.85,27.63,27.4,27.19,26.98,26.77,26.57,26.38,26.19,26,25.82,25.64,25.46,25.29,25.12,24.95,24.79,24.63,24.47,24.31,24.16,24,23.85,107.4,107.8,108.3,109,109.8,110.7,111.7,112.7,113.8,114.8,115.8,116.8,117.6,118.3,118.9,119.3,119.6,119.7,119.7,119.6,119.4,119,118.5,117.9,117.3,116.6,115.8,115,114.2,113.3,112.4,111.5,110.5,109.6,108.7,107.7,106.8,105.9,104.9,104,103.1,102.2,101.3,100.5,99.6,98.74,97.89,97.06,96.23,95.41,94.59,93.79,92.99,92.2,91.42,90.65,89.88,89.11,88.36,87.61,86.86,86.12,85.39,84.66,83.93,83.21,82.49,81.78,81.08,80.37,79.68,78.98,78.29,77.61,76.93,76.25,75.58,74.91,74.25,73.59,72.93,139.3,140.3,141.3,142.5,143.9,145.3,146.7,148.1,149.4,150.7,151.8,152.7,153.5,154.1,154.6,154.8,154.9,154.8,154.6,154.2,153.7,153.1,152.4,151.7,150.8,149.9,148.9,147.9,146.9,145.9,144.8,143.7,142.6,141.5,140.4,139.3,138.2,137.2,136.1,135,134,132.9,131.9,130.8,129.8,128.8,127.8,126.8,125.7,124.7,123.8,122.8,121.8,120.8,119.8,118.9,117.9,116.9,116,115,114,113.1,112.1,111.2,110.3,109.3,108.4,107.4,106.5,105.6,104.6,103.7,102.8,101.9,101,100,99.14,98.23,97.33,96.43,95.53,161.3,162.7,164.3,166.1,167.9,169.7,171.5,173.2,174.7,176.1,177.3,178.3,179,179.5,179.8,179.9,179.9,179.6,179.1,178.6,177.9,177,176.1,175.2,174.1,173,171.9,170.7,169.5,168.3,167.1,165.9,164.7,163.5,162.3,161.1,159.9,158.7,157.5,156.4,155.2,154.1,152.9,151.8,150.7,149.6,148.5,147.3,146.3,145.2,144.1,143,141.9,140.8,139.7,138.7,137.6,136.5,135.5,134.4,133.3,132.2,131.2,130.1,129,128,126.9,125.9,124.8,123.7,122.7,121.6,120.5,119.5,118.4,117.4,116.3,115.3,114.2,113.2,112.1,183.5,185.5,187.7,189.9,192.2,194.4,196.5,198.4,200.2,201.7,202.9,203.8,204.5,205,205.1,205,204.8,204.3,203.6,202.8,201.9,200.8,199.7,198.5,197.2,195.9,194.6,193.3,191.9,190.5,189.1,187.8,186.4,185.1,183.7,182.4,181.1,179.8,178.5,177.2,176,174.7,173.5,172.2,171,169.8,168.6,167.4,166.2,165,163.8,162.6,161.4,160.3,159.1,157.9,156.7,155.5,154.4,153.2,152,150.8,149.6,148.4,147.3,146.1,144.9,143.7,142.5,141.3,140.1,138.9,137.8,136.6,135.4,134.2,133,131.8,130.6,129.4,128.2,206.4,209,211.7,214.4,217.1,219.7,222.1,224.2,226.1,227.7,229,229.9,230.5,230.8,230.8,230.5,230,229.3,228.4,227.4,226.2,224.9,223.5,222.1,220.6,219.1,217.5,216,214.4,212.8,211.3,209.8,208.2,206.7,205.2,203.8,202.3,200.9,199.5,198.1,196.7,195.3,194,192.6,191.3,190,188.6,187.3,186,184.7,183.4,182.1,180.8,179.6,178.3,177,175.7,174.4,173.1,171.8,170.5,169.2,167.9,166.6,165.3,164,162.7,161.4,160.1,158.8,157.5,156.1,154.8,153.5,152.2,150.9,149.5,148.2,146.9,145.5,144.2,229.6,232.7,235.9,239.1,242.2,245.1,247.8,250.2,252.2,253.9,255.1,256,256.5,256.7,256.5,256,255.3,254.4,253.2,251.9,250.4,248.9,247.2,245.6,243.8,242,240.3,238.5,236.7,234.9,233.2,231.5,229.8,228.1,226.5,224.8,223.2,221.7,220.1,218.6,217.1,215.6,214.1,212.6,211.2,209.8,208.3,206.9,205.5,204.1,202.7,201.3,199.9,198.5,197.1,195.7,194.3,192.9,191.5,190.1,188.7,187.3,185.9,184.5,183.1,181.7,180.2,178.8,177.4,175.9,174.5,173.1,171.6,170.2,168.7,167.3,165.8,164.3,162.9,161.4,159.9
nidw,0.4101,0.5202,0.6577,0.8287,1.04,1.301,1.62,2.008,2.478,3.043,3.717,4.513,5.447,6.532,7.781,9.204,10.81,12.6,14.59,16.77,19.13,21.68,24.41,27.3,30.35,33.54,36.87,40.32,43.88,47.53,51.28,55.1,59,62.96,66.97,71.03,75.14,79.28,83.46,87.68,91.91,96.18,100.5,104.8,109.1,113.4,117.8,122.2,126.5,130.9,135.3,139.8,144.2,148.6,153.1,157.5,162,166.4,170.9,175.3,179.8,184.3,188.8,193.3,197.7,202.2,206.7,211.2,215.7,220.2,224.7,229.2,233.7,238.2,242.7,247.1,251.6,256.1,260.6,265.1,269.6,0.1494,0.1898,0.2406,0.3042,0.3835,0.482,0.6039,0.7537,0.9368,1.159,1.426,1.744,2.119,2.558,3.065,3.646,4.304,5.043,5.864,6.768,7.755,8.825,9.977,11.21,12.51,13.9,15.35,16.87,18.45,20.1,21.81,23.57,25.39,27.26,29.18,31.15,33.16,35.22,37.32,39.47,41.65,43.87,46.13,48.43,50.76,53.13,55.53,57.96,60.43,62.93,65.45,68.01,70.6,73.22,75.86,78.53,81.23,83.95,86.69,89.47,92.26,95.08,97.92,100.8,103.7,106.6,109.5,112.4,115.4,118.4,121.4,124.4,127.4,130.4,133.5,136.6,139.7,142.8,145.9,149,152.2,0.1349,0.1709,0.2159,0.2721,0.3418,0.4278,0.5333,0.6616,0.8166,1.002,1.222,1.479,1.779,2.123,2.514,2.955,3.447,3.992,4.588,5.238,5.94,6.693,7.497,8.349,9.25,10.2,11.19,12.22,13.3,14.42,15.57,16.77,18,19.27,20.57,21.91,23.28,24.68,26.12,27.59,29.09,30.61,32.17,33.76,35.38,37.03,38.7,40.4,42.13,43.89,45.67,47.48,49.32,51.18,53.06,54.97,56.91,58.87,60.85,62.85,64.88,66.93,69,71.1,73.21,75.34,77.5,79.67,81.87,84.08,86.31,88.56,90.83,93.11,95.41,97.73,100.1,102.4,104.8,107.2,109.6,0.1358,0.1715,0.2159,0.2708,0.3385,0.4211,0.5215,0.6421,0.7858,0.9555,1.154,1.383,1.645,1.942,2.276,2.647,3.056,3.503,3.989,4.512,5.074,5.671,6.305,6.974,7.677,8.413,9.182,9.982,10.81,11.67,12.56,13.48,14.43,15.4,16.4,17.43,18.48,19.56,20.66,21.79,22.94,24.12,25.32,26.55,27.79,29.07,30.36,31.68,33.02,34.39,35.77,37.18,38.61,40.07,41.54,43.03,44.55,46.09,47.64,49.22,50.82,52.43,54.07,55.72,57.39,59.09,60.8,62.52,64.27,66.03,67.81,69.61,71.42,73.25,75.1,76.96,78.84,80.73,82.64,84.56,86.49,0.1352,0.1702,0.2135,0.2668,0.332,0.411,0.5059,0.619,0.7524,0.9081,1.088,1.294,1.527,1.789,2.08,2.401,2.752,3.133,3.544,3.985,4.454,4.952,5.478,6.031,6.61,7.216,7.846,8.501,9.181,9.884,10.61,11.36,12.13,12.92,13.74,14.57,15.43,16.31,17.21,18.13,19.07,20.03,21.01,22.01,23.03,24.07,25.13,26.21,27.31,28.43,29.57,30.72,31.9,33.09,34.3,35.53,36.78,38.05,39.33,40.63,41.95,43.29,44.64,46.01,47.39,48.8,50.22,51.65,53.1,54.57,56.05,57.55,59.06,60.58,62.13,63.68,65.25,66.83,68.43,70.04,71.67,0.1321,0.1659,0.2075,0.2585,0.3204,0.395,0.484,0.5893,0.7124,0.8551,1.019,1.205,1.414,1.646,1.904,2.186,2.493,2.824,3.18,3.56,3.964,4.39,4.84,5.311,5.805,6.319,6.854,7.41,7.985,8.58,9.194,9.827,10.48,11.15,11.84,12.54,13.27,14.01,14.77,15.55,16.34,17.16,17.99,18.83,19.7,20.58,21.48,22.39,23.32,24.27,25.23,26.22,27.21,28.23,29.26,30.3,31.36,32.44,33.53,34.64,35.76,36.9,38.06,39.22,40.41,41.61,42.82,44.05,45.29,46.54,47.81,49.09,50.39,51.7,53.02,54.36,55.71,57.07,58.44,59.83,61.23,0.1274,0.1596,0.1992,0.2475,0.3058,0.3758,0.4588,0.5564,0.6699,0.8007,0.9499,1.118,1.307,1.516,1.746,1.997,2.269,2.561,2.875,3.208,3.562,3.935,4.328,4.739,5.168,5.615,6.08,6.562,7.061,7.577,8.109,8.658,9.223,9.803,10.4,11.01,11.64,12.28,12.94,13.61,14.3,15.01,15.73,16.46,17.21,17.97,18.75,19.55,20.35,21.18,22.02,22.87,23.73,24.61,25.51,26.42,27.34,28.28,29.23,30.2,31.18,32.17,33.17,34.19,35.23,36.27,37.33,38.4,39.49,40.58,41.69,42.81,43.95,45.1,46.25,47.42,48.61,49.8,51.01,52.22,53.45
ncgg,1.04E-11,1.048E-11,1.057E-11,1.068E-11,1.083E-11,1.1E-11,1.119E-11,1.141E-11,1.165E-11,1.191E-11,1.216E-11,1.241E-11,1.265E-11,1.286E-11,1.305E-11,1.321E-11,1.335E-11,1.346E-11,1.355E-11,1.362E-11,1.368E-11,1.372E-11,1.376E-11,1.378E-11,1.38E-11,1.382E-11,1.383E-11,1.384E-11,1.384E-11,1.385E-11,1.385E-11,1.386E-11,1.386E-11,1.386E-11,1.386E-11,1.386E-11,1.386E-11,1.386E-11,1.386E-11,1.386E-11,1.386E-11,1.386E-11,1.386E-11,1.386E-11,1.386E-11,1.386E-11,1.386E-11,1.386E-11,1.386E-11,1.386E-11,1.386E-11,1.386E-11,1.386E-11,1.386E-11,1.386E-11,1.386E-11,1.386E-11,1.386E-11,1.386E-11,1.386E-11,1.386E-11,1.386E-11,1.386E-11,1.386E-11,1.386E-11,1.386E-11,1.386E-11,1.386E-11,1.386E-11,1.386E-11,1.386E-11,1.386E-11,1.386E-11,1.386E-11,1.385E-11,1.385E-11,1.385E-11,1.385E-11,1.385E-11,1.385E-11,1.385E-11,1.308E-11,1.335E-11,1.369E-11,1.408E-11,1.454E-11,1.504E-11,1.559E-11,1.615E-11,1.672E-11,1.726E-11,1.776E-11,1.821E-11,1.86E-11,1.893E-11,1.92E-11,1.942E-11,1.96E-11,1.974E-11,1.985E-11,1.993E-11,1.999E-11,2.004E-11,2.008E-11,2.011E-11,2.013E-11,2.015E-11,2.016E-11,2.017E-11,2.018E-11,2.018E-11,2.019E-11,2.019E-11,2.019E-11,2.019E-11,2.019E-11,2.019E-11,2.019E-11,2.019E-11,2.019E-11,2.019E-11,2.019E-11,2.019E-11,2.019E-11,2.019E-11,2.019E-11,2.019E-11,2.019E-11,2.019E-11,2.019E-11,2.019E-11,2.019E-11,2.018E-11,2.018E-11,2.018E-11,2.018E-11,2.018E-11,2.018E-11,2.018E-11,2.018E-11,2.018E-11,2.018E-11,2.018E-11,2.018E-11,2.018E-11,2.018E-11,2.018E-11,2.018E-11,2.018E-11,2.018E-11,2.018E-11,2.018E-11,2.017E-11,2.017E-11,2.017E-11,2.017E-11,2.017E-11,2.017E-11,2.017E-11,2.017E-11,2.017E-11,2.017E-11,1.645E-11,1.705E-11,1.775E-11,1.852E-11,1.936E-11,2.023E-11,2.11E-11,2.194E-11,2.271E-11,2.341E-11,2.401E-11,2.452E-11,2.494E-11,2.528E-11,2.555E-11,2.577E-11,2.594E-11,2.607E-11,2.617E-11,2.625E-11,2.63E-11,2.635E-11,2.638E-11,2.641E-11,2.643E-11,2.644E-11,2.645E-11,2.646E-11,2.646E-11,2.647E-11,2.647E-11,2.647E-11,2.647E-11,2.647E-11,2.647E-11,2.647E-11,2.647E-11,2.647E-11,2.647E-11,2.647E-11,2.647E-11,2.647E-11,2.647E-11,2.647E-11,2.647E-11,2.647E-11,2.646E-11,2.646E-11,2.646E-11,2.646E-11,2.646E-11,2.646E-11,2.646E-11,2.646E-11,2.646E-11,2.646E-11,2.646E-11,2.645E-11,2.645E-11,2.645E-11,2.645E-11,2.645E-11,2.645E-11,2.645E-11,2.645E-11,2.645E-11,2.645E-11,2.645E-11,2.645E-11,2.645E-11,2.645E-11,2.644E-11,2.644E-11,2.644E-11,2.644E-11,2.644E-11,2.644E-11,2.644E-11,2.644E-11,2.644E-11,2.644E-11,2.052E-11,2.151E-11,2.261E-11,2.376E-11,2.494E-11,2.609E-11,2.718E-11,2.817E-11,2.904E-11,2.979E-11,3.041E-11,3.092E-11,3.133E-11,3.165E-11,3.191E-11,3.21E-11,3.226E-11,3.237E-11,3.246E-11,3.253E-11,3.258E-11,3.262E-11,3.265E-11,3.267E-11,3.269E-11,3.27E-11,3.271E-11,3.271E-11,3.272E-11,3.272E-11,3.272E-11,3.272E-11,3.272E-11,3.272E-11,3.272E-11,3.272E-11,3.272E-11,3.272E-11,3.272E-11,3.272E-11,3.272E-11,3.272E-11,3.272E-11,3.271E-11,3.271E-11,3.271E-11,3.271E-11,3.271E-11,3.271E-11,3.271E-11,3.271E-11,3.27E-11,3.27E-11,3.27E-11,3.27E-11,3.27E-11,3.27E-11,3.27E-11,3.27E-11,3.27E-11,3.269E-11,3.269E-11,3.269E-11,3.269E-11,3.269E-11,3.269E-11,3.269E-11,3.269E-11,3.269E-11,3.269E-11,3.268E-11,3.268E-11,3.268E-11,3.268E-11,3.268E-11,3.268E-11,3.268E-11,3.268E-11,3.268E-11,3.268E-11,3.268E-11,2.502E-11,2.64E-11,2.786E-11,2.934E-11,3.078E-11,3.214E-11,3.336E-11,3.444E-11,3.536E-11,3.612E-11,3.675E-11,3.725E-11,3.765E-11,3.796E-11,3.82E-11,3.839E-11,3.853E-11,3.864E-11,3.872E-11,3.878E-11,3.883E-11,3.887E-11,3.889E-11,3.891E-11,3.893E-11,3.894E-11,3.894E-11,3.895E-11,3.895E-11,3.895E-11,3.895E-11,3.895E-11,3.895E-11,3.895E-11,3.895E-11,3.895E-11,3.895E-11,3.895E-11,3.895E-11,3.895E-11,3.894E-11,3.894E-11,3.894E-11,3.894E-11,3.894E-11,3.894E-11,3.893E-11,3.893E-11,3.893E-11,3.893E-11,3.893E-11,3.893E-11,3.893E-11,3.892E-11,3.892E-11,3.892E-11,3.892E-11,3.892E-11,3.892E-11,3.892E-11,3.891E-11,3.891E-11,3.891E-11,3.891E-11,3.891E-11,3.891E-11,3.891E-11,3.891E-11,3.89E-11,3.89E-11,3.89E-11,3.89E-11,3.89E-11,3.89E-11,3.89E-11,3.89E-11,3.89E-11,3.89E-11,3.889E-11,3.889E-11,3.889E-11,2.974E-11,3.149E-11,3.327E-11,3.502E-11,3.667E-11,3.818E-11,3.951E-11,4.065E-11,4.16E-11,4.239E-11,4.302E-11,4.352E-11,4.391E-11,4.421E-11,4.445E-11,4.463E-11,4.477E-11,4.487E-11,4.495E-11,4.501E-11,4.506E-11,4.509E-11,4.511E-11,4.513E-11,4.515E-11,4.515E-11,4.516E-11,4.516E-11,4.517E-11,4.517E-11,4.517E-11,4.517E-11,4.517E-11,4.517E-11,4.517E-11,4.516E-11,4.516E-11,4.516E-11,4.516E-11,4.516E-11,4.515E-11,4.515E-11,4.515E-11,4.515E-11,4.515E-11,4.514E-11,4.514E-11,4.514E-11,4.514E-11,4.514E-11,4.514E-11,4.513E-11,4.513E-11,4.513E-11,4.513E-11,4.513E-11,4.513E-11,4.512E-11,4.512E-11,4.512E-11,4.512E-11,4.512E-11,4.512E-11,4.511E-11,4.511E-11,4.511E-11,4.511E-11,4.511E-11,4.511E-11,4.511E-11,4.51E-11,4.51E-11,4.51E-11,4.51E-11,4.51E-11,4.51E-11,4.51E-11,4.51E-11,4.509E-11,4.509E-11,4.509E-11,3.457E-11,3.664E-11,3.871E-11,4.069E-11,4.253E-11,4.417E-11,4.559E-11,4.679E-11,4.778E-11,4.858E-11,4.923E-11,4.973E-11,5.012E-11,5.043E-11,5.066E-11,5.084E-11,5.098E-11,5.108E-11,5.116E-11,5.122E-11,5.126E-11,5.13E-11,5.132E-11,5.134E-11,5.135E-11,5.136E-11,5.136E-11,5.137E-11,5.137E-11,5.137E-11,5.137E-11,5.137E-11,5.137E-11,5.137E-11,5.137E-11,5.136E-11,5.136E-11,5.136E-11,5.136E-11,5.135E-11,5.135E-11,5.135E-11,5.135E-11,5.135E-11,5.134E-11,5.134E-11,5.134E-11,5.134E-11,5.133E-11,5.133E-11,5.133E-11,5.133E-11,5.133E-11,5.132E-11,5.132E-11,5.132E-11,5.132E-11,5.132E-11,5.131E-11,5.131E-11,5.131E-11,5.131E-11,5.131E-11,5.13E-11,5.13E-11,5.13E-11,5.13E-11,5.13E-11,5.13E-11,5.129E-11,5.129E-11,5.129E-11,5.129E-11,5.129E-11,5.129E-11,5.129E-11,5.128E-11,5.128E-11,5.128E-11,5.128E-11,5.128E-11
ncgd,-4.278E-12,-4.278E-12,-4.277E-12,-4.276E-12,-4.275E-12,-4.274E-12,-4.273E-12,-4.272E-12,-4.27E-12,-4.268E-12,-4.267E-12,-4.265E-12,-4.263E-12,-4.262E-12,-4.261E-12,-4.26E-12,-4.259E-12,-4.258E-12,-4.257E-12,-4.257E-12,-4.256E-12,-4.256E-12,-4.256E-12,-4.256E-12,-4.256E-12,-4.256E-12,-4.255E-12,-4.255E-12,-4.255E-12,-4.255E-12,-4.255E-12,-4.255E-12,-4.255E-12,-4.255E-12,-4.255E-12,-4.255E-12,-4.255E-12,-4.255E-12,-4.255E-12,-4.255E-12,-4.255E-12,-4.255E-12,-4.255E-12,-4.255E-12,-4.255E-12,-4.255E-12,-4.255E-12,-4.255E-12,-4.255E-12,-4.255E-12,-4.255E-12,-4.255E-12,-4.255E-12,-4.255E-12,-4.255E-12,-4.255E-12,-4.255E-12,-4.255E-12,-4.255E-12,-4.255E-12,-4.255E-12,-4.255E-12,-4.255E-12,-4.255E-12,-4.255E-12,-4.255E-12,-4.255E-12,-4.255E-12,-4.255E-12,-4.255E-12,-4.255E-12,-4.255E-12,-4.255E-12,-4.255E-12,-4.255E-12,-4.255E-12,-4.255E-12,-4.255E-12,-4.255E-12,-4.255E-12,-4.255E-12,-4.267E-12,-4.265E-12,-4.264E-12,-4.261E-12,-4.259E-12,-4.256E-12,-4.253E-12,-4.25E-12,-4.247E-12,-4.245E-12,-4.242E-12,-4.239E-12,-4.237E-12,-4.236E-12,-4.234E-12,-4.233E-12,-4.232E-12,-4.231E-12,-4.231E-12,-4.23E-12,-4.23E-12,-4.23E-12,-4.23E-12,-4.229E-12,-4.229E-12,-4.229E-12,-4.229E-12,-4.229E-12,-4.229E-12,-4.229E-12,-4.229E-12,-4.229E-12,-4.229E-12,-4.229E-12,-4.229E-12,-4.229E-12,-4.229E-12,-4.229E-12,-4.229E-12,-4.229E-12,-4.229E-12,-4.229E-12,-4.229E-12,-4.229E-12,-4.229E-12,-4.229E-12,-4.229E-12,-4.229E-12,-4.229E-12,-4.229E-12,-4.229E-12,-4.229E-12,-4.229E-12,-4.229E-12,-4.229E-12,-4.229E-12,-4.229E-12,-4.229E-12,-4.229E-12,-4.229E-12,-4.229E-12,-4.229E-12,-4.229E-12,-4.229E-12,-4.229E-12,-4.229E-12,-4.229E-12,-4.229E-12,-4.229E-12,-4.229E-12,-4.229E-12,-4.229E-12,-4.229E-12,-4.229E-12,-4.229E-12,-4.229E-12,-4.229E-12,-4.229E-12,-4.229E-12,-4.229E-12,-4.23E-12,-4.257E-12,-4.255E-12,-4.252E-12,-4.248E-12,-4.245E-12,-4.241E-12,-4.237E-12,-4.234E-12,-4.23E-12,-4.227E-12,-4.225E-12,-4.223E-12,-4.221E-12,-4.219E-12,-4.218E-12,-4.217E-12,-4.217E-12,-4.216E-12,-4.216E-12,-4.215E-12,-4.215E-12,-4.215E-12,-4.215E-12,-4.215E-12,-4.215E-12,-4.215E-12,-4.215E-12,-4.214E-12,-4.214E-12,-4.214E-12,-4.214E-12,-4.214E-12,-4.214E-12,-4.214E-12,-4.214E-12,-4.214E-12,-4.215E-12,-4.215E-12,-4.215E-12,-4.215E-12,-4.215E-12,-4.215E-12,-4.215E-12,-4.215E-12,-4.215E-12,-4.215E-12,-4.215E-12,-4.215E-12,-4.215E-12,-4.215E-12,-4.215E-12,-4.215E-12,-4.215E-12,-4.215E-12,-4.215E-12,-4.215E-12,-4.215E-12,-4.215E-12,-4.215E-12,-4.215E-12,-4.215E-12,-4.215E-12,-4.215E-12,-4.215E-12,-4.215E-12,-4.215E-12,-4.215E-12,-4.215E-12,-4.215E-12,-4.215E-12,-4.215E-12,-4.215E-12,-4.215E-12,-4.215E-12,-4.215E-12,-4.215E-12,-4.215E-12,-4.215E-12,-4.215E-12,-4.215E-12,-4.215E-12,-4.25E-12,-4.246E-12,-4.243E-12,-4.239E-12,-4.234E-12,-4.23E-12,-4.227E-12,-4.223E-12,-4.22E-12,-4.218E-12,-4.216E-12,-4.214E-12,-4.212E-12,-4.211E-12,-4.21E-12,-4.21E-12,-4.209E-12,-4.209E-12,-4.209E-12,-4.208E-12,-4.208E-12,-4.208E-12,-4.208E-12,-4.208E-12,-4.208E-12,-4.208E-12,-4.208E-12,-4.208E-12,-4.208E-12,-4.208E-12,-4.208E-12,-4.208E-12,-4.208E-12,-4.208E-12,-4.208E-12,-4.208E-12,-4.208E-12,-4.208E-12,-4.208E-12,-4.208E-12,-4.208E-12,-4.208E-12,-4.208E-12,-4.208E-12,-4.208E-12,-4.208E-12,-4.208E-12,-4.208E-12,-4.208E-12,-4.208E-12,-4.208E-12,-4.208E-12,-4.208E-12,-4.208E-12,-4.208E-12,-4.208E-12,-4.208E-12,-4.208E-12,-4.208E-12,-4.208E-12,-4.209E-12,-4.209E-12,-4.209E-12,-4.209E-12,-4.209E-12,-4.209E-12,-4.209E-12,-4.209E-12,-4.209E-12,-4.209E-12,-4.209E-12,-4.209E-12,-4.209E-12,-4.209E-12,-4.209E-12,-4.209E-12,-4.209E-12,-4.209E-12,-4.209E-12,-4.209E-12,-4.209E-12,-4.245E-12,-4.241E-12,-4.237E-12,-4.233E-12,-4.229E-12,-4.225E-12,-4.222E-12,-4.219E-12,-4.216E-12,-4.214E-12,-4.212E-12,-4.211E-12,-4.21E-12,-4.209E-12,-4.208E-12,-4.208E-12,-4.207E-12,-4.207E-12,-4.207E-12,-4.206E-12,-4.206E-12,-4.206E-12,-4.206E-12,-4.206E-12,-4.206E-12,-4.206E-12,-4.206E-12,-4.206E-12,-4.206E-12,-4.206E-12,-4.206E-12,-4.206E-12,-4.206E-12,-4.206E-12,-4.206E-12,-4.206E-12,-4.206E-12,-4.206E-12,-4.206E-12,-4.206E-12,-4.206E-12,-4.206E-12,-4.207E-12,-4.207E-12,-4.207E-12,-4.207E-12,-4.207E-12,-4.207E-12,-4.207E-12,-4.207E-12,-4.207E-12,-4.207E-12,-4.207E-12,-4.207E-12,-4.207E-12,-4.207E-12,-4.207E-12,-4.207E-12,-4.207E-12,-4.207E-12,-4.207E-12,-4.207E-12,-4.207E-12,-4.207E-12,-4.207E-12,-4.207E-12,-4.207E-12,-4.208E-12,-4.208E-12,-4.208E-12,-4.208E-12,-4.208E-12,-4.208E-12,-4.208E-12,-4.208E-12,-4.208E-12,-4.208E-12,-4.208E-12,-4.208E-12,-4.208E-12,-4.208E-12,-4.243E-12,-4.239E-12,-4.235E-12,-4.231E-12,-4.227E-12,-4.223E-12,-4.22E-12,-4.218E-12,-4.216E-12,-4.214E-12,-4.212E-12,-4.211E-12,-4.21E-12,-4.21E-12,-4.209E-12,-4.209E-12,-4.208E-12,-4.208E-12,-4.208E-12,-4.208E-12,-4.208E-12,-4.208E-12,-4.208E-12,-4.208E-12,-4.208E-12,-4.208E-12,-4.208E-12,-4.208E-12,-4.208E-12,-4.208E-12,-4.208E-12,-4.208E-12,-4.208E-12,-4.208E-12,-4.208E-12,-4.208E-12,-4.208E-12,-4.208E-12,-4.208E-12,-4.208E-12,-4.208E-12,-4.208E-12,-4.208E-12,-4.208E-12,-4.208E-12,-4.208E-12,-4.208E-12,-4.208E-12,-4.209E-12,-4.209E-12,-4.209E-12,-4.209E-12,-4.209E-12,-4.209E-12,-4.209E-12,-4.209E-12,-4.209E-12,-4.209E-12,-4.209E-12,-4.209E-12,-4.209E-12,-4.209E-12,-4.209E-12,-4.209E-12,-4.209E-12,-4.209E-12,-4.209E-12,-4.21E-12,-4.21E-12,-4.21E-12,-4.21E-12,-4.21E-12,-4.21E-12,-4.21E-12,-4.21E-12,-4.21E-12,-4.21E-12,-4.21E-12,-4.21E-12,-4.21E-12,-4.21E-12,-4.242E-12,-4.238E-12,-4.235E-12,-4.231E-12,-4.227E-12,-4.224E-12,-4.222E-12,-4.22E-12,-4.218E-12,-4.216E-12,-4.215E-12,-4.214E-12,-4.213E-12,-4.213E-12,-4.212E-12,-4.212E-12,-4.212E-12,-4.212E-12,-4.212E-12,-4.211E-12,-4.211E-12,-4.211E-12,-4.211E-12,-4.211E-12,-4.211E-12,-4.211E-12,-4.211E-12,-4.211E-12,-4.211E-12,-4.211E-12,-4.212E-12,-4.212E-12,-4.212E-12,-4.212E-12,-4.212E-12,-4.212E-12,-4.212E-12,-4.212E-12,-4.212E-12,-4.212E-12,-4.212E-12,-4.212E-12,-4.212E-12,-4.212E-12,-4.212E-12,-4.212E-12,-4.212E-12,-4.212E-12,-4.212E-12,-4.212E-12,-4.212E-12,-4.212E-12,-4.213E-12,-4.213E-12,-4.213E-12,-4.213E-12,-4.213E-12,-4.213E-12,-4.213E-12,-4.213E-12,-4.213E-12,-4.213E-12,-4.213E-12,-4.213E-12,-4.213E-12,-4.213E-12,-4.213E-12,-4.214E-12,-4.214E-12,-4.214E-12,-4.214E-12,-4.214E-12,-4.214E-12,-4.214E-12,-4.214E-12,-4.214E-12,-4.214E-12,-4.214E-12,-4.214E-12,-4.215E-12,-4.215E-12
ncdg,-4.439E-12,-4.482E-12,-4.535E-12,-4.601E-12,-4.68E-12,-4.773E-12,-4.881E-12,-5.003E-12,-5.134E-12,-5.272E-12,-5.412E-12,-5.547E-12,-5.675E-12,-5.791E-12,-5.893E-12,-5.981E-12,-6.054E-12,-6.114E-12,-6.162E-12,-6.201E-12,-6.231E-12,-6.255E-12,-6.274E-12,-6.288E-12,-6.299E-12,-6.308E-12,-6.314E-12,-6.319E-12,-6.323E-12,-6.326E-12,-6.328E-12,-6.33E-12,-6.331E-12,-6.332E-12,-6.333E-12,-6.334E-12,-6.334E-12,-6.334E-12,-6.335E-12,-6.335E-12,-6.335E-12,-6.335E-12,-6.335E-12,-6.335E-12,-6.335E-12,-6.335E-12,-6.335E-12,-6.335E-12,-6.335E-12,-6.335E-12,-6.335E-12,-6.335E-12,-6.335E-12,-6.335E-12,-6.335E-12,-6.335E-12,-6.335E-12,-6.335E-12,-6.335E-12,-6.335E-12,-6.335E-12,-6.335E-12,-6.335E-12,-6.335E-12,-6.335E-12,-6.335E-12,-6.335E-12,-6.335E-12,-6.335E-12,-6.335E-12,-6.335E-12,-6.335E-12,-6.335E-12,-6.335E-12,-6.335E-12,-6.335E-12,-6.335E-12,-6.335E-12,-6.335E-12,-6.335E-12,-6.336E-12,-4.883E-12,-5.04E-12,-5.231E-12,-5.454E-12,-5.71E-12,-5.994E-12,-6.299E-12,-6.614E-12,-6.927E-12,-7.228E-12,-7.506E-12,-7.754E-12,-7.97E-12,-8.152E-12,-8.303E-12,-8.425E-12,-8.523E-12,-8.6E-12,-8.661E-12,-8.708E-12,-8.744E-12,-8.772E-12,-8.794E-12,-8.81E-12,-8.823E-12,-8.832E-12,-8.839E-12,-8.845E-12,-8.849E-12,-8.852E-12,-8.855E-12,-8.857E-12,-8.858E-12,-8.859E-12,-8.86E-12,-8.861E-12,-8.861E-12,-8.861E-12,-8.862E-12,-8.862E-12,-8.862E-12,-8.862E-12,-8.862E-12,-8.862E-12,-8.862E-12,-8.862E-12,-8.862E-12,-8.862E-12,-8.862E-12,-8.863E-12,-8.863E-12,-8.863E-12,-8.863E-12,-8.863E-12,-8.863E-12,-8.863E-12,-8.863E-12,-8.863E-12,-8.863E-12,-8.863E-12,-8.863E-12,-8.863E-12,-8.863E-12,-8.863E-12,-8.863E-12,-8.863E-12,-8.863E-12,-8.863E-12,-8.863E-12,-8.863E-12,-8.863E-12,-8.863E-12,-8.863E-12,-8.863E-12,-8.863E-12,-8.863E-12,-8.863E-12,-8.863E-12,-8.863E-12,-8.863E-12,-8.863E-12,-5.73E-12,-6.075E-12,-6.471E-12,-6.911E-12,-7.384E-12,-7.874E-12,-8.363E-12,-8.832E-12,-9.266E-12,-9.655E-12,-9.993E-12,-1.028E-11,-1.051E-11,-1.071E-11,-1.086E-11,-1.098E-11,-1.108E-11,-1.115E-11,-1.121E-11,-1.125E-11,-1.128E-11,-1.131E-11,-1.133E-11,-1.134E-11,-1.135E-11,-1.136E-11,-1.137E-11,-1.137E-11,-1.138E-11,-1.138E-11,-1.138E-11,-1.138E-11,-1.139E-11,-1.139E-11,-1.139E-11,-1.139E-11,-1.139E-11,-1.139E-11,-1.139E-11,-1.139E-11,-1.139E-11,-1.139E-11,-1.139E-11,-1.139E-11,-1.139E-11,-1.139E-11,-1.139E-11,-1.139E-11,-1.139E-11,-1.139E-11,-1.139E-11,-1.139E-11,-1.139E-11,-1.139E-11,-1.139E-11,-1.139E-11,-1.139E-11,-1.139E-11,-1.139E-11,-1.139E-11,-1.139E-11,-1.139E-11,-1.139E-11,-1.139E-11,-1.139E-11,-1.139E-11,-1.139E-11,-1.139E-11,-1.139E-11,-1.139E-11,-1.139E-11,-1.139E-11,-1.139E-11,-1.139E-11,-1.139E-11,-1.139E-11,-1.139E-11,-1.139E-11,-1.139E-11,-1.139E-11,-1.139E-11,-6.984E-12,-7.554E-12,-8.177E-12,-8.834E-12,-9.501E-12,-1.015E-11,-1.077E-11,-1.133E-11,-1.182E-11,-1.224E-11,-1.259E-11,-1.288E-11,-1.311E-11,-1.329E-11,-1.343E-11,-1.355E-11,-1.363E-11,-1.37E-11,-1.375E-11,-1.379E-11,-1.382E-11,-1.384E-11,-1.386E-11,-1.387E-11,-1.389E-11,-1.389E-11,-1.39E-11,-1.39E-11,-1.391E-11,-1.391E-11,-1.391E-11,-1.391E-11,-1.391E-11,-1.391E-11,-1.391E-11,-1.392E-11,-1.392E-11,-1.392E-11,-1.392E-11,-1.392E-11,-1.392E-11,-1.392E-11,-1.392E-11,-1.392E-11,-1.392E-11,-1.392E-11,-1.392E-11,-1.392E-11,-1.392E-11,-1.392E-11,-1.392E-11,-1.392E-11,-1.392E-11,-1.392E-11,-1.392E-11,-1.392E-11,-1.392E-11,-1.392E-11,-1.392E-11,-1.392E-11,-1.392E-11,-1.392E-11,-1.392E-11,-1.392E-11,-1.392E-11,-1.392E-11,-1.392E-11,-1.392E-11,-1.392E-11,-1.392E-11,-1.392E-11,-1.392E-11,-1.392E-11,-1.392E-11,-1.392E-11,-1.392E-11,-1.392E-11,-1.392E-11,-1.392E-11,-1.392E-11,-1.392E-11,-8.494E-12,-9.287E-12,-1.012E-11,-1.096E-11,-1.178E-11,-1.255E-11,-1.325E-11,-1.386E-11,-1.438E-11,-1.481E-11,-1.517E-11,-1.545E-11,-1.568E-11,-1.585E-11,-1.599E-11,-1.61E-11,-1.618E-11,-1.624E-11,-1.629E-11,-1.633E-11,-1.636E-11,-1.638E-11,-1.639E-11,-1.641E-11,-1.641E-11,-1.642E-11,-1.643E-11,-1.643E-11,-1.643E-11,-1.644E-11,-1.644E-11,-1.644E-11,-1.644E-11,-1.644E-11,-1.644E-11,-1.644E-11,-1.644E-11,-1.644E-11,-1.644E-11,-1.644E-11,-1.644E-11,-1.644E-11,-1.644E-11,-1.644E-11,-1.644E-11,-1.644E-11,-1.644E-11,-1.644E-11,-1.644E-11,-1.644E-11,-1.644E-11,-1.644E-11,-1.644E-11,-1.644E-11,-1.644E-11,-1.644E-11,-1.644E-11,-1.644E-11,-1.644E-11,-1.644E-11,-1.644E-11,-1.644E-11,-1.644E-11,-1.644E-11,-1.644E-11,-1.644E-11,-1.644E-11,-1.644E-11,-1.644E-11,-1.644E-11,-1.644E-11,-1.644E-11,-1.645E-11,-1.645E-11,-1.645E-11,-1.645E-11,-1.645E-11,-1.645E-11,-1.645E-11,-1.645E-11,-1.645E-11,-1.014E-11,-1.114E-11,-1.216E-11,-1.315E-11,-1.41E-11,-1.496E-11,-1.571E-11,-1.636E-11,-1.691E-11,-1.735E-11,-1.771E-11,-1.8E-11,-1.822E-11,-1.84E-11,-1.853E-11,-1.863E-11,-1.871E-11,-1.878E-11,-1.882E-11,-1.886E-11,-1.889E-11,-1.891E-11,-1.892E-11,-1.893E-11,-1.894E-11,-1.895E-11,-1.895E-11,-1.896E-11,-1.896E-11,-1.896E-11,-1.897E-11,-1.897E-11,-1.897E-11,-1.897E-11,-1.897E-11,-1.897E-11,-1.897E-11,-1.897E-11,-1.897E-11,-1.897E-11,-1.897E-11,-1.897E-11,-1.897E-11,-1.897E-11,-1.897E-11,-1.897E-11,-1.897E-11,-1.897E-11,-1.897E-11,-1.897E-11,-1.897E-11,-1.897E-11,-1.897E-11,-1.897E-11,-1.897E-11,-1.897E-11,-1.897E-11,-1.897E-11,-1.897E-11,-1.897E-11,-1.897E-11,-1.897E-11,-1.897E-11,-1.897E-11,-1.897E-11,-1.897E-11,-1.897E-11,-1.897E-11,-1.897E-11,-1.897E-11,-1.897E-11,-1.897E-11,-1.897E-11,-1.897E-11,-1.897E-11,-1.897E-11,-1.897E-11,-1.897E-11,-1.897E-11,-1.897E-11,-1.897E-11,-1.185E-11,-1.304E-11,-1.422E-11,-1.536E-11,-1.641E-11,-1.734E-11,-1.816E-11,-1.884E-11,-1.941E-11,-1.987E-11,-2.023E-11,-2.052E-11,-2.075E-11,-2.092E-11,-2.106E-11,-2.116E-11,-2.124E-11,-2.13E-11,-2.135E-11,-2.139E-11,-2.141E-11,-2.143E-11,-2.145E-11,-2.146E-11,-2.147E-11,-2.148E-11,-2.148E-11,-2.149E-11,-2.149E-11,-2.149E-11,-2.149E-11,-2.149E-11,-2.149E-11,-2.15E-11,-2.15E-11,-2.15E-11,-2.15E-11,-2.15E-11,-2.15E-11,-2.15E-11,-2.15E-11,-2.15E-11,-2.15E-11,-2.15E-11,-2.15E-11,-2.15E-11,-2.15E-11,-2.15E-11,-2.15E-11,-2.15E-11,-2.15E-11,-2.15E-11,-2.15E-11,-2.15E-11,-2.15E-11,-2.15E-11,-2.15E-11,-2.15E-11,-2.15E-11,-2.15E-11,-2.15E-11,-2.15E-11,-2.15E-11,-2.15E-11,-2.15E-11,-2.15E-11,-2.15E-11,-2.15E-11,-2.15E-11,-2.15E-11,-2.15E-11,-2.15E-11,-2.15E-11,-2.15E-11,-2.15E-11,-2.15E-11,-2.15E-11,-2.15E-11,-2.15E-11,-2.15E-11,-2.15E-11
ncdd,4.289E-12,4.289E-12,4.288E-12,4.288E-12,4.287E-12,4.287E-12,4.286E-12,4.285E-12,4.284E-12,4.283E-12,4.283E-12,4.282E-12,4.281E-12,4.28E-12,4.279E-12,4.279E-12,4.278E-12,4.278E-12,4.278E-12,4.277E-12,4.277E-12,4.277E-12,4.277E-12,4.277E-12,4.277E-12,4.277E-12,4.277E-12,4.277E-12,4.277E-12,4.276E-12,4.276E-12,4.276E-12,4.276E-12,4.276E-12,4.276E-12,4.276E-12,4.276E-12,4.276E-12,4.276E-12,4.276E-12,4.276E-12,4.276E-12,4.276E-12,4.276E-12,4.276E-12,4.276E-12,4.277E-12,4.277E-12,4.277E-12,4.277E-12,4.277E-12,4.277E-12,4.277E-12,4.277E-12,4.277E-12,4.277E-12,4.277E-12,4.277E-12,4.277E-12,4.277E-12,4.277E-12,4.277E-12,4.277E-12,4.277E-12,4.277E-12,4.277E-12,4.277E-12,4.277E-12,4.277E-12,4.277E-12,4.277E-12,4.277E-12,4.277E-12,4.277E-12,4.277E-12,4.277E-12,4.277E-12,4.277E-12,4.277E-12,4.277E-12,4.277E-12,4.287E-12,4.286E-12,4.285E-12,4.284E-12,4.282E-12,4.281E-12,4.279E-12,4.278E-12,4.276E-12,4.274E-12,4.273E-12,4.272E-12,4.27E-12,4.269E-12,4.269E-12,4.268E-12,4.267E-12,4.267E-12,4.267E-12,4.267E-12,4.266E-12,4.266E-12,4.266E-12,4.266E-12,4.266E-12,4.266E-12,4.266E-12,4.266E-12,4.266E-12,4.266E-12,4.266E-12,4.266E-12,4.266E-12,4.266E-12,4.266E-12,4.266E-12,4.266E-12,4.266E-12,4.266E-12,4.266E-12,4.266E-12,4.266E-12,4.266E-12,4.266E-12,4.266E-12,4.266E-12,4.266E-12,4.266E-12,4.266E-12,4.266E-12,4.266E-12,4.266E-12,4.266E-12,4.266E-12,4.266E-12,4.266E-12,4.266E-12,4.266E-12,4.266E-12,4.266E-12,4.266E-12,4.266E-12,4.266E-12,4.266E-12,4.266E-12,4.266E-12,4.266E-12,4.266E-12,4.266E-12,4.266E-12,4.266E-12,4.266E-12,4.266E-12,4.266E-12,4.266E-12,4.266E-12,4.266E-12,4.266E-12,4.266E-12,4.266E-12,4.266E-12,4.284E-12,4.282E-12,4.281E-12,4.279E-12,4.277E-12,4.275E-12,4.273E-12,4.271E-12,4.269E-12,4.267E-12,4.266E-12,4.264E-12,4.263E-12,4.263E-12,4.262E-12,4.261E-12,4.261E-12,4.261E-12,4.261E-12,4.26E-12,4.26E-12,4.26E-12,4.26E-12,4.26E-12,4.26E-12,4.26E-12,4.26E-12,4.26E-12,4.26E-12,4.26E-12,4.26E-12,4.26E-12,4.26E-12,4.26E-12,4.26E-12,4.26E-12,4.26E-12,4.26E-12,4.26E-12,4.26E-12,4.26E-12,4.26E-12,4.26E-12,4.26E-12,4.26E-12,4.26E-12,4.26E-12,4.26E-12,4.26E-12,4.26E-12,4.26E-12,4.26E-12,4.26E-12,4.26E-12,4.26E-12,4.26E-12,4.26E-12,4.26E-12,4.26E-12,4.26E-12,4.26E-12,4.26E-12,4.26E-12,4.26E-12,4.26E-12,4.261E-12,4.261E-12,4.261E-12,4.261E-12,4.261E-12,4.261E-12,4.261E-12,4.261E-12,4.261E-12,4.261E-12,4.261E-12,4.261E-12,4.261E-12,4.261E-12,4.261E-12,4.261E-12,4.281E-12,4.279E-12,4.277E-12,4.274E-12,4.272E-12,4.27E-12,4.268E-12,4.266E-12,4.264E-12,4.263E-12,4.261E-12,4.26E-12,4.26E-12,4.259E-12,4.258E-12,4.258E-12,4.258E-12,4.258E-12,4.257E-12,4.257E-12,4.257E-12,4.257E-12,4.257E-12,4.257E-12,4.257E-12,4.257E-12,4.257E-12,4.257E-12,4.257E-12,4.257E-12,4.257E-12,4.257E-12,4.257E-12,4.257E-12,4.257E-12,4.257E-12,4.257E-12,4.257E-12,4.257E-12,4.257E-12,4.257E-12,4.257E-12,4.257E-12,4.257E-12,4.257E-12,4.257E-12,4.257E-12,4.257E-12,4.258E-12,4.258E-12,4.258E-12,4.258E-12,4.258E-12,4.258E-12,4.258E-12,4.258E-12,4.258E-12,4.258E-12,4.258E-12,4.258E-12,4.258E-12,4.258E-12,4.258E-12,4.258E-12,4.258E-12,4.258E-12,4.258E-12,4.258E-12,4.258E-12,4.258E-12,4.258E-12,4.258E-12,4.258E-12,4.258E-12,4.258E-12,4.258E-12,4.258E-12,4.258E-12,4.259E-12,4.259E-12,4.259E-12,4.278E-12,4.276E-12,4.274E-12,4.271E-12,4.269E-12,4.267E-12,4.265E-12,4.263E-12,4.262E-12,4.261E-12,4.26E-12,4.259E-12,4.258E-12,4.258E-12,4.257E-12,4.257E-12,4.257E-12,4.257E-12,4.257E-12,4.257E-12,4.256E-12,4.256E-12,4.256E-12,4.256E-12,4.256E-12,4.256E-12,4.256E-12,4.256E-12,4.256E-12,4.256E-12,4.256E-12,4.256E-12,4.256E-12,4.257E-12,4.257E-12,4.257E-12,4.257E-12,4.257E-12,4.257E-12,4.257E-12,4.257E-12,4.257E-12,4.257E-12,4.257E-12,4.257E-12,4.257E-12,4.257E-12,4.257E-12,4.257E-12,4.257E-12,4.257E-12,4.257E-12,4.257E-12,4.257E-12,4.257E-12,4.257E-12,4.257E-12,4.257E-12,4.257E-12,4.257E-12,4.257E-12,4.257E-12,4.257E-12,4.258E-12,4.258E-12,4.258E-12,4.258E-12,4.258E-12,4.258E-12,4.258E-12,4.258E-12,4.258E-12,4.258E-12,4.258E-12,4.258E-12,4.258E-12,4.258E-12,4.258E-12,4.258E-12,4.258E-12,4.258E-12,4.277E-12,4.274E-12,4.272E-12,4.27E-12,4.268E-12,4.266E-12,4.264E-12,4.262E-12,4.261E-12,4.26E-12,4.259E-12,4.259E-12,4.258E-12,4.258E-12,4.258E-12,4.257E-12,4.257E-12,4.257E-12,4.257E-12,4.257E-12,4.257E-12,4.257E-12,4.257E-12,4.257E-12,4.257E-12,4.257E-12,4.257E-12,4.257E-12,4.257E-12,4.257E-12,4.257E-12,4.257E-12,4.257E-12,4.257E-12,4.257E-12,4.257E-12,4.257E-12,4.257E-12,4.257E-12,4.257E-12,4.257E-12,4.257E-12,4.258E-12,4.258E-12,4.258E-12,4.258E-12,4.258E-12,4.258E-12,4.258E-12,4.258E-12,4.258E-12,4.258E-12,4.258E-12,4.258E-12,4.258E-12,4.258E-12,4.258E-12,4.258E-12,4.258E-12,4.258E-12,4.258E-12,4.258E-12,4.258E-12,4.258E-12,4.259E-12,4.259E-12,4.259E-12,4.259E-12,4.259E-12,4.259E-12,4.259E-12,4.259E-12,4.259E-12,4.259E-12,4.259E-12,4.259E-12,4.259E-12,4.259E-12,4.259E-12,4.259E-12,4.26E-12,4.276E-12,4.274E-12,4.271E-12,4.269E-12,4.267E-12,4.266E-12,4.264E-12,4.263E-12,4.262E-12,4.261E-12,4.26E-12,4.26E-12,4.259E-12,4.259E-12,4.259E-12,4.259E-12,4.259E-12,4.259E-12,4.258E-12,4.258E-12,4.258E-12,4.258E-12,4.258E-12,4.258E-12,4.258E-12,4.258E-12,4.258E-12,4.258E-12,4.259E-12,4.259E-12,4.259E-12,4.259E-12,4.259E-12,4.259E-12,4.259E-12,4.259E-12,4.259E-12,4.259E-12,4.259E-12,4.259E-12,4.259E-12,4.259E-12,4.259E-12,4.259E-12,4.259E-12,4.259E-12,4.259E-12,4.259E-12,4.259E-12,4.259E-12,4.259E-12,4.26E-12,4.26E-12,4.26E-12,4.26E-12,4.26E-12,4.26E-12,4.26E-12,4.26E-12,4.26E-12,4.26E-12,4.26E-12,4.26E-12,4.26E-12,4.26E-12,4.26E-12,4.26E-12,4.26E-12,4.261E-12,4.261E-12,4.261E-12,4.261E-12,4.261E-12,4.261E-12,4.261E-12,4.261E-12,4.261E-12,4.261E-12,4.261E-12,4.261E-12,4.262E-12
ncgs,-4.582E-12,-4.684E-12,-4.81E-12,-4.965E-12,-5.153E-12,-5.375E-12,-5.632E-12,-5.919E-12,-6.232E-12,-6.559E-12,-6.889E-12,-7.211E-12,-7.514E-12,-7.788E-12,-8.03E-12,-8.237E-12,-8.411E-12,-8.553E-12,-8.668E-12,-8.76E-12,-8.833E-12,-8.891E-12,-8.935E-12,-8.97E-12,-8.998E-12,-9.019E-12,-9.035E-12,-9.049E-12,-9.059E-12,-9.067E-12,-9.074E-12,-9.079E-12,-9.084E-12,-9.087E-12,-9.091E-12,-9.093E-12,-9.096E-12,-9.098E-12,-9.1E-12,-9.102E-12,-9.104E-12,-9.106E-12,-9.108E-12,-9.109E-12,-9.111E-12,-9.113E-12,-9.114E-12,-9.116E-12,-9.117E-12,-9.119E-12,-9.12E-12,-9.122E-12,-9.123E-12,-9.125E-12,-9.126E-12,-9.128E-12,-9.129E-12,-9.131E-12,-9.133E-12,-9.134E-12,-9.136E-12,-9.137E-12,-9.139E-12,-9.14E-12,-9.142E-12,-9.143E-12,-9.145E-12,-9.146E-12,-9.148E-12,-9.149E-12,-9.151E-12,-9.152E-12,-9.154E-12,-9.155E-12,-9.157E-12,-9.158E-12,-9.16E-12,-9.162E-12,-9.163E-12,-9.165E-12,-9.166E-12,-5.638E-12,-6.012E-12,-6.461E-12,-6.99E-12,-7.596E-12,-8.267E-12,-8.988E-12,-9.732E-12,-1.047E-11,-1.118E-11,-1.184E-11,-1.243E-11,-1.294E-11,-1.337E-11,-1.373E-11,-1.402E-11,-1.425E-11,-1.443E-11,-1.458E-11,-1.469E-11,-1.478E-11,-1.485E-11,-1.49E-11,-1.495E-11,-1.498E-11,-1.501E-11,-1.503E-11,-1.505E-11,-1.506E-11,-1.507E-11,-1.508E-11,-1.509E-11,-1.51E-11,-1.51E-11,-1.511E-11,-1.512E-11,-1.512E-11,-1.513E-11,-1.513E-11,-1.514E-11,-1.514E-11,-1.515E-11,-1.515E-11,-1.516E-11,-1.516E-11,-1.517E-11,-1.517E-11,-1.518E-11,-1.518E-11,-1.518E-11,-1.519E-11,-1.519E-11,-1.52E-11,-1.52E-11,-1.521E-11,-1.521E-11,-1.522E-11,-1.522E-11,-1.522E-11,-1.523E-11,-1.523E-11,-1.524E-11,-1.524E-11,-1.525E-11,-1.525E-11,-1.526E-11,-1.526E-11,-1.527E-11,-1.527E-11,-1.527E-11,-1.528E-11,-1.528E-11,-1.529E-11,-1.529E-11,-1.53E-11,-1.53E-11,-1.531E-11,-1.531E-11,-1.531E-11,-1.532E-11,-1.532E-11,-7.673E-12,-8.488E-12,-9.423E-12,-1.046E-11,-1.158E-11,-1.274E-11,-1.389E-11,-1.5E-11,-1.602E-11,-1.694E-11,-1.774E-11,-1.841E-11,-1.897E-11,-1.943E-11,-1.979E-11,-2.008E-11,-2.031E-11,-2.049E-11,-2.063E-11,-2.074E-11,-2.082E-11,-2.089E-11,-2.094E-11,-2.098E-11,-2.102E-11,-2.104E-11,-2.107E-11,-2.109E-11,-2.11E-11,-2.112E-11,-2.113E-11,-2.114E-11,-2.115E-11,-2.116E-11,-2.117E-11,-2.118E-11,-2.119E-11,-2.119E-11,-2.12E-11,-2.121E-11,-2.122E-11,-2.123E-11,-2.123E-11,-2.124E-11,-2.125E-11,-2.126E-11,-2.127E-11,-2.127E-11,-2.128E-11,-2.129E-11,-2.13E-11,-2.13E-11,-2.131E-11,-2.132E-11,-2.133E-11,-2.133E-11,-2.134E-11,-2.135E-11,-2.136E-11,-2.137E-11,-2.137E-11,-2.138E-11,-2.139E-11,-2.14E-11,-2.14E-11,-2.141E-11,-2.142E-11,-2.143E-11,-2.143E-11,-2.144E-11,-2.145E-11,-2.146E-11,-2.147E-11,-2.147E-11,-2.148E-11,-2.149E-11,-2.15E-11,-2.15E-11,-2.151E-11,-2.152E-11,-2.153E-11,-1.064E-11,-1.198E-11,-1.345E-11,-1.499E-11,-1.656E-11,-1.81E-11,-1.954E-11,-2.085E-11,-2.201E-11,-2.3E-11,-2.383E-11,-2.451E-11,-2.506E-11,-2.549E-11,-2.584E-11,-2.611E-11,-2.632E-11,-2.649E-11,-2.662E-11,-2.672E-11,-2.68E-11,-2.686E-11,-2.691E-11,-2.695E-11,-2.699E-11,-2.702E-11,-2.704E-11,-2.706E-11,-2.708E-11,-2.71E-11,-2.711E-11,-2.712E-11,-2.714E-11,-2.715E-11,-2.716E-11,-2.717E-11,-2.719E-11,-2.72E-11,-2.721E-11,-2.722E-11,-2.723E-11,-2.724E-11,-2.725E-11,-2.726E-11,-2.728E-11,-2.729E-11,-2.73E-11,-2.731E-11,-2.732E-11,-2.733E-11,-2.734E-11,-2.735E-11,-2.736E-11,-2.737E-11,-2.738E-11,-2.74E-11,-2.741E-11,-2.742E-11,-2.743E-11,-2.744E-11,-2.745E-11,-2.746E-11,-2.747E-11,-2.748E-11,-2.749E-11,-2.75E-11,-2.752E-11,-2.753E-11,-2.754E-11,-2.755E-11,-2.756E-11,-2.757E-11,-2.758E-11,-2.759E-11,-2.76E-11,-2.761E-11,-2.762E-11,-2.764E-11,-2.765E-11,-2.766E-11,-2.767E-11,-1.417E-11,-1.603E-11,-1.798E-11,-1.996E-11,-2.188E-11,-2.368E-11,-2.531E-11,-2.674E-11,-2.797E-11,-2.899E-11,-2.982E-11,-3.049E-11,-3.103E-11,-3.145E-11,-3.178E-11,-3.204E-11,-3.225E-11,-3.241E-11,-3.253E-11,-3.263E-11,-3.271E-11,-3.277E-11,-3.282E-11,-3.286E-11,-3.29E-11,-3.293E-11,-3.295E-11,-3.298E-11,-3.3E-11,-3.302E-11,-3.304E-11,-3.305E-11,-3.307E-11,-3.309E-11,-3.31E-11,-3.312E-11,-3.313E-11,-3.315E-11,-3.316E-11,-3.317E-11,-3.319E-11,-3.32E-11,-3.322E-11,-3.323E-11,-3.325E-11,-3.326E-11,-3.327E-11,-3.329E-11,-3.33E-11,-3.332E-11,-3.333E-11,-3.335E-11,-3.336E-11,-3.337E-11,-3.339E-11,-3.34E-11,-3.342E-11,-3.343E-11,-3.344E-11,-3.346E-11,-3.347E-11,-3.349E-11,-3.35E-11,-3.352E-11,-3.353E-11,-3.354E-11,-3.356E-11,-3.357E-11,-3.359E-11,-3.36E-11,-3.361E-11,-3.363E-11,-3.364E-11,-3.366E-11,-3.367E-11,-3.369E-11,-3.37E-11,-3.371E-11,-3.373E-11,-3.374E-11,-3.376E-11,-1.799E-11,-2.032E-11,-2.27E-11,-2.503E-11,-2.723E-11,-2.924E-11,-3.101E-11,-3.253E-11,-3.381E-11,-3.485E-11,-3.57E-11,-3.637E-11,-3.69E-11,-3.732E-11,-3.765E-11,-3.791E-11,-3.811E-11,-3.826E-11,-3.839E-11,-3.849E-11,-3.857E-11,-3.863E-11,-3.868E-11,-3.873E-11,-3.876E-11,-3.88E-11,-3.883E-11,-3.885E-11,-3.888E-11,-3.89E-11,-3.892E-11,-3.894E-11,-3.896E-11,-3.898E-11,-3.9E-11,-3.902E-11,-3.903E-11,-3.905E-11,-3.907E-11,-3.909E-11,-3.911E-11,-3.912E-11,-3.914E-11,-3.916E-11,-3.918E-11,-3.919E-11,-3.921E-11,-3.923E-11,-3.925E-11,-3.926E-11,-3.928E-11,-3.93E-11,-3.932E-11,-3.933E-11,-3.935E-11,-3.937E-11,-3.939E-11,-3.94E-11,-3.942E-11,-3.944E-11,-3.946E-11,-3.947E-11,-3.949E-11,-3.951E-11,-3.953E-11,-3.954E-11,-3.956E-11,-3.958E-11,-3.96E-11,-3.961E-11,-3.963E-11,-3.965E-11,-3.967E-11,-3.968E-11,-3.97E-11,-3.972E-11,-3.974E-11,-3.975E-11,-3.977E-11,-3.979E-11,-3.981E-11,-2.193E-11,-2.47E-11,-2.746E-11,-3.01E-11,-3.254E-11,-3.473E-11,-3.662E-11,-3.822E-11,-3.954E-11,-4.062E-11,-4.148E-11,-4.217E-11,-4.271E-11,-4.313E-11,-4.346E-11,-4.372E-11,-4.392E-11,-4.408E-11,-4.421E-11,-4.431E-11,-4.439E-11,-4.446E-11,-4.451E-11,-4.456E-11,-4.46E-11,-4.464E-11,-4.467E-11,-4.47E-11,-4.473E-11,-4.475E-11,-4.478E-11,-4.48E-11,-4.482E-11,-4.484E-11,-4.487E-11,-4.489E-11,-4.491E-11,-4.493E-11,-4.495E-11,-4.497E-11,-4.499E-11,-4.502E-11,-4.504E-11,-4.506E-11,-4.508E-11,-4.51E-11,-4.512E-11,-4.514E-11,-4.516E-11,-4.518E-11,-4.52E-11,-4.522E-11,-4.524E-11,-4.527E-11,-4.529E-11,-4.531E-11,-4.533E-11,-4.535E-11,-4.537E-11,-4.539E-11,-4.541E-11,-4.543E-11,-4.545E-11,-4.547E-11,-4.549E-11,-4.552E-11,-4.554E-11,-4.556E-11,-4.558E-11,-4.56E-11,-4.562E-11,-4.564E-11,-4.566E-11,-4.568E-11,-4.57E-11,-4.572E-11,-4.574E-11,-4.577E-11,-4.579E-11,-4.581E-11,-4.583E-11
ncsg,-4.439E-12,-4.482E-12,-4.535E-12,-4.601E-12,-4.68E-12,-4.773E-12,-4.881E-12,-5.003E-12,-5.134E-12,-5.272E-12,-5.412E-12,-5.547E-12,-5.675E-12,-5.791E-12,-5.893E-12,-5.981E-12,-6.054E-12,-6.114E-12,-6.162E-12,-6.201E-12,-6.231E-12,-6.255E-12,-6.274E-12,-6.288E-12,-6.299E-12,-6.308E-12,-6.314E-12,-6.319E-12,-6.323E-12,-6.326E-12,-6.328E-12,-6.33E-12,-6.331E-12,-6.332E-12,-6.333E-12,-6.334E-12,-6.334E-12,-6.334E-12,-6.335E-12,-6.335E-12,-6.335E-12,-6.335E-12,-6.335E-12,-6.335E-12,-6.335E-12,-6.335E-12,-6.335E-12,-6.335E-12,-6.335E-12,-6.335E-12,-6.335E-12,-6.335E-12,-6.335E-12,-6.335E-12,-6.335E-12,-6.335E-12,-6.335E-12,-6.335E-12,-6.335E-12,-6.335E-12,-6.335E-12,-6.335E-12,-6.335E-12,-6.335E-12,-6.335E-12,-6.335E-12,-6.335E-12,-6.335E-12,-6.335E-12,-6.335E-12,-6.335E-12,-6.335E-12,-6.335E-12,-6.335E-12,-6.335E-12,-6.335E-12,-6.335E-12,-6.335E-12,-6.335E-12,-6.335E-12,-6.336E-12,-4.883E-12,-5.04E-12,-5.231E-12,-5.454E-12,-5.71E-12,-5.994E-12,-6.299E-12,-6.614E-12,-6.927E-12,-7.228E-12,-7.506E-12,-7.754E-12,-7.97E-12,-8.152E-12,-8.303E-12,-8.425E-12,-8.523E-12,-8.6E-12,-8.661E-12,-8.708E-12,-8.744E-12,-8.772E-12,-8.794E-12,-8.81E-12,-8.823E-12,-8.832E-12,-8.839E-12,-8.845E-12,-8.849E-12,-8.852E-12,-8.855E-12,-8.857E-12,-8.858E-12,-8.859E-12,-8.86E-12,-8.861E-12,-8.861E-12,-8.861E-12,-8.862E-12,-8.862E-12,-8.862E-12,-8.862E-12,-8.862E-12,-8.862E-12,-8.862E-12,-8.862E-12,-8.862E-12,-8.862E-12,-8.862E-12,-8.863E-12,-8.863E-12,-8.863E-12,-8.863E-12,-8.863E-12,-8.863E-12,-8.863E-12,-8.863E-12,-8.863E-12,-8.863E-12,-8.863E-12,-8.863E-12,-8.863E-12,-8.863E-12,-8.863E-12,-8.863E-12,-8.863E-12,-8.863E-12,-8.863E-12,-8.863E-12,-8.863E-12,-8.863E-12,-8.863E-12,-8.863E-12,-8.863E-12,-8.863E-12,-8.863E-12,-8.863E-12,-8.863E-12,-8.863E-12,-8.863E-12,-8.863E-12,-5.73E-12,-6.075E-12,-6.471E-12,-6.911E-12,-7.384E-12,-7.874E-12,-8.363E-12,-8.832E-12,-9.266E-12,-9.655E-12,-9.993E-12,-1.028E-11,-1.051E-11,-1.071E-11,-1.086E-11,-1.098E-11,-1.108E-11,-1.115E-11,-1.121E-11,-1.125E-11,-1.128E-11,-1.131E-11,-1.133E-11,-1.134E-11,-1.135E-11,-1.136E-11,-1.137E-11,-1.137E-11,-1.138E-11,-1.138E-11,-1.138E-11,-1.138E-11,-1.139E-11,-1.139E-11,-1.139E-11,-1.139E-11,-1.139E-11,-1.139E-11,-1.139E-11,-1.139E-11,-1.139E-11,-1.139E-11,-1.139E-11,-1.139E-11,-1.139E-11,-1.139E-11,-1.139E-11,-1.139E-11,-1.139E-11,-1.139E-11,-1.139E-11,-1.139E-11,-1.139E-11,-1.139E-11,-1.139E-11,-1.139E-11,-1.139E-11,-1.139E-11,-1.139E-11,-1.139E-11,-1.139E-11,-1.139E-11,-1.139E-11,-1.139E-11,-1.139E-11,-1.139E-11,-1.139E-11,-1.139E-11,-1.139E-11,-1.139E-11,-1.139E-11,-1.139E-11,-1.139E-11,-1.139E-11,-1.139E-11,-1.139E-11,-1.139E-11,-1.139E-11,-1.139E-11,-1.139E-11,-1.139E-11,-6.984E-12,-7.554E-12,-8.177E-12,-8.834E-12,-9.501E-12,-1.015E-11,-1.077E-11,-1.133E-11,-1.182E-11,-1.224E-11,-1.259E-11,-1.288E-11,-1.311E-11,-1.329E-11,-1.343E-11,-1.355E-11,-1.363E-11,-1.37E-11,-1.375E-11,-1.379E-11,-1.382E-11,-1.384E-11,-1.386E-11,-1.387E-11,-1.389E-11,-1.389E-11,-1.39E-11,-1.39E-11,-1.391E-11,-1.391E-11,-1.391E-11,-1.391E-11,-1.391E-11,-1.391E-11,-1.391E-11,-1.392E-11,-1.392E-11,-1.392E-11,-1.392E-11,-1.392E-11,-1.392E-11,-1.392E-11,-1.392E-11,-1.392E-11,-1.392E-11,-1.392E-11,-1.392E-11,-1.392E-11,-1.392E-11,-1.392E-11,-1.392E-11,-1.392E-11,-1.392E-11,-1.392E-11,-1.392E-11,-1.392E-11,-1.392E-11,-1.392E-11,-1.392E-11,-1.392E-11,-1.392E-11,-1.392E-11,-1.392E-11,-1.392E-11,-1.392E-11,-1.392E-11,-1.392E-11,-1.392E-11,-1.392E-11,-1.392E-11,-1.392E-11,-1.392E-11,-1.392E-11,-1.392E-11,-1.392E-11,-1.392E-11,-1.392E-11,-1.392E-11,-1.392E-11,-1.392E-11,-1.392E-11,-8.494E-12,-9.287E-12,-1.012E-11,-1.096E-11,-1.178E-11,-1.255E-11,-1.325E-11,-1.386E-11,-1.438E-11,-1.481E-11,-1.517E-11,-1.545E-11,-1.568E-11,-1.585E-11,-1.599E-11,-1.61E-11,-1.618E-11,-1.624E-11,-1.629E-11,-1.633E-11,-1.636E-11,-1.638E-11,-1.639E-11,-1.641E-11,-1.641E-11,-1.642E-11,-1.643E-11,-1.643E-11,-1.643E-11,-1.644E-11,-1.644E-11,-1.644E-11,-1.644E-11,-1.644E-11,-1.644E-11,-1.644E-11,-1.644E-11,-1.644E-11,-1.644E-11,-1.644E-11,-1.644E-11,-1.644E-11,-1.644E-11,-1.644E-11,-1.644E-11,-1.644E-11,-1.644E-11,-1.644E-11,-1.644E-11,-1.644E-11,-1.644E-11,-1.644E-11,-1.644E-11,-1.644E-11,-1.644E-11,-1.644E-11,-1.644E-11,-1.644E-11,-1.644E-11,-1.644E-11,-1.644E-11,-1.644E-11,-1.644E-11,-1.644E-11,-1.644E-11,-1.644E-11,-1.644E-11,-1.644E-11,-1.644E-11,-1.644E-11,-1.644E-11,-1.644E-11,-1.645E-11,-1.645E-11,-1.645E-11,-1.645E-11,-1.645E-11,-1.645E-11,-1.645E-11,-1.645E-11,-1.645E-11,-1.014E-11,-1.114E-11,-1.216E-11,-1.315E-11,-1.41E-11,-1.496E-11,-1.571E-11,-1.636E-11,-1.691E-11,-1.735E-11,-1.771E-11,-1.8E-11,-1.822E-11,-1.84E-11,-1.853E-11,-1.863E-11,-1.871E-11,-1.878E-11,-1.882E-11,-1.886E-11,-1.889E-11,-1.891E-11,-1.892E-11,-1.893E-11,-1.894E-11,-1.895E-11,-1.895E-11,-1.896E-11,-1.896E-11,-1.896E-11,-1.897E-11,-1.897E-11,-1.897E-11,-1.897E-11,-1.897E-11,-1.897E-11,-1.897E-11,-1.897E-11,-1.897E-11,-1.897E-11,-1.897E-11,-1.897E-11,-1.897E-11,-1.897E-11,-1.897E-11,-1.897E-11,-1.897E-11,-1.897E-11,-1.897E-11,-1.897E-11,-1.897E-11,-1.897E-11,-1.897E-11,-1.897E-11,-1.897E-11,-1.897E-11,-1.897E-11,-1.897E-11,-1.897E-11,-1.897E-11,-1.897E-11,-1.897E-11,-1.897E-11,-1.897E-11,-1.897E-11,-1.897E-11,-1.897E-11,-1.897E-11,-1.897E-11,-1.897E-11,-1.897E-11,-1.897E-11,-1.897E-11,-1.897E-11,-1.897E-11,-1.897E-11,-1.897E-11,-1.897E-11,-1.897E-11,-1.897E-11,-1.897E-11,-1.185E-11,-1.304E-11,-1.422E-11,-1.536E-11,-1.641E-11,-1.734E-11,-1.816E-11,-1.884E-11,-1.941E-11,-1.987E-11,-2.023E-11,-2.052E-11,-2.075E-11,-2.092E-11,-2.106E-11,-2.116E-11,-2.124E-11,-2.13E-11,-2.135E-11,-2.139E-11,-2.141E-11,-2.143E-11,-2.145E-11,-2.146E-11,-2.147E-11,-2.148E-11,-2.148E-11,-2.149E-11,-2.149E-11,-2.149E-11,-2.149E-11,-2.149E-11,-2.149E-11,-2.15E-11,-2.15E-11,-2.15E-11,-2.15E-11,-2.15E-11,-2.15E-11,-2.15E-11,-2.15E-11,-2.15E-11,-2.15E-11,-2.15E-11,-2.15E-11,-2.15E-11,-2.15E-11,-2.15E-11,-2.15E-11,-2.15E-11,-2.15E-11,-2.15E-11,-2.15E-11,-2.15E-11,-2.15E-11,-2.15E-11,-2.15E-11,-2.15E-11,-2.15E-11,-2.15E-11,-2.15E-11,-2.15E-11,-2.15E-11,-2.15E-11,-2.15E-11,-2.15E-11,-2.15E-11,-2.15E-11,-2.15E-11,-2.15E-11,-2.15E-11,-2.15E-11,-2.15E-11,-2.15E-11,-2.15E-11,-2.15E-11,-2.15E-11,-2.15E-11,-2.15E-11,-2.15E-11,-2.15E-11
ncss,4.483E-12,4.538E-12,4.606E-12,4.69E-12,4.791E-12,4.91E-12,5.048E-12,5.203E-12,5.37E-12,5.546E-12,5.723E-12,5.895E-12,6.057E-12,6.204E-12,6.333E-12,6.443E-12,6.535E-12,6.611E-12,6.672E-12,6.72E-12,6.759E-12,6.789E-12,6.812E-12,6.83E-12,6.844E-12,6.854E-12,6.862E-12,6.868E-12,6.873E-12,6.877E-12,6.879E-12,6.882E-12,6.883E-12,6.884E-12,6.885E-12,6.886E-12,6.887E-12,6.887E-12,6.887E-12,6.887E-12,6.888E-12,6.888E-12,6.888E-12,6.888E-12,6.888E-12,6.888E-12,6.888E-12,6.888E-12,6.888E-12,6.888E-12,6.888E-12,6.888E-12,6.888E-12,6.888E-12,6.888E-12,6.888E-12,6.888E-12,6.888E-12,6.888E-12,6.888E-12,6.888E-12,6.888E-12,6.888E-12,6.888E-12,6.888E-12,6.888E-12,6.888E-12,6.888E-12,6.888E-12,6.888E-12,6.888E-12,6.888E-12,6.888E-12,6.888E-12,6.888E-12,6.888E-12,6.888E-12,6.888E-12,6.888E-12,6.888E-12,6.888E-12,5.068E-12,5.275E-12,5.523E-12,5.814E-12,6.147E-12,6.516E-12,6.912E-12,7.32E-12,7.726E-12,8.115E-12,8.474E-12,8.795E-12,9.073E-12,9.307E-12,9.501E-12,9.658E-12,9.784E-12,9.883E-12,9.96E-12,1.002E-11,1.007E-11,1.01E-11,1.013E-11,1.015E-11,1.017E-11,1.018E-11,1.019E-11,1.019E-11,1.02E-11,1.02E-11,1.021E-11,1.021E-11,1.021E-11,1.021E-11,1.021E-11,1.021E-11,1.021E-11,1.022E-11,1.022E-11,1.022E-11,1.022E-11,1.022E-11,1.022E-11,1.022E-11,1.022E-11,1.022E-11,1.022E-11,1.022E-11,1.022E-11,1.022E-11,1.022E-11,1.022E-11,1.022E-11,1.022E-11,1.022E-11,1.022E-11,1.022E-11,1.022E-11,1.022E-11,1.022E-11,1.022E-11,1.022E-11,1.022E-11,1.022E-11,1.022E-11,1.022E-11,1.022E-11,1.022E-11,1.022E-11,1.022E-11,1.022E-11,1.022E-11,1.022E-11,1.022E-11,1.022E-11,1.022E-11,1.022E-11,1.022E-11,1.022E-11,1.022E-11,1.022E-11,6.196E-12,6.65E-12,7.17E-12,7.747E-12,8.367E-12,9.009E-12,9.648E-12,1.026E-11,1.083E-11,1.133E-11,1.177E-11,1.214E-11,1.245E-11,1.27E-11,1.29E-11,1.305E-11,1.318E-11,1.327E-11,1.334E-11,1.34E-11,1.344E-11,1.348E-11,1.35E-11,1.352E-11,1.353E-11,1.355E-11,1.355E-11,1.356E-11,1.357E-11,1.357E-11,1.357E-11,1.357E-11,1.358E-11,1.358E-11,1.358E-11,1.358E-11,1.358E-11,1.358E-11,1.358E-11,1.358E-11,1.358E-11,1.358E-11,1.358E-11,1.358E-11,1.358E-11,1.358E-11,1.358E-11,1.358E-11,1.358E-11,1.358E-11,1.358E-11,1.358E-11,1.358E-11,1.358E-11,1.358E-11,1.358E-11,1.358E-11,1.358E-11,1.358E-11,1.358E-11,1.358E-11,1.358E-11,1.358E-11,1.358E-11,1.358E-11,1.358E-11,1.358E-11,1.358E-11,1.358E-11,1.358E-11,1.358E-11,1.358E-11,1.358E-11,1.358E-11,1.358E-11,1.358E-11,1.358E-11,1.358E-11,1.358E-11,1.358E-11,1.358E-11,7.861E-12,8.612E-12,9.432E-12,1.03E-11,1.117E-11,1.203E-11,1.283E-11,1.356E-11,1.42E-11,1.475E-11,1.521E-11,1.558E-11,1.588E-11,1.612E-11,1.631E-11,1.645E-11,1.657E-11,1.665E-11,1.672E-11,1.677E-11,1.681E-11,1.684E-11,1.686E-11,1.688E-11,1.689E-11,1.69E-11,1.691E-11,1.691E-11,1.692E-11,1.692E-11,1.692E-11,1.692E-11,1.693E-11,1.693E-11,1.693E-11,1.693E-11,1.693E-11,1.693E-11,1.693E-11,1.693E-11,1.693E-11,1.693E-11,1.693E-11,1.693E-11,1.693E-11,1.693E-11,1.693E-11,1.693E-11,1.693E-11,1.693E-11,1.693E-11,1.693E-11,1.693E-11,1.693E-11,1.693E-11,1.693E-11,1.693E-11,1.693E-11,1.693E-11,1.693E-11,1.693E-11,1.693E-11,1.693E-11,1.693E-11,1.693E-11,1.693E-11,1.693E-11,1.693E-11,1.693E-11,1.693E-11,1.693E-11,1.693E-11,1.693E-11,1.693E-11,1.693E-11,1.693E-11,1.693E-11,1.693E-11,1.693E-11,1.693E-11,1.693E-11,9.863E-12,1.091E-11,1.2E-11,1.311E-11,1.419E-11,1.519E-11,1.611E-11,1.69E-11,1.758E-11,1.815E-11,1.861E-11,1.898E-11,1.928E-11,1.951E-11,1.968E-11,1.982E-11,1.993E-11,2.001E-11,2.007E-11,2.012E-11,2.016E-11,2.018E-11,2.02E-11,2.022E-11,2.023E-11,2.024E-11,2.025E-11,2.025E-11,2.026E-11,2.026E-11,2.026E-11,2.026E-11,2.026E-11,2.027E-11,2.027E-11,2.027E-11,2.027E-11,2.027E-11,2.027E-11,2.027E-11,2.027E-11,2.027E-11,2.027E-11,2.027E-11,2.027E-11,2.027E-11,2.027E-11,2.027E-11,2.027E-11,2.027E-11,2.027E-11,2.027E-11,2.027E-11,2.027E-11,2.027E-11,2.027E-11,2.027E-11,2.027E-11,2.027E-11,2.027E-11,2.027E-11,2.027E-11,2.027E-11,2.027E-11,2.027E-11,2.027E-11,2.027E-11,2.027E-11,2.027E-11,2.027E-11,2.027E-11,2.027E-11,2.027E-11,2.027E-11,2.027E-11,2.027E-11,2.027E-11,2.027E-11,2.027E-11,2.027E-11,2.027E-11,1.204E-11,1.336E-11,1.47E-11,1.601E-11,1.724E-11,1.837E-11,1.936E-11,2.021E-11,2.092E-11,2.15E-11,2.197E-11,2.234E-11,2.263E-11,2.285E-11,2.303E-11,2.316E-11,2.327E-11,2.335E-11,2.341E-11,2.345E-11,2.349E-11,2.351E-11,2.353E-11,2.355E-11,2.356E-11,2.357E-11,2.358E-11,2.358E-11,2.359E-11,2.359E-11,2.359E-11,2.359E-11,2.359E-11,2.359E-11,2.359E-11,2.36E-11,2.36E-11,2.36E-11,2.36E-11,2.36E-11,2.36E-11,2.36E-11,2.36E-11,2.36E-11,2.36E-11,2.36E-11,2.36E-11,2.36E-11,2.36E-11,2.36E-11,2.36E-11,2.36E-11,2.36E-11,2.36E-11,2.36E-11,2.36E-11,2.36E-11,2.36E-11,2.36E-11,2.36E-11,2.36E-11,2.36E-11,2.36E-11,2.36E-11,2.36E-11,2.36E-11,2.36E-11,2.36E-11,2.36E-11,2.36E-11,2.36E-11,2.36E-11,2.36E-11,2.36E-11,2.36E-11,2.36E-11,2.36E-11,2.36E-11,2.36E-11,2.36E-11,2.36E-11,1.43E-11,1.587E-11,1.742E-11,1.891E-11,2.029E-11,2.151E-11,2.257E-11,2.347E-11,2.421E-11,2.481E-11,2.528E-11,2.566E-11,2.595E-11,2.618E-11,2.636E-11,2.649E-11,2.659E-11,2.667E-11,2.673E-11,2.678E-11,2.681E-11,2.684E-11,2.686E-11,2.687E-11,2.688E-11,2.689E-11,2.69E-11,2.69E-11,2.691E-11,2.691E-11,2.691E-11,2.691E-11,2.692E-11,2.692E-11,2.692E-11,2.692E-11,2.692E-11,2.692E-11,2.692E-11,2.692E-11,2.692E-11,2.692E-11,2.692E-11,2.692E-11,2.692E-11,2.692E-11,2.692E-11,2.692E-11,2.692E-11,2.692E-11,2.692E-11,2.692E-11,2.692E-11,2.692E-11,2.692E-11,2.692E-11,2.692E-11,2.692E-11,2.692E-11,2.692E-11,2.692E-11,2.692E-11,2.692E-11,2.692E-11,2.692E-11,2.692E-11,2.692E-11,2.692E-11,2.692E-11,2.692E-11,2.692E-11,2.692E-11,2.692E-11,2.692E-11,2.692E-11,2.692E-11,2.692E-11,2.692E-11,2.692E-11,2.692E-11,2.692E-11
nft,750900000,933100000,1153000000,1415000000,1724000000,2085000000,2502000000,2978000000,3518000000,4122000000,4792000000,5531000000,6336000000,7204000000,8132000000,9110000000,10130000000,11170000000,12220000000,13270000000,14300000000,15300000000,16260000000,17160000000,18000000000,18790000000,19500000000,20150000000,20740000000,21280000000,21750000000,22170000000,22550000000,22890000000,23190000000,23450000000,23690000000,23900000000,24080000000,24250000000,24400000000,24540000000,24660000000,24770000000,24870000000,24960000000,25050000000,25120000000,25190000000,25260000000,25320000000,25370000000,25420000000,25470000000,25510000000,25550000000,25590000000,25620000000,25650000000,25670000000,25700000000,25720000000,25740000000,25750000000,25760000000,25780000000,25780000000,25790000000,25790000000,25800000000,25800000000,25800000000,25790000000,25790000000,25780000000,25780000000,25770000000,25760000000,25740000000,25730000000,25720000000,218700000,269500000,329700000,400600000,483300000,579000000,689200000,815300000,959000000,1122000000,1306000000,1511000000,1737000000,1985000000,2252000000,2536000000,2834000000,3142000000,3458000000,3776000000,4095000000,4410000000,4720000000,5021000000,5314000000,5596000000,5867000000,6128000000,6377000000,6615000000,6843000000,7061000000,7270000000,7470000000,7662000000,7847000000,8025000000,8197000000,8364000000,8525000000,8681000000,8832000000,8979000000,9122000000,9262000000,9397000000,9529000000,9658000000,9784000000,9906000000,10030000000,10140000000,10260000000,10370000000,10470000000,10580000000,10680000000,10780000000,10880000000,10970000000,11060000000,11150000000,11240000000,11320000000,11410000000,11490000000,11560000000,11640000000,11710000000,11780000000,11850000000,11910000000,11980000000,12040000000,12100000000,12150000000,12210000000,12260000000,12310000000,12360000000,12410000000,155100000,187600000,225200000,268500000,317900000,374300000,438600000,511500000,593900000,686300000,789100000,902000000,1025000000,1156000000,1295000000,1440000000,1589000000,1742000000,1895000000,2049000000,2201000000,2351000000,2498000000,2642000000,2781000000,2917000000,3048000000,3176000000,3299000000,3419000000,3535000000,3647000000,3757000000,3864000000,3968000000,4070000000,4170000000,4268000000,4364000000,4458000000,4551000000,4642000000,4731000000,4820000000,4907000000,4992000000,5077000000,5160000000,5242000000,5323000000,5402000000,5481000000,5558000000,5634000000,5709000000,5782000000,5855000000,5926000000,5996000000,6065000000,6132000000,6199000000,6264000000,6328000000,6390000000,6452000000,6512000000,6571000000,6629000000,6686000000,6741000000,6795000000,6848000000,6900000000,6951000000,7000000000,7049000000,7096000000,7142000000,7187000000,7230000000,123500000,146900000,173600000,204000000,238500000,277700000,322000000,372100000,428000000,490100000,558000000,631400000,709700000,792300000,878100000,966400000,1056000000,1147000000,1237000000,1327000000,1415000000,1502000000,1588000000,1671000000,1752000000,1831000000,1908000000,1983000000,2056000000,2128000000,2198000000,2266000000,2333000000,2399000000,2464000000,2527000000,2590000000,2652000000,2714000000,2774000000,2834000000,2893000000,2952000000,3010000000,3067000000,3124000000,3180000000,3236000000,3291000000,3346000000,3400000000,3454000000,3507000000,3559000000,3611000000,3662000000,3713000000,3763000000,3812000000,3861000000,3909000000,3957000000,4004000000,4050000000,4095000000,4140000000,4184000000,4228000000,4271000000,4313000000,4354000000,4395000000,4435000000,4474000000,4513000000,4551000000,4589000000,4625000000,4661000000,4696000000,4731000000,99620000,117200000,137100000,159700000,185400000,214500000,247200000,283900000,324500000,369100000,417200000,468600000,522800000,579200000,637200000,696300000,755900000,815600000,875000000,933700000,991500000,1048000000,1104000000,1158000000,1211000000,1263000000,1314000000,1363000000,1412000000,1459000000,1506000000,1552000000,1598000000,1642000000,1686000000,1730000000,1773000000,1816000000,1859000000,1901000000,1942000000,1984000000,2025000000,2066000000,2106000000,2146000000,2186000000,2226000000,2266000000,2305000000,2343000000,2382000000,2420000000,2458000000,2496000000,2533000000,2570000000,2606000000,2642000000,2678000000,2714000000,2749000000,2783000000,2818000000,2851000000,2885000000,2918000000,2951000000,2983000000,3015000000,3046000000,3077000000,3108000000,3138000000,3167000000,3197000000,3226000000,3254000000,3282000000,3309000000,3336000000,81060000,94680000,110100000,127600000,147500000,169900000,195000000,223000000,253700000,287100000,322900000,360700000,400200000,441000000,482700000,524900000,567200000,609500000,651400000,692700000,733400000,773300000,812400000,850700000,888200000,924900000,960800000,996100000,1031000000,1065000000,1099000000,1132000000,1164000000,1197000000,1229000000,1261000000,1292000000,1324000000,1355000000,1386000000,1416000000,1447000000,1477000000,1508000000,1538000000,1568000000,1597000000,1627000000,1656000000,1686000000,1715000000,1744000000,1772000000,1801000000,1829000000,1857000000,1885000000,1913000000,1941000000,1968000000,1995000000,2022000000,2048000000,2074000000,2100000000,2126000000,2152000000,2177000000,2202000000,2226000000,2251000000,2275000000,2299000000,2322000000,2346000000,2369000000,2391000000,2414000000,2436000000,2457000000,2479000000,66690000,77530000,89830000,103800000,119600000,137300000,157200000,179200000,203100000,229000000,256500000,285400000,315400000,346200000,377500000,409100000,440700000,472200000,503300000,534000000,564200000,593800000,622900000,651300000,679300000,706700000,733600000,760000000,786000000,811700000,837100000,862100000,886900000,911500000,935900000,960100000,984200000,1008000000,1032000000,1056000000,1079000000,1103000000,1126000000,1149000000,1173000000,1196000000,1219000000,1242000000,1264000000,1287000000,1310000000,1332000000,1354000000,1377000000,1399000000,1421000000,1443000000,1464000000,1486000000,1507000000,1528000000,1549000000,1570000000,1591000000,1612000000,1632000000,1652000000,1672000000,1692000000,1712000000,1731000000,1750000000,1769000000,1788000000,1807000000,1825000000,1843000000,1861000000,1879000000,1897000000,1914000000
ngm_id_ft,17970000000,22040000000,26830000000,32420000000,38860000000,46170000000,54350000000,63360000000,73120000000,83540000000,94470000000,105700000000,117100000000,128500000000,139400000000,149700000000,159200000000,167500000000,174400000000,179900000000,183800000000,186300000000,187200000000,186800000000,185300000000,182700000000,179300000000,175200000000,170700000000,165800000000,160600000000,155400000000,150100000000,144900000000,139800000000,134900000000,130100000000,125500000000,121100000000,116900000000,112900000000,109100000000,105400000000,102000000000,98780000000,95700000000,92780000000,90010000000,87370000000,84880000000,82500000000,80240000000,78080000000,76030000000,74070000000,72190000000,70400000000,68690000000,67040000000,65470000000,63950000000,62500000000,61100000000,59760000000,58460000000,57210000000,56000000000,54840000000,53720000000,52630000000,51580000000,50560000000,49580000000,48630000000,47700000000,46810000000,45940000000,45100000000,44280000000,43490000000,42710000000,5265000000,6421000000,7774000000,9340000000,11130000000,13150000000,15410000000,17900000000,20630000000,23570000000,26690000000,29950000000,33290000000,36640000000,39920000000,43050000000,45960000000,48570000000,50860000000,52780000000,54330000000,55520000000,56350000000,56870000000,57100000000,57070000000,56840000000,56430000000,55880000000,55220000000,54470000000,53660000000,52810000000,51940000000,51060000000,50170000000,49290000000,48420000000,47560000000,46730000000,45910000000,45120000000,44350000000,43600000000,42880000000,42170000000,41490000000,40830000000,40190000000,39560000000,38960000000,38370000000,37790000000,37230000000,36680000000,36150000000,35630000000,35120000000,34620000000,34130000000,33650000000,33180000000,32720000000,32270000000,31830000000,31390000000,30970000000,30550000000,30130000000,29730000000,29330000000,28930000000,28550000000,28160000000,27790000000,27420000000,27060000000,26700000000,26350000000,26000000000,25660000000,3689000000,4415000000,5240000000,6166000000,7195000000,8328000000,9566000000,10900000000,12330000000,13830000000,15380000000,16950000000,18500000000,20000000000,21420000000,22720000000,23890000000,24900000000,25750000000,26430000000,26960000000,27350000000,27600000000,27740000000,27780000000,27730000000,27610000000,27440000000,27220000000,26970000000,26690000000,26400000000,26090000000,25780000000,25470000000,25160000000,24850000000,24550000000,24260000000,23970000000,23690000000,23410000000,23150000000,22890000000,22630000000,22390000000,22150000000,21920000000,21690000000,21470000000,21250000000,21040000000,20830000000,20620000000,20420000000,20220000000,20030000000,19830000000,19640000000,19450000000,19270000000,19080000000,18900000000,18720000000,18540000000,18360000000,18190000000,18010000000,17840000000,17670000000,17500000000,17330000000,17160000000,16990000000,16830000000,16660000000,16500000000,16340000000,16180000000,16020000000,15860000000,2895000000,3404000000,3967000000,4588000000,5267000000,6003000000,6794000000,7633000000,8510000000,9410000000,10310000000,11200000000,12060000000,12860000000,13590000000,14240000000,14800000000,15270000000,15650000000,15950000000,16170000000,16320000000,16410000000,16440000000,16430000000,16380000000,16300000000,16200000000,16080000000,15950000000,15810000000,15670000000,15520000000,15370000000,15220000000,15080000000,14930000000,14790000000,14660000000,14520000000,14400000000,14270000000,14150000000,14030000000,13920000000,13800000000,13700000000,13590000000,13490000000,13380000000,13280000000,13190000000,13090000000,13000000000,12900000000,12810000000,12720000000,12630000000,12540000000,12450000000,12360000000,12270000000,12180000000,12090000000,12010000000,11920000000,11830000000,11740000000,11660000000,11570000000,11480000000,11400000000,11310000000,11230000000,11140000000,11050000000,10970000000,10880000000,10800000000,10710000000,10630000000,2307000000,2677000000,3083000000,3526000000,4005000000,4520000000,5065000000,5636000000,6221000000,6809000000,7388000000,7945000000,8467000000,8945000000,9371000000,9742000000,10050000000,10310000000,10510000000,10660000000,10770000000,10840000000,10870000000,10870000000,10850000000,10820000000,10760000000,10700000000,10630000000,10550000000,10470000000,10390000000,10300000000,10220000000,10140000000,10050000000,9976000000,9899000000,9825000000,9753000000,9683000000,9615000000,9550000000,9487000000,9425000000,9365000000,9307000000,9250000000,9195000000,9141000000,9087000000,9035000000,8983000000,8932000000,8881000000,8831000000,8782000000,8732000000,8683000000,8634000000,8585000000,8536000000,8487000000,8438000000,8389000000,8341000000,8291000000,8242000000,8193000000,8144000000,8094000000,8045000000,7995000000,7945000000,7895000000,7845000000,7795000000,7744000000,7694000000,7643000000,7592000000,1859000000,2138000000,2443000000,2773000000,3128000000,3506000000,3902000000,4311000000,4725000000,5135000000,5531000000,5906000000,6252000000,6563000000,6836000000,7070000000,7263000000,7418000000,7538000000,7626000000,7684000000,7719000000,7732000000,7728000000,7710000000,7682000000,7645000000,7601000000,7554000000,7503000000,7451000000,7398000000,7345000000,7293000000,7242000000,7192000000,7144000000,7097000000,7051000000,7008000000,6966000000,6925000000,6886000000,6848000000,6811000000,6776000000,6741000000,6707000000,6674000000,6642000000,6610000000,6579000000,6548000000,6518000000,6488000000,6458000000,6428000000,6398000000,6369000000,6339000000,6309000000,6280000000,6250000000,6220000000,6190000000,6160000000,6130000000,6099000000,6068000000,6038000000,6007000000,5976000000,5944000000,5913000000,5881000000,5849000000,5817000000,5785000000,5753000000,5720000000,5687000000,1517000000,1735000000,1971000000,2226000000,2498000000,2786000000,3086000000,3392000000,3698000000,3998000000,4284000000,4551000000,4794000000,5011000000,5198000000,5357000000,5486000000,5589000000,5666000000,5721000000,5757000000,5777000000,5782000000,5777000000,5762000000,5740000000,5713000000,5682000000,5649000000,5614000000,5578000000,5542000000,5507000000,5471000000,5437000000,5404000000,5372000000,5341000000,5311000000,5282000000,5255000000,5229000000,5203000000,5179000000,5155000000,5132000000,5110000000,5088000000,5067000000,5046000000,5026000000,5006000000,4986000000,4967000000,4948000000,4928000000,4909000000,4890000000,4871000000,4852000000,4832000000,4813000000,4794000000,4774000000,4754000000,4734000000,4714000000,4694000000,4674000000,4654000000,4633000000,4612000000,4591000000,4570000000,4548000000,4527000000,4505000000,4483000000,4461000000,4439000000,4416000000
"abs(OP(""/PM1"" ""vds""))",1.8,1.8,1.8,1.8,1.8,1.8,1.8,1.8,1.8,1.8,1.8,1.8,1.8,1.8,1.8,1.8,1.8,1.8,1.8,1.8,1.8,1.8,1.8,1.8,1.8,1.8,1.8,1.8,1.8,1.8,1.8,1.8,1.8,1.8,1.8,1.8,1.8,1.8,1.8,1.8,1.8,1.8,1.8,1.8,1.8,1.8,1.8,1.8,1.8,1.8,1.8,1.8,1.8,1.8,1.8,1.8,1.8,1.8,1.8,1.8,1.8,1.8,1.8,1.8,1.8,1.8,1.8,1.8,1.8,1.8,1.8,1.8,1.8,1.8,1.8,1.8,1.8,1.8,1.8,1.8,1.8,1.8,1.8,1.8,1.8,1.8,1.8,1.8,1.8,1.8,1.8,1.8,1.8,1.8,1.8,1.8,1.8,1.8,1.8,1.8,1.8,1.8,1.8,1.8,1.8,1.8,1.8,1.8,1.8,1.8,1.8,1.8,1.8,1.8,1.8,1.8,1.8,1.8,1.8,1.8,1.8,1.8,1.8,1.8,1.8,1.8,1.8,1.8,1.8,1.8,1.8,1.8,1.8,1.8,1.8,1.8,1.8,1.8,1.8,1.8,1.8,1.8,1.8,1.8,1.8,1.8,1.8,1.8,1.8,1.8,1.8,1.8,1.8,1.8,1.8,1.8,1.8,1.8,1.8,1.8,1.8,1.8,1.8,1.8,1.8,1.8,1.8,1.8,1.8,1.8,1.8,1.8,1.8,1.8,1.8,1.8,1.8,1.8,1.8,1.8,1.8,1.8,1.8,1.8,1.8,1.8,1.8,1.8,1.8,1.8,1.8,1.8,1.8,1.8,1.8,1.8,1.8,1.8,1.8,1.8,1.8,1.8,1.8,1.8,1.8,1.8,1.8,1.8,1.8,1.8,1.8,1.8,1.8,1.8,1.8,1.8,1.8,1.8,1.8,1.8,1.8,1.8,1.8,1.8,1.8,1.8,1.8,1.8,1.8,1.8,1.8,1.8,1.8,1.8,1.8,1.8,1.8,1.8,1.8,1.8,1.8,1.8,1.8,1.8,1.8,1.8,1.8,1.8,1.8,1.8,1.8,1.8,1.8,1.8,1.8,1.8,1.8,1.8,1.8,1.8,1.8,1.8,1.8,1.8,1.8,1.8,1.8,1.8,1.8,1.8,1.8,1.8,1.8,1.8,1.8,1.8,1.8,1.8,1.8,1.8,1.8,1.8,1.8,1.8,1.8,1.8,1.8,1.8,1.8,1.8,1.8,1.8,1.8,1.8,1.8,1.8,1.8,1.8,1.8,1.8,1.8,1.8,1.8,1.8,1.8,1.8,1.8,1.8,1.8,1.8,1.8,1.8,1.8,1.8,1.8,1.8,1.8,1.8,1.8,1.8,1.8,1.8,1.8,1.8,1.8,1.8,1.8,1.8,1.8,1.8,1.8,1.8,1.8,1.8,1.8,1.8,1.8,1.8,1.8,1.8,1.8,1.8,1.8,1.8,1.8,1.8,1.8,1.8,1.8,1.8,1.8,1.8,1.8,1.8,1.8,1.8,1.8,1.8,1.8,1.8,1.8,1.8,1.8,1.8,1.8,1.8,1.8,1.8,1.8,1.8,1.8,1.8,1.8,1.8,1.8,1.8,1.8,1.8,1.8,1.8,1.8,1.8,1.8,1.8,1.8,1.8,1.8,1.8,1.8,1.8,1.8,1.8,1.8,1.8,1.8,1.8,1.8,1.8,1.8,1.8,1.8,1.8,1.8,1.8,1.8,1.8,1.8,1.8,1.8,1.8,1.8,1.8,1.8,1.8,1.8,1.8,1.8,1.8,1.8,1.8,1.8,1.8,1.8,1.8,1.8,1.8,1.8,1.8,1.8,1.8,1.8,1.8,1.8,1.8,1.8,1.8,1.8,1.8,1.8,1.8,1.8,1.8,1.8,1.8,1.8,1.8,1.8,1.8,1.8,1.8,1.8,1.8,1.8,1.8,1.8,1.8,1.8,1.8,1.8,1.8,1.8,1.8,1.8,1.8,1.8,1.8,1.8,1.8,1.8,1.8,1.8,1.8,1.8,1.8,1.8,1.8,1.8,1.8,1.8,1.8,1.8,1.8,1.8,1.8,1.8,1.8,1.8,1.8,1.8,1.8,1.8,1.8,1.8,1.8,1.8,1.8,1.8,1.8,1.8,1.8,1.8,1.8,1.8,1.8,1.8,1.8,1.8,1.8,1.8,1.8,1.8,1.8,1.8,1.8,1.8,1.8,1.8,1.8,1.8,1.8,1.8,1.8,1.8,1.8,1.8,1.8,1.8,1.8,1.8,1.8,1.8,1.8,1.8,1.8,1.8,1.8,1.8,1.8,1.8,1.8,1.8,1.8,1.8,1.8,1.8,1.8,1.8,1.8,1.8,1.8,1.8,1.8,1.8,1.8,1.8,1.8,1.8,1.8,1.8,1.8,1.8,1.8,1.8,1.8,1.8,1.8,1.8
"OP(""/PM1"" ""region"")",3,3,3,3,3,3,3,3,3,2,2,2,2,2,2,2,2,2,2,2,2,2,2,2,2,2,2,2,2,2,2,2,2,2,2,2,2,2,2,2,2,2,2,2,2,2,2,2,2,2,2,2,2,2,2,2,2,2,2,2,2,2,2,2,2,2,2,2,2,2,2,2,2,2,2,2,2,2,2,2,2,3,3,3,3,3,2,2,2,2,2,2,2,2,2,2,2,2,2,2,2,2,2,2,2,2,2,2,2,2,2,2,2,2,2,2,2,2,2,2,2,2,2,2,2,2,2,2,2,2,2,2,2,2,2,2,2,2,2,2,2,2,2,2,2,2,2,2,2,2,2,2,2,2,2,2,2,2,2,2,2,2,3,3,3,2,2,2,2,2,2,2,2,2,2,2,2,2,2,2,2,2,2,2,2,2,2,2,2,2,2,2,2,2,2,2,2,2,2,2,2,2,2,2,2,2,2,2,2,2,2,2,2,2,2,2,2,2,2,2,2,2,2,2,2,2,2,2,2,2,2,2,2,2,2,2,2,2,2,2,2,2,2,3,3,2,2,2,2,2,2,2,2,2,2,2,2,2,2,2,2,2,2,2,2,2,2,2,2,2,2,2,2,2,2,2,2,2,2,2,2,2,2,2,2,2,2,2,2,2,2,2,2,2,2,2,2,2,2,2,2,2,2,2,2,2,2,2,2,2,2,2,2,2,2,2,2,2,2,2,2,2,2,2,3,3,2,2,2,2,2,2,2,2,2,2,2,2,2,2,2,2,2,2,2,2,2,2,2,2,2,2,2,2,2,2,2,2,2,2,2,2,2,2,2,2,2,2,2,2,2,2,2,2,2,2,2,2,2,2,2,2,2,2,2,2,2,2,2,2,2,2,2,2,2,2,2,2,2,2,2,2,2,2,2,3,2,2,2,2,2,2,2,2,2,2,2,2,2,2,2,2,2,2,2,2,2,2,2,2,2,2,2,2,2,2,2,2,2,2,2,2,2,2,2,2,2,2,2,2,2,2,2,2,2,2,2,2,2,2,2,2,2,2,2,2,2,2,2,2,2,2,2,2,2,2,2,2,2,2,2,2,2,2,2,2,3,2,2,2,2,2,2,2,2,2,2,2,2,2,2,2,2,2,2,2,2,2,2,2,2,2,2,2,2,2,2,2,2,2,2,2,2,2,2,2,2,2,2,2,2,2,2,2,2,2,2,2,2,2,2,2,2,2,2,2,2,2,2,2,2,2,2,2,2,2,2,2,2,2,2,2,2,2,2,2,2
"abs(OP(""/PM1"" ""vgs""))",0.4,0.41,0.42,0.43,0.44,0.45,0.46,0.47,0.48,0.49,0.5,0.51,0.52,0.53,0.54,0.55,0.56,0.57,0.58,0.59,0.6,0.61,0.62,0.63,0.64,0.65,0.66,0.67,0.68,0.69,0.7,0.71,0.72,0.73,0.74,0.75,0.76,0.77,0.78,0.79,0.8,0.81,0.82,0.83,0.84,0.85,0.86,0.87,0.88,0.89,0.9,0.91,0.92,0.93,0.94,0.95,0.96,0.97,0.98,0.99,1,1.01,1.02,1.03,1.04,1.05,1.06,1.07,1.08,1.09,1.1,1.11,1.12,1.13,1.14,1.15,1.16,1.17,1.18,1.19,1.2,0.4,0.41,0.42,0.43,0.44,0.45,0.46,0.47,0.48,0.49,0.5,0.51,0.52,0.53,0.54,0.55,0.56,0.57,0.58,0.59,0.6,0.61,0.62,0.63,0.64,0.65,0.66,0.67,0.68,0.69,0.7,0.71,0.72,0.73,0.74,0.75,0.76,0.77,0.78,0.79,0.8,0.81,0.82,0.83,0.84,0.85,0.86,0.87,0.88,0.89,0.9,0.91,0.92,0.93,0.94,0.95,0.96,0.97,0.98,0.99,1,1.01,1.02,1.03,1.04,1.05,1.06,1.07,1.08,1.09,1.1,1.11,1.12,1.13,1.14,1.15,1.16,1.17,1.18,1.19,1.2,0.4,0.41,0.42,0.43,0.44,0.45,0.46,0.47,0.48,0.49,0.5,0.51,0.52,0.53,0.54,0.55,0.56,0.57,0.58,0.59,0.6,0.61,0.62,0.63,0.64,0.65,0.66,0.67,0.68,0.69,0.7,0.71,0.72,0.73,0.74,0.75,0.76,0.77,0.78,0.79,0.8,0.81,0.82,0.83,0.84,0.85,0.86,0.87,0.88,0.89,0.9,0.91,0.92,0.93,0.94,0.95,0.96,0.97,0.98,0.99,1,1.01,1.02,1.03,1.04,1.05,1.06,1.07,1.08,1.09,1.1,1.11,1.12,1.13,1.14,1.15,1.16,1.17,1.18,1.19,1.2,0.4,0.41,0.42,0.43,0.44,0.45,0.46,0.47,0.48,0.49,0.5,0.51,0.52,0.53,0.54,0.55,0.56,0.57,0.58,0.59,0.6,0.61,0.62,0.63,0.64,0.65,0.66,0.67,0.68,0.69,0.7,0.71,0.72,0.73,0.74,0.75,0.76,0.77,0.78,0.79,0.8,0.81,0.82,0.83,0.84,0.85,0.86,0.87,0.88,0.89,0.9,0.91,0.92,0.93,0.94,0.95,0.96,0.97,0.98,0.99,1,1.01,1.02,1.03,1.04,1.05,1.06,1.07,1.08,1.09,1.1,1.11,1.12,1.13,1.14,1.15,1.16,1.17,1.18,1.19,1.2,0.4,0.41,0.42,0.43,0.44,0.45,0.46,0.47,0.48,0.49,0.5,0.51,0.52,0.53,0.54,0.55,0.56,0.57,0.58,0.59,0.6,0.61,0.62,0.63,0.64,0.65,0.66,0.67,0.68,0.69,0.7,0.71,0.72,0.73,0.74,0.75,0.76,0.77,0.78,0.79,0.8,0.81,0.82,0.83,0.84,0.85,0.86,0.87,0.88,0.89,0.9,0.91,0.92,0.93,0.94,0.95,0.96,0.97,0.98,0.99,1,1.01,1.02,1.03,1.04,1.05,1.06,1.07,1.08,1.09,1.1,1.11,1.12,1.13,1.14,1.15,1.16,1.17,1.18,1.19,1.2,0.4,0.41,0.42,0.43,0.44,0.45,0.46,0.47,0.48,0.49,0.5,0.51,0.52,0.53,0.54,0.55,0.56,0.57,0.58,0.59,0.6,0.61,0.62,0.63,0.64,0.65,0.66,0.67,0.68,0.69,0.7,0.71,0.72,0.73,0.74,0.75,0.76,0.77,0.78,0.79,0.8,0.81,0.82,0.83,0.84,0.85,0.86,0.87,0.88,0.89,0.9,0.91,0.92,0.93,0.94,0.95,0.96,0.97,0.98,0.99,1,1.01,1.02,1.03,1.04,1.05,1.06,1.07,1.08,1.09,1.1,1.11,1.12,1.13,1.14,1.15,1.16,1.17,1.18,1.19,1.2,0.4,0.41,0.42,0.43,0.44,0.45,0.46,0.47,0.48,0.49,0.5,0.51,0.52,0.53,0.54,0.55,0.56,0.57,0.58,0.59,0.6,0.61,0.62,0.63,0.64,0.65,0.66,0.67,0.68,0.69,0.7,0.71,0.72,0.73,0.74,0.75,0.76,0.77,0.78,0.79,0.8,0.81,0.82,0.83,0.84,0.85,0.86,0.87,0.88,0.89,0.9,0.91,0.92,0.93,0.94,0.95,0.96,0.97,0.98,0.99,1,1.01,1.02,1.03,1.04,1.05,1.06,1.07,1.08,1.09,1.1,1.11,1.12,1.13,1.14,1.15,1.16,1.17,1.18,1.19,1.2
"abs(OP(""/PM1"" ""vth""))",0.4835,0.4835,0.4835,0.4835,0.4835,0.4835,0.4835,0.4835,0.4835,0.4835,0.4835,0.4835,0.4835,0.4835,0.4835,0.4835,0.4835,0.4835,0.4835,0.4835,0.4835,0.4835,0.4835,0.4835,0.4835,0.4835,0.4835,0.4835,0.4835,0.4835,0.4835,0.4835,0.4835,0.4835,0.4835,0.4835,0.4835,0.4835,0.4835,0.4835,0.4835,0.4835,0.4835,0.4835,0.4835,0.4835,0.4835,0.4835,0.4835,0.4835,0.4835,0.4835,0.4835,0.4835,0.4835,0.4835,0.4835,0.4835,0.4835,0.4835,0.4835,0.4835,0.4835,0.4835,0.4835,0.4835,0.4835,0.4835,0.4835,0.4835,0.4835,0.4835,0.4835,0.4835,0.4835,0.4835,0.4835,0.4835,0.4835,0.4835,0.4835,0.4419,0.4419,0.4419,0.4419,0.4419,0.4419,0.4419,0.4419,0.4419,0.4419,0.4419,0.4419,0.4419,0.4419,0.4419,0.4419,0.4419,0.4419,0.4419,0.4419,0.4419,0.4419,0.4419,0.4419,0.4419,0.4419,0.4419,0.4419,0.4419,0.4419,0.4419,0.4419,0.4419,0.4419,0.4419,0.4419,0.4419,0.4419,0.4419,0.4419,0.4419,0.4419,0.4419,0.4419,0.4419,0.4419,0.4419,0.4419,0.4419,0.4419,0.4419,0.4419,0.4419,0.4419,0.4419,0.4419,0.4419,0.4419,0.4419,0.4419,0.4419,0.4419,0.4419,0.4419,0.4419,0.4419,0.4419,0.4419,0.4419,0.4419,0.4419,0.4419,0.4419,0.4419,0.4419,0.4419,0.4419,0.4419,0.4419,0.4419,0.4419,0.429,0.429,0.429,0.429,0.429,0.429,0.429,0.429,0.429,0.429,0.429,0.429,0.429,0.429,0.429,0.429,0.429,0.429,0.429,0.429,0.429,0.429,0.429,0.429,0.429,0.429,0.429,0.429,0.429,0.429,0.429,0.429,0.429,0.429,0.429,0.429,0.429,0.429,0.429,0.429,0.429,0.429,0.429,0.429,0.429,0.429,0.429,0.429,0.429,0.429,0.429,0.429,0.429,0.429,0.429,0.429,0.429,0.429,0.429,0.429,0.429,0.429,0.429,0.429,0.429,0.429,0.429,0.429,0.429,0.429,0.429,0.429,0.429,0.429,0.429,0.429,0.429,0.429,0.429,0.429,0.429,0.4199,0.4199,0.4199,0.4199,0.4199,0.4199,0.4199,0.4199,0.4199,0.4199,0.4199,0.4199,0.4199,0.4199,0.4199,0.4199,0.4199,0.4199,0.4199,0.4199,0.4199,0.4199,0.4199,0.4199,0.4199,0.4199,0.4199,0.4199,0.4199,0.4199,0.4199,0.4199,0.4199,0.4199,0.4199,0.4199,0.4199,0.4199,0.4199,0.4199,0.4199,0.4199,0.4199,0.4199,0.4199,0.4199,0.4199,0.4199,0.4199,0.4199,0.4199,0.4199,0.4199,0.4199,0.4199,0.4199,0.4199,0.4199,0.4199,0.4199,0.4199,0.4199,0.4199,0.4199,0.4199,0.4199,0.4199,0.4199,0.4199,0.4199,0.4199,0.4199,0.4199,0.4199,0.4199,0.4199,0.4199,0.4199,0.4199,0.4199,0.4199,0.4132,0.4132,0.4132,0.4132,0.4132,0.4132,0.4132,0.4132,0.4132,0.4132,0.4132,0.4132,0.4132,0.4132,0.4132,0.4132,0.4132,0.4132,0.4132,0.4132,0.4132,0.4132,0.4132,0.4132,0.4132,0.4132,0.4132,0.4132,0.4132,0.4132,0.4132,0.4132,0.4132,0.4132,0.4132,0.4132,0.4132,0.4132,0.4132,0.4132,0.4132,0.4132,0.4132,0.4132,0.4132,0.4132,0.4132,0.4132,0.4132,0.4132,0.4132,0.4132,0.4132,0.4132,0.4132,0.4132,0.4132,0.4132,0.4132,0.4132,0.4132,0.4132,0.4132,0.4132,0.4132,0.4132,0.4132,0.4132,0.4132,0.4132,0.4132,0.4132,0.4132,0.4132,0.4132,0.4132,0.4132,0.4132,0.4132,0.4132,0.4132,0.4082,0.4082,0.4082,0.4082,0.4082,0.4082,0.4082,0.4082,0.4082,0.4082,0.4082,0.4082,0.4082,0.4082,0.4082,0.4082,0.4082,0.4082,0.4082,0.4082,0.4082,0.4082,0.4082,0.4082,0.4082,0.4082,0.4082,0.4082,0.4082,0.4082,0.4082,0.4082,0.4082,0.4082,0.4082,0.4082,0.4082,0.4082,0.4082,0.4082,0.4082,0.4082,0.4082,0.4082,0.4082,0.4082,0.4082,0.4082,0.4082,0.4082,0.4082,0.4082,0.4082,0.4082,0.4082,0.4082,0.4082,0.4082,0.4082,0.4082,0.4082,0.4082,0.4082,0.4082,0.4082,0.4082,0.4082,0.4082,0.4082,0.4082,0.4082,0.4082,0.4082,0.4082,0.4082,0.4082,0.4082,0.4082,0.4082,0.4082,0.4082,0.4044,0.4044,0.4044,0.4044,0.4044,0.4044,0.4044,0.4044,0.4044,0.4044,0.4044,0.4044,0.4044,0.4044,0.4044,0.4044,0.4044,0.4044,0.4044,0.4044,0.4044,0.4044,0.4044,0.4044,0.4044,0.4044,0.4044,0.4044,0.4044,0.4044,0.4044,0.4044,0.4044,0.4044,0.4044,0.4044,0.4044,0.4044,0.4044,0.4044,0.4044,0.4044,0.4044,0.4044,0.4044,0.4044,0.4044,0.4044,0.4044,0.4044,0.4044,0.4044,0.4044,0.4044,0.4044,0.4044,0.4044,0.4044,0.4044,0.4044,0.4044,0.4044,0.4044,0.4044,0.4044,0.4044,0.4044,0.4044,0.4044,0.4044,0.4044,0.4044,0.4044,0.4044,0.4044,0.4044,0.4044,0.4044,0.4044,0.4044,0.4044
pov,0.08347,0.07347,0.06347,0.05347,0.04347,0.03347,0.02347,0.01347,0.003474,-0.006526,-0.01653,-0.02653,-0.03653,-0.04653,-0.05653,-0.06653,-0.07653,-0.08653,-0.09653,-0.1065,-0.1165,-0.1265,-0.1365,-0.1465,-0.1565,-0.1665,-0.1765,-0.1865,-0.1965,-0.2065,-0.2165,-0.2265,-0.2365,-0.2465,-0.2565,-0.2665,-0.2765,-0.2865,-0.2965,-0.3065,-0.3165,-0.3265,-0.3365,-0.3465,-0.3565,-0.3665,-0.3765,-0.3865,-0.3965,-0.4065,-0.4165,-0.4265,-0.4365,-0.4465,-0.4565,-0.4665,-0.4765,-0.4865,-0.4965,-0.5065,-0.5165,-0.5265,-0.5365,-0.5465,-0.5565,-0.5665,-0.5765,-0.5865,-0.5965,-0.6065,-0.6165,-0.6265,-0.6365,-0.6465,-0.6565,-0.6665,-0.6765,-0.6865,-0.6965,-0.7065,-0.7165,0.04186,0.03186,0.02186,0.01186,0.001862,-0.008138,-0.01814,-0.02814,-0.03814,-0.04814,-0.05814,-0.06814,-0.07814,-0.08814,-0.09814,-0.1081,-0.1181,-0.1281,-0.1381,-0.1481,-0.1581,-0.1681,-0.1781,-0.1881,-0.1981,-0.2081,-0.2181,-0.2281,-0.2381,-0.2481,-0.2581,-0.2681,-0.2781,-0.2881,-0.2981,-0.3081,-0.3181,-0.3281,-0.3381,-0.3481,-0.3581,-0.3681,-0.3781,-0.3881,-0.3981,-0.4081,-0.4181,-0.4281,-0.4381,-0.4481,-0.4581,-0.4681,-0.4781,-0.4881,-0.4981,-0.5081,-0.5181,-0.5281,-0.5381,-0.5481,-0.5581,-0.5681,-0.5781,-0.5881,-0.5981,-0.6081,-0.6181,-0.6281,-0.6381,-0.6481,-0.6581,-0.6681,-0.6781,-0.6881,-0.6981,-0.7081,-0.7181,-0.7281,-0.7381,-0.7481,-0.7581,0.02904,0.01904,0.009043,-0.0009567,-0.01096,-0.02096,-0.03096,-0.04096,-0.05096,-0.06096,-0.07096,-0.08096,-0.09096,-0.101,-0.111,-0.121,-0.131,-0.141,-0.151,-0.161,-0.171,-0.181,-0.191,-0.201,-0.211,-0.221,-0.231,-0.241,-0.251,-0.261,-0.271,-0.281,-0.291,-0.301,-0.311,-0.321,-0.331,-0.341,-0.351,-0.361,-0.371,-0.381,-0.391,-0.401,-0.411,-0.421,-0.431,-0.441,-0.451,-0.461,-0.471,-0.481,-0.491,-0.501,-0.511,-0.521,-0.531,-0.541,-0.551,-0.561,-0.571,-0.581,-0.591,-0.601,-0.611,-0.621,-0.631,-0.641,-0.651,-0.661,-0.671,-0.681,-0.691,-0.701,-0.711,-0.721,-0.731,-0.741,-0.751,-0.761,-0.771,0.01994,0.009939,-0.00006055,-0.01006,-0.02006,-0.03006,-0.04006,-0.05006,-0.06006,-0.07006,-0.08006,-0.09006,-0.1001,-0.1101,-0.1201,-0.1301,-0.1401,-0.1501,-0.1601,-0.1701,-0.1801,-0.1901,-0.2001,-0.2101,-0.2201,-0.2301,-0.2401,-0.2501,-0.2601,-0.2701,-0.2801,-0.2901,-0.3001,-0.3101,-0.3201,-0.3301,-0.3401,-0.3501,-0.3601,-0.3701,-0.3801,-0.3901,-0.4001,-0.4101,-0.4201,-0.4301,-0.4401,-0.4501,-0.4601,-0.4701,-0.4801,-0.4901,-0.5001,-0.5101,-0.5201,-0.5301,-0.5401,-0.5501,-0.5601,-0.5701,-0.5801,-0.5901,-0.6001,-0.6101,-0.6201,-0.6301,-0.6401,-0.6501,-0.6601,-0.6701,-0.6801,-0.6901,-0.7001,-0.7101,-0.7201,-0.7301,-0.7401,-0.7501,-0.7601,-0.7701,-0.7801,0.01324,0.003238,-0.006762,-0.01676,-0.02676,-0.03676,-0.04676,-0.05676,-0.06676,-0.07676,-0.08676,-0.09676,-0.1068,-0.1168,-0.1268,-0.1368,-0.1468,-0.1568,-0.1668,-0.1768,-0.1868,-0.1968,-0.2068,-0.2168,-0.2268,-0.2368,-0.2468,-0.2568,-0.2668,-0.2768,-0.2868,-0.2968,-0.3068,-0.3168,-0.3268,-0.3368,-0.3468,-0.3568,-0.3668,-0.3768,-0.3868,-0.3968,-0.4068,-0.4168,-0.4268,-0.4368,-0.4468,-0.4568,-0.4668,-0.4768,-0.4868,-0.4968,-0.5068,-0.5168,-0.5268,-0.5368,-0.5468,-0.5568,-0.5668,-0.5768,-0.5868,-0.5968,-0.6068,-0.6168,-0.6268,-0.6368,-0.6468,-0.6568,-0.6668,-0.6768,-0.6868,-0.6968,-0.7068,-0.7168,-0.7268,-0.7368,-0.7468,-0.7568,-0.7668,-0.7768,-0.7868,0.008237,-0.001763,-0.01176,-0.02176,-0.03176,-0.04176,-0.05176,-0.06176,-0.07176,-0.08176,-0.09176,-0.1018,-0.1118,-0.1218,-0.1318,-0.1418,-0.1518,-0.1618,-0.1718,-0.1818,-0.1918,-0.2018,-0.2118,-0.2218,-0.2318,-0.2418,-0.2518,-0.2618,-0.2718,-0.2818,-0.2918,-0.3018,-0.3118,-0.3218,-0.3318,-0.3418,-0.3518,-0.3618,-0.3718,-0.3818,-0.3918,-0.4018,-0.4118,-0.4218,-0.4318,-0.4418,-0.4518,-0.4618,-0.4718,-0.4818,-0.4918,-0.5018,-0.5118,-0.5218,-0.5318,-0.5418,-0.5518,-0.5618,-0.5718,-0.5818,-0.5918,-0.6018,-0.6118,-0.6218,-0.6318,-0.6418,-0.6518,-0.6618,-0.6718,-0.6818,-0.6918,-0.7018,-0.7118,-0.7218,-0.7318,-0.7418,-0.7518,-0.7618,-0.7718,-0.7818,-0.7918,0.004434,-0.005566,-0.01557,-0.02557,-0.03557,-0.04557,-0.05557,-0.06557,-0.07557,-0.08557,-0.09557,-0.1056,-0.1156,-0.1256,-0.1356,-0.1456,-0.1556,-0.1656,-0.1756,-0.1856,-0.1956,-0.2056,-0.2156,-0.2256,-0.2356,-0.2456,-0.2556,-0.2656,-0.2756,-0.2856,-0.2956,-0.3056,-0.3156,-0.3256,-0.3356,-0.3456,-0.3556,-0.3656,-0.3756,-0.3856,-0.3956,-0.4056,-0.4156,-0.4256,-0.4356,-0.4456,-0.4556,-0.4656,-0.4756,-0.4856,-0.4956,-0.5056,-0.5156,-0.5256,-0.5356,-0.5456,-0.5556,-0.5656,-0.5756,-0.5856,-0.5956,-0.6056,-0.6156,-0.6256,-0.6356,-0.6456,-0.6556,-0.6656,-0.6756,-0.6856,-0.6956,-0.7056,-0.7156,-0.7256,-0.7356,-0.7456,-0.7556,-0.7656,-0.7756,-0.7856,-0.7956
pgm,0.01262,0.01565,0.01935,0.02385,0.02932,0.0359,0.04379,0.05317,0.06421,0.07707,0.09189,0.1087,0.1277,0.1486,0.1715,0.1962,0.2224,0.2498,0.2782,0.3071,0.3364,0.3656,0.3946,0.423,0.4507,0.4775,0.5034,0.5282,0.5519,0.5746,0.5962,0.6167,0.6363,0.655,0.6729,0.69,0.7064,0.7221,0.7372,0.7519,0.766,0.7797,0.793,0.806,0.8186,0.831,0.8431,0.8549,0.8665,0.8779,0.8892,0.9002,0.911,0.9217,0.9322,0.9425,0.9527,0.9628,0.9727,0.9824,0.992,1.001,1.011,1.02,1.029,1.038,1.047,1.055,1.064,1.072,1.081,1.089,1.097,1.104,1.112,1.12,1.127,1.135,1.142,1.149,1.156,0.0104,0.01279,0.01566,0.01907,0.02311,0.02782,0.03324,0.03942,0.04636,0.05404,0.06244,0.07148,0.08108,0.09116,0.1016,0.1123,0.1231,0.134,0.1448,0.1555,0.1661,0.1763,0.1863,0.196,0.2054,0.2144,0.2231,0.2316,0.2397,0.2476,0.2553,0.2627,0.2699,0.2769,0.2837,0.2904,0.2969,0.3033,0.3096,0.3159,0.322,0.328,0.3339,0.3398,0.3457,0.3514,0.3571,0.3628,0.3684,0.3739,0.3795,0.3849,0.3903,0.3957,0.401,0.4063,0.4116,0.4168,0.422,0.4271,0.4322,0.4372,0.4422,0.4472,0.4521,0.4569,0.4618,0.4666,0.4713,0.476,0.4807,0.4853,0.4899,0.4944,0.4989,0.5033,0.5077,0.5121,0.5164,0.5207,0.5249,0.007917,0.009706,0.01184,0.01435,0.01728,0.02065,0.02448,0.02877,0.0335,0.03866,0.0442,0.05007,0.05622,0.06257,0.06907,0.07564,0.08224,0.0888,0.09529,0.1017,0.1079,0.114,0.1199,0.1256,0.1311,0.1365,0.1417,0.1468,0.1517,0.1564,0.1611,0.1656,0.17,0.1744,0.1786,0.1828,0.1869,0.1909,0.1949,0.1989,0.2028,0.2067,0.2105,0.2143,0.2181,0.2219,0.2256,0.2293,0.233,0.2366,0.2403,0.2439,0.2475,0.251,0.2546,0.2581,0.2616,0.2651,0.2686,0.272,0.2755,0.2789,0.2822,0.2856,0.289,0.2923,0.2956,0.2988,0.3021,0.3053,0.3086,0.3117,0.3149,0.3181,0.3212,0.3243,0.3274,0.3304,0.3335,0.3365,0.3395,0.006665,0.008146,0.009897,0.01194,0.01431,0.01699,0.02001,0.02336,0.02701,0.03094,0.03511,0.03949,0.04402,0.04866,0.05337,0.0581,0.06281,0.06748,0.07207,0.07657,0.08096,0.08523,0.08939,0.09341,0.09732,0.1011,0.1048,0.1084,0.1119,0.1153,0.1186,0.1218,0.125,0.1282,0.1312,0.1343,0.1373,0.1402,0.1432,0.1461,0.1489,0.1518,0.1546,0.1574,0.1602,0.163,0.1658,0.1686,0.1713,0.174,0.1767,0.1794,0.1821,0.1848,0.1875,0.1901,0.1927,0.1954,0.198,0.2006,0.2032,0.2057,0.2083,0.2108,0.2134,0.2159,0.2184,0.2209,0.2234,0.2259,0.2283,0.2307,0.2332,0.2356,0.238,0.2404,0.2427,0.2451,0.2474,0.2498,0.2521,0.005835,0.007113,0.008614,0.01036,0.01235,0.0146,0.01711,0.01987,0.02285,0.02603,0.02938,0.03287,0.03646,0.04012,0.0438,0.04748,0.05114,0.05475,0.05829,0.06176,0.06513,0.06842,0.07161,0.07471,0.07772,0.08064,0.08349,0.08626,0.08896,0.0916,0.09419,0.09672,0.09921,0.1017,0.1041,0.1065,0.1088,0.1112,0.1135,0.1158,0.1181,0.1203,0.1226,0.1248,0.127,0.1292,0.1314,0.1336,0.1358,0.138,0.1402,0.1423,0.1445,0.1466,0.1487,0.1509,0.153,0.1551,0.1572,0.1593,0.1614,0.1634,0.1655,0.1675,0.1696,0.1716,0.1736,0.1757,0.1777,0.1797,0.1816,0.1836,0.1856,0.1875,0.1895,0.1914,0.1934,0.1953,0.1972,0.1991,0.201,0.005206,0.006331,0.007647,0.009165,0.01089,0.01283,0.01498,0.01733,0.01984,0.02252,0.02532,0.02822,0.03119,0.0342,0.03722,0.04023,0.04322,0.04615,0.04903,0.05184,0.05458,0.05725,0.05984,0.06235,0.0648,0.06718,0.06949,0.07175,0.07396,0.07612,0.07823,0.08031,0.08236,0.08438,0.08637,0.08833,0.09028,0.09221,0.09412,0.09602,0.09791,0.09978,0.1016,0.1035,0.1054,0.1072,0.109,0.1109,0.1127,0.1145,0.1163,0.1181,0.1199,0.1217,0.1234,0.1252,0.127,0.1287,0.1305,0.1322,0.134,0.1357,0.1374,0.1392,0.1409,0.1426,0.1443,0.146,0.1477,0.1493,0.151,0.1527,0.1543,0.156,0.1576,0.1593,0.1609,0.1625,0.1641,0.1657,0.1673,0.004697,0.005702,0.006873,0.008218,0.009743,0.01145,0.01332,0.01536,0.01754,0.01984,0.02225,0.02473,0.02726,0.02981,0.03237,0.03492,0.03744,0.03991,0.04233,0.0447,0.047,0.04924,0.05142,0.05353,0.05559,0.0576,0.05955,0.06146,0.06332,0.06515,0.06694,0.06871,0.07044,0.07216,0.07385,0.07552,0.07718,0.07882,0.08046,0.08208,0.08369,0.08529,0.08688,0.08847,0.09005,0.09163,0.0932,0.09476,0.09632,0.09787,0.09942,0.101,0.1025,0.104,0.1056,0.1071,0.1086,0.1101,0.1116,0.1131,0.1146,0.1161,0.1176,0.1191,0.1206,0.122,0.1235,0.125,0.1264,0.1279,0.1293,0.1307,0.1322,0.1336,0.135,0.1364,0.1378,0.1392,0.1406,0.142,0.1434
"abs(OP(""/PM1"" ""id""))",0.0005596,0.0007004,0.0008748,0.00109,0.001355,0.00168,0.002077,0.002561,0.003146,0.003851,0.004694,0.005696,0.006876,0.008256,0.009855,0.01169,0.01378,0.01614,0.01878,0.02171,0.02493,0.02844,0.03224,0.03633,0.0407,0.04534,0.05024,0.0554,0.0608,0.06644,0.07229,0.07836,0.08462,0.09108,0.09772,0.1045,0.1115,0.1187,0.126,0.1334,0.141,0.1487,0.1566,0.1646,0.1727,0.181,0.1893,0.1978,0.2064,0.2151,0.224,0.2329,0.242,0.2511,0.2604,0.2698,0.2793,0.2888,0.2985,0.3083,0.3182,0.3281,0.3382,0.3484,0.3586,0.3689,0.3794,0.3899,0.4005,0.4111,0.4219,0.4328,0.4437,0.4547,0.4658,0.4769,0.4882,0.4995,0.5109,0.5223,0.5338,0.0004719,0.0005875,0.0007292,0.0009024,0.001113,0.001367,0.001672,0.002034,0.002463,0.002964,0.003546,0.004215,0.004977,0.005838,0.006802,0.007871,0.009048,0.01033,0.01173,0.01323,0.01484,0.01655,0.01836,0.02028,0.02228,0.02438,0.02657,0.02884,0.0312,0.03364,0.03615,0.03874,0.0414,0.04414,0.04694,0.04981,0.05275,0.05575,0.05881,0.06194,0.06513,0.06838,0.07169,0.07506,0.07849,0.08197,0.08552,0.08911,0.09277,0.09648,0.1002,0.1041,0.1079,0.1119,0.1159,0.1199,0.124,0.1281,0.1323,0.1366,0.1409,0.1452,0.1496,0.1541,0.1586,0.1631,0.1677,0.1723,0.177,0.1818,0.1865,0.1914,0.1962,0.2012,0.2061,0.2111,0.2162,0.2213,0.2264,0.2316,0.2369,0.0003616,0.0004495,0.0005569,0.0006875,0.0008453,0.001035,0.00126,0.001526,0.001837,0.002197,0.002611,0.003082,0.003614,0.004207,0.004865,0.005589,0.006378,0.007234,0.008154,0.009139,0.01019,0.0113,0.01247,0.01369,0.01498,0.01632,0.01771,0.01915,0.02064,0.02218,0.02377,0.0254,0.02708,0.0288,0.03057,0.03237,0.03422,0.03611,0.03804,0.04001,0.04202,0.04407,0.04615,0.04828,0.05044,0.05264,0.05488,0.05715,0.05946,0.06181,0.06419,0.06662,0.06907,0.07156,0.07409,0.07666,0.07925,0.08189,0.08456,0.08726,0.09,0.09277,0.09557,0.09841,0.1013,0.1042,0.1071,0.1101,0.1131,0.1161,0.1192,0.1223,0.1255,0.1286,0.1318,0.135,0.1383,0.1416,0.1449,0.1483,0.1516,0.0003064,0.0003803,0.0004702,0.0005792,0.0007102,0.0008664,0.001051,0.001268,0.001519,0.001809,0.002139,0.002512,0.002929,0.003393,0.003903,0.00446,0.005065,0.005716,0.006414,0.007157,0.007945,0.008776,0.009649,0.01056,0.01152,0.01251,0.01354,0.01461,0.01571,0.01684,0.01801,0.01921,0.02045,0.02171,0.02301,0.02434,0.0257,0.02708,0.0285,0.02995,0.03142,0.03293,0.03446,0.03602,0.03761,0.03922,0.04087,0.04254,0.04424,0.04596,0.04772,0.0495,0.05131,0.05314,0.055,0.05689,0.0588,0.06075,0.06271,0.0647,0.06672,0.06877,0.07084,0.07293,0.07506,0.0772,0.07937,0.08157,0.08379,0.08604,0.08831,0.0906,0.09292,0.09527,0.09763,0.1,0.1024,0.1049,0.1073,0.1098,0.1123,0.0002698,0.0003344,0.0004128,0.0005075,0.0006208,0.0007554,0.0009137,0.001098,0.001312,0.001556,0.001833,0.002144,0.002491,0.002874,0.003293,0.00375,0.004243,0.004772,0.005338,0.005938,0.006572,0.00724,0.007941,0.008672,0.009434,0.01023,0.01105,0.0119,0.01277,0.01367,0.0146,0.01556,0.01654,0.01754,0.01857,0.01962,0.0207,0.0218,0.02292,0.02407,0.02524,0.02643,0.02765,0.02888,0.03014,0.03142,0.03273,0.03405,0.0354,0.03677,0.03816,0.03957,0.04101,0.04246,0.04394,0.04544,0.04695,0.0485,0.05006,0.05164,0.05324,0.05487,0.05651,0.05818,0.05986,0.06157,0.06329,0.06504,0.06681,0.06859,0.0704,0.07223,0.07407,0.07594,0.07782,0.07973,0.08165,0.0836,0.08556,0.08754,0.08954,0.0002419,0.0002994,0.0003691,0.000453,0.0005531,0.0006716,0.0008105,0.0009719,0.001158,0.001369,0.001608,0.001876,0.002173,0.0025,0.002857,0.003244,0.003662,0.004109,0.004585,0.005089,0.005621,0.00618,0.006766,0.007377,0.008013,0.008673,0.009356,0.01006,0.01079,0.01154,0.01231,0.01311,0.01392,0.01475,0.01561,0.01648,0.01737,0.01829,0.01922,0.02017,0.02114,0.02213,0.02313,0.02416,0.0252,0.02627,0.02735,0.02845,0.02956,0.0307,0.03185,0.03303,0.03422,0.03542,0.03665,0.03789,0.03915,0.04043,0.04173,0.04304,0.04437,0.04572,0.04709,0.04847,0.04987,0.05129,0.05272,0.05417,0.05564,0.05713,0.05863,0.06015,0.06168,0.06323,0.0648,0.06639,0.06799,0.0696,0.07124,0.07289,0.07455,0.0002191,0.000271,0.0003337,0.000409,0.0004987,0.0006045,0.0007282,0.0008715,0.001036,0.001223,0.001433,0.001668,0.001928,0.002213,0.002524,0.00286,0.003222,0.003609,0.00402,0.004455,0.004914,0.005395,0.005899,0.006423,0.006969,0.007535,0.008121,0.008726,0.00935,0.009992,0.01065,0.01133,0.01203,0.01274,0.01347,0.01422,0.01498,0.01576,0.01656,0.01737,0.0182,0.01904,0.0199,0.02078,0.02167,0.02258,0.02351,0.02445,0.0254,0.02637,0.02736,0.02836,0.02938,0.03041,0.03146,0.03252,0.0336,0.03469,0.0358,0.03693,0.03806,0.03922,0.04039,0.04157,0.04277,0.04398,0.04521,0.04645,0.04771,0.04898,0.05027,0.05157,0.05288,0.05421,0.05555,0.05691,0.05828,0.05967,0.06106,0.06248,0.0639
pgm_id,22.56,22.34,22.12,21.88,21.63,21.37,21.08,20.76,20.41,20.01,19.57,19.09,18.57,18,17.4,16.78,16.13,15.47,14.81,14.15,13.5,12.86,12.24,11.64,11.08,10.53,10.02,9.534,9.077,8.648,8.247,7.871,7.52,7.192,6.886,6.6,6.334,6.085,5.853,5.636,5.433,5.243,5.064,4.897,4.74,4.592,4.453,4.322,4.198,4.081,3.97,3.865,3.765,3.67,3.58,3.494,3.412,3.333,3.258,3.187,3.118,3.052,2.989,2.928,2.87,2.813,2.759,2.707,2.657,2.608,2.561,2.516,2.472,2.429,2.388,2.348,2.309,2.271,2.235,2.199,2.165,22.03,21.76,21.47,21.14,20.77,20.35,19.89,19.38,18.83,18.23,17.61,16.96,16.29,15.61,14.94,14.27,13.61,12.97,12.35,11.76,11.19,10.65,10.15,9.666,9.216,8.794,8.399,8.029,7.684,7.362,7.061,6.78,6.518,6.273,6.044,5.83,5.629,5.441,5.265,5.099,4.943,4.797,4.658,4.528,4.404,4.287,4.176,4.071,3.971,3.876,3.785,3.699,3.616,3.537,3.461,3.389,3.32,3.253,3.189,3.127,3.068,3.011,2.956,2.903,2.851,2.802,2.754,2.707,2.662,2.619,2.577,2.536,2.496,2.458,2.42,2.384,2.348,2.314,2.281,2.248,2.216,21.89,21.59,21.26,20.87,20.44,19.96,19.43,18.86,18.24,17.6,16.93,16.25,15.56,14.87,14.2,13.53,12.89,12.28,11.69,11.12,10.59,10.09,9.616,9.172,8.756,8.367,8.004,7.664,7.348,7.052,6.776,6.519,6.278,6.053,5.843,5.646,5.461,5.288,5.125,4.971,4.827,4.69,4.561,4.44,4.324,4.215,4.111,4.012,3.918,3.828,3.743,3.661,3.583,3.508,3.436,3.367,3.301,3.237,3.176,3.117,3.061,3.006,2.953,2.902,2.853,2.805,2.759,2.714,2.671,2.629,2.588,2.549,2.51,2.473,2.437,2.402,2.367,2.334,2.301,2.27,2.239,21.75,21.42,21.05,20.62,20.14,19.62,19.04,18.43,17.78,17.1,16.42,15.72,15.03,14.34,13.67,13.03,12.4,11.81,11.24,10.7,10.19,9.712,9.264,8.843,8.45,8.083,7.741,7.421,7.122,6.844,6.584,6.341,6.114,5.902,5.703,5.517,5.342,5.178,5.023,4.877,4.74,4.61,4.488,4.371,4.261,4.156,4.057,3.962,3.872,3.786,3.704,3.625,3.55,3.477,3.408,3.342,3.278,3.216,3.157,3.1,3.045,2.992,2.94,2.891,2.843,2.797,2.752,2.708,2.666,2.625,2.585,2.547,2.509,2.473,2.437,2.403,2.37,2.337,2.305,2.274,2.244,21.63,21.27,20.86,20.41,19.89,19.33,18.73,18.09,17.42,16.73,16.03,15.33,14.64,13.96,13.3,12.66,12.05,11.47,10.92,10.4,9.91,9.45,9.018,8.615,8.238,7.886,7.558,7.251,6.965,6.699,6.449,6.217,5.999,5.795,5.604,5.425,5.257,5.099,4.95,4.81,4.677,4.552,4.433,4.321,4.214,4.113,4.016,3.925,3.837,3.753,3.673,3.597,3.523,3.453,3.385,3.32,3.258,3.198,3.14,3.084,3.031,2.979,2.928,2.88,2.833,2.787,2.743,2.701,2.659,2.619,2.58,2.542,2.506,2.47,2.435,2.401,2.368,2.336,2.305,2.274,2.245,21.52,21.14,20.72,20.23,19.7,19.11,18.48,17.83,17.14,16.45,15.74,15.04,14.35,13.68,13.03,12.4,11.8,11.23,10.7,10.19,9.71,9.263,8.844,8.453,8.087,7.746,7.428,7.131,6.854,6.595,6.354,6.128,5.917,5.719,5.534,5.36,5.196,5.043,4.898,4.761,4.632,4.51,4.394,4.284,4.18,4.081,3.987,3.897,3.811,3.729,3.651,3.576,3.504,3.435,3.368,3.305,3.243,3.184,3.127,3.072,3.02,2.968,2.919,2.871,2.825,2.78,2.737,2.695,2.654,2.614,2.576,2.538,2.502,2.467,2.432,2.399,2.366,2.335,2.304,2.274,2.244,21.44,21.04,20.59,20.09,19.54,18.94,18.3,17.62,16.93,16.23,15.52,14.83,14.14,13.47,12.83,12.21,11.62,11.06,10.53,10.03,9.565,9.127,8.717,8.334,7.977,7.644,7.333,7.043,6.773,6.52,6.284,6.063,5.857,5.664,5.482,5.312,5.152,5.001,4.859,4.725,4.599,4.479,4.365,4.257,4.155,4.058,3.965,3.876,3.792,3.711,3.634,3.56,3.489,3.421,3.356,3.293,3.232,3.174,3.118,3.064,3.011,2.961,2.912,2.865,2.819,2.774,2.732,2.69,2.65,2.61,2.572,2.535,2.499,2.464,2.43,2.397,2.365,2.334,2.303,2.273,2.244
"OP(""/PM1"" ""rout"")",9558,7728,6275,5119,4195,3456,2863,2385,1999,1686,1432,1224,1054,913.9,798,701.7,621.3,553.7,496.6,448.2,406.8,371.3,340.6,313.9,290.6,270.2,252.1,236,221.7,208.8,197.2,186.8,177.2,168.5,160.5,153.2,146.4,140.2,134.3,128.9,123.8,119.1,114.7,110.5,106.5,102.8,99.31,95.98,92.83,89.83,86.98,84.26,81.67,79.19,76.83,74.57,72.4,70.33,68.34,66.43,64.6,62.83,61.14,59.5,57.93,56.41,54.95,53.54,52.18,50.87,49.6,48.38,47.19,46.04,44.93,43.86,42.82,41.81,40.84,39.89,38.98,13140,10760,8859,7335,6111,5125,4327,3680,3153,2722,2368,2075,1832,1629,1459,1315,1193,1088,998.6,920.9,853.2,794,742,695.8,654.8,618.1,585.2,555.4,528.4,503.8,481.3,460.6,441.6,423.9,407.6,392.4,378.2,365,352.5,340.8,329.8,319.4,309.5,300.2,291.3,282.9,274.9,267.2,259.9,252.9,246.2,239.8,233.7,227.7,222,216.6,211.3,206.2,201.3,196.6,192,187.6,183.3,179.2,175.2,171.3,167.5,163.9,160.3,156.9,153.5,150.3,147.1,144.1,141.1,138.2,135.3,132.6,129.9,127.3,124.8,19450,15970,13180,10950,9153,7707,6536,5586,4811,4176,3653,3220,2860,2558,2303,2088,1904,1746,1610,1491,1388,1297,1217,1145,1082,1025,973,926.3,883.8,844.9,809.3,776.6,746.3,718.3,692.2,667.9,645.2,624,604,585.2,567.5,550.7,534.8,519.8,505.5,491.8,478.9,466.5,454.6,443.3,432.4,422,412,402.4,393.1,384.2,375.7,367.4,359.4,351.6,344.2,336.9,329.9,323.2,316.6,310.2,304,298,292.1,286.5,280.9,275.6,270.3,265.2,260.3,255.4,250.7,246.1,241.6,237.2,232.9,25590,21050,17410,14500,12160,10270,8736,7492,6477,5644,4956,4386,3910,3511,3173,2886,2641,2429,2246,2087,1947,1824,1715,1618,1531,1453,1382,1318,1259,1206,1157,1111,1070,1031,994.5,960.7,929.2,899.6,871.8,845.6,820.8,797.5,775.3,754.3,734.3,715.3,697.2,679.9,663.3,647.5,632.3,617.8,603.8,590.4,577.5,565,553,541.5,530.3,519.5,509,498.9,489.1,479.7,470.5,461.5,452.9,444.5,436.3,428.3,420.6,413.1,405.7,398.6,391.6,384.8,378.2,371.7,365.4,359.2,353.2,31910,26280,21780,18170,15260,12920,11020,9476,8213,7176,6319,5608,5012,4512,4088,3727,3417,3150,2919,2717,2539,2382,2243,2119,2007,1907,1816,1733,1658,1589,1525,1467,1413,1362,1315,1272,1231,1192,1156,1122,1090,1060,1031,1004,977.6,952.9,929.3,906.8,885.3,864.8,845.1,826.2,808,790.6,773.8,757.7,742.1,727.1,712.6,698.6,685,671.9,659.3,647,635,623.5,612.3,601.4,590.8,580.5,570.5,560.7,551.2,542,532.9,524.1,515.6,507.2,499,491,483.2,38610,31830,26410,22060,18560,15730,13450,11580,10060,8805,7769,6907,6185,5577,5061,4622,4244,3918,3634,3386,3168,2976,2804,2651,2514,2390,2277,2175,2082,1996,1917,1844,1777,1714,1656,1602,1551,1503,1458,1416,1376,1338,1302,1268,1236,1205,1176,1148,1121,1095,1071,1047,1025,1003,982.1,962,942.7,924,906,888.6,871.8,855.6,839.9,824.6,809.8,795.5,781.6,768.1,755,742.3,729.9,717.8,706,694.6,683.4,672.6,661.9,651.6,641.5,631.6,621.9,45780,37770,31360,26210,22080,18740,16030,13830,12030,10540,9316,8293,7435,6712,6099,5575,5125,4735,4396,4099,3838,3607,3401,3217,3052,2903,2767,2644,2531,2428,2333,2245,2164,2088,2017,1952,1890,1832,1778,1726,1678,1632,1589,1548,1509,1471,1436,1402,1370,1339,1309,1281,1254,1227,1202,1178,1155,1132,1110,1090,1069,1050,1031,1012,994.6,977.4,960.7,944.4,928.7,913.3,898.4,883.9,869.8,856.1,842.7,829.7,816.9,804.5,792.4,780.5,769
pgmro,120.7,120.9,121.4,122.1,123,124.1,125.4,126.8,128.3,130,131.6,133.1,134.6,135.8,136.9,137.7,138.1,138.3,138.1,137.6,136.8,135.8,134.4,132.8,131,129,126.9,124.7,122.4,120,117.6,115.2,112.8,110.4,108,105.7,103.4,101.2,99.04,96.92,94.87,92.87,90.93,89.05,87.22,85.45,83.73,82.06,80.44,78.86,77.33,75.85,74.4,72.99,71.62,70.28,68.98,67.71,66.47,65.26,64.08,62.93,61.8,60.69,59.61,58.56,57.52,56.51,55.52,54.55,53.6,52.66,51.75,50.85,49.97,49.11,48.27,47.44,46.63,45.83,45.05,136.6,137.6,138.7,139.9,141.2,142.5,143.9,145.1,146.2,147.1,147.8,148.3,148.5,148.5,148.2,147.7,146.9,145.9,144.6,143.2,141.7,140,138.2,136.4,134.5,132.5,130.6,128.6,126.7,124.7,122.8,121,119.2,117.4,115.6,114,112.3,110.7,109.2,107.7,106.2,104.8,103.4,102,100.7,99.42,98.17,96.95,95.75,94.58,93.43,92.31,91.2,90.12,89.05,88,86.97,85.95,84.95,83.96,82.98,82.02,81.06,80.12,79.19,78.27,77.36,76.46,75.56,74.68,73.8,72.94,72.08,71.23,70.38,69.55,68.72,67.9,67.09,66.28,65.49,154,155,156,157.1,158.2,159.1,160,160.7,161.2,161.5,161.5,161.2,160.8,160,159.1,157.9,156.6,155.1,153.4,151.6,149.8,147.8,145.9,143.9,141.9,139.9,137.9,135.9,134,132.2,130.4,128.6,126.9,125.2,123.6,122.1,120.6,119.1,117.7,116.4,115.1,113.8,112.6,111.4,110.2,109.1,108,107,105.9,104.9,103.9,102.9,102,101,100.1,99.18,98.28,97.39,96.52,95.66,94.8,93.96,93.12,92.3,91.47,90.66,89.85,89.05,88.26,87.47,86.68,85.9,85.13,84.36,83.59,82.83,82.07,81.32,80.57,79.82,79.08,170.6,171.5,172.3,173.2,173.9,174.5,174.9,175,174.9,174.6,174,173.2,172.1,170.8,169.3,167.7,165.9,163.9,161.9,159.8,157.7,155.5,153.3,151.1,149,146.9,144.8,142.8,140.9,139,137.2,135.4,133.7,132.1,130.5,129,127.5,126.1,124.8,123.5,122.3,121.1,119.9,118.8,117.7,116.6,115.6,114.6,113.6,112.7,111.8,110.8,110,109.1,108.2,107.4,106.6,105.8,105,104.2,103.4,102.6,101.9,101.1,100.4,99.65,98.91,98.19,97.46,96.74,96.03,95.31,94.61,93.9,93.2,92.5,91.81,91.11,90.42,89.73,89.04,186.2,187,187.6,188.1,188.5,188.7,188.6,188.3,187.7,186.8,185.7,184.3,182.8,181,179.1,177,174.8,172.5,170.1,167.8,165.4,163,160.6,158.3,156,153.8,151.6,149.5,147.5,145.5,143.7,141.9,140.1,138.5,136.9,135.4,133.9,132.5,131.2,129.9,128.7,127.5,126.3,125.2,124.2,123.1,122.2,121.2,120.2,119.3,118.4,117.6,116.7,115.9,115.1,114.3,113.5,112.8,112,111.3,110.5,109.8,109.1,108.4,107.7,107,106.3,105.6,105,104.3,103.6,103,102.3,101.6,101,100.3,99.69,99.05,98.4,97.76,97.12,201,201.5,201.9,202.2,202.2,201.9,201.4,200.7,199.6,198.3,196.7,194.9,192.9,190.7,188.4,185.9,183.4,180.8,178.2,175.6,172.9,170.4,167.8,165.3,162.9,160.5,158.3,156.1,154,151.9,150,148.1,146.4,144.7,143,141.5,140,138.6,137.2,135.9,134.7,133.5,132.3,131.2,130.2,129.2,128.2,127.2,126.3,125.4,124.5,123.7,122.8,122,121.2,120.5,119.7,119,118.2,117.5,116.8,116.1,115.4,114.8,114.1,113.4,112.8,112.1,111.5,110.8,110.2,109.6,109,108.3,107.7,107.1,106.5,105.9,105.3,104.7,104.1,215,215.4,215.5,215.4,215.1,214.5,213.6,212.4,211,209.2,207.3,205,202.7,200.1,197.4,194.7,191.8,189,186.1,183.2,180.4,177.6,174.9,172.2,169.7,167.2,164.8,162.5,160.3,158.2,156.2,154.2,152.4,150.7,149,147.4,145.9,144.4,143,141.7,140.4,139.2,138.1,136.9,135.9,134.8,133.8,132.9,131.9,131,130.2,129.3,128.5,127.7,126.9,126.1,125.4,124.7,124,123.3,122.6,121.9,121.2,120.6,119.9,119.3,118.6,118,117.4,116.8,116.2,115.6,115,114.4,113.8,113.2,112.6,112,111.4,110.8,110.3
pidw,0.1119,0.1401,0.175,0.218,0.271,0.336,0.4155,0.5122,0.6293,0.7702,0.9388,1.139,1.375,1.651,1.971,2.338,2.757,3.229,3.757,4.342,4.985,5.687,6.448,7.265,8.139,9.068,10.05,11.08,12.16,13.29,14.46,15.67,16.92,18.22,19.54,20.91,22.3,23.73,25.19,26.68,28.2,29.74,31.32,32.92,34.54,36.19,37.86,39.56,41.28,43.03,44.8,46.59,48.4,50.23,52.08,53.96,55.85,57.77,59.7,61.66,63.63,65.63,67.64,69.67,71.72,73.79,75.87,77.97,80.09,82.23,84.38,86.55,88.74,90.94,93.15,95.39,97.63,99.89,102.2,104.5,106.8,0.09439,0.1175,0.1458,0.1805,0.2226,0.2734,0.3343,0.4068,0.4925,0.5928,0.7092,0.843,0.9954,1.168,1.36,1.574,1.81,2.067,2.346,2.646,2.968,3.31,3.673,4.055,4.456,4.876,5.314,5.769,6.24,6.727,7.23,7.748,8.281,8.828,9.388,9.962,10.55,11.15,11.76,12.39,13.03,13.68,14.34,15.01,15.7,16.39,17.1,17.82,18.55,19.3,20.05,20.81,21.59,22.38,23.17,23.98,24.8,25.63,26.46,27.31,28.17,29.04,29.92,30.81,31.71,32.62,33.54,34.47,35.4,36.35,37.31,38.27,39.25,40.23,41.23,42.23,43.24,44.26,45.29,46.33,47.37,0.07233,0.0899,0.1114,0.1375,0.1691,0.2069,0.252,0.3051,0.3673,0.4394,0.5222,0.6165,0.7227,0.8415,0.9731,1.118,1.276,1.447,1.631,1.828,2.037,2.259,2.493,2.739,2.995,3.263,3.541,3.83,4.128,4.436,4.754,5.08,5.416,5.761,6.113,6.475,6.845,7.222,7.608,8.002,8.404,8.813,9.231,9.655,10.09,10.53,10.98,11.43,11.89,12.36,12.84,13.32,13.81,14.31,14.82,15.33,15.85,16.38,16.91,17.45,18,18.55,19.11,19.68,20.26,20.84,21.43,22.02,22.62,23.23,23.84,24.46,25.09,25.72,26.36,27.01,27.66,28.32,28.98,29.65,30.33,0.06128,0.07605,0.09405,0.1158,0.142,0.1733,0.2102,0.2536,0.3039,0.3618,0.4278,0.5024,0.5858,0.6785,0.7805,0.892,1.013,1.143,1.283,1.431,1.589,1.755,1.93,2.113,2.303,2.502,2.708,2.921,3.141,3.368,3.602,3.843,4.09,4.343,4.602,4.868,5.139,5.417,5.7,5.989,6.284,6.585,6.892,7.204,7.521,7.845,8.173,8.508,8.848,9.193,9.544,9.9,10.26,10.63,11,11.38,11.76,12.15,12.54,12.94,13.34,13.75,14.17,14.59,15.01,15.44,15.87,16.31,16.76,17.21,17.66,18.12,18.58,19.05,19.53,20.01,20.49,20.98,21.47,21.97,22.47,0.05397,0.06688,0.08257,0.1015,0.1242,0.1511,0.1827,0.2197,0.2624,0.3112,0.3666,0.4288,0.4982,0.5747,0.6586,0.7499,0.8486,0.9545,1.068,1.188,1.314,1.448,1.588,1.734,1.887,2.045,2.209,2.379,2.554,2.735,2.921,3.112,3.308,3.509,3.714,3.925,4.14,4.36,4.585,4.814,5.048,5.286,5.529,5.776,6.028,6.285,6.545,6.81,7.08,7.354,7.632,7.914,8.201,8.492,8.787,9.087,9.391,9.699,10.01,10.33,10.65,10.97,11.3,11.64,11.97,12.31,12.66,13.01,13.36,13.72,14.08,14.45,14.81,15.19,15.56,15.95,16.33,16.72,17.11,17.51,17.91,0.04838,0.05988,0.07383,0.0906,0.1106,0.1343,0.1621,0.1944,0.2315,0.2739,0.3217,0.3752,0.4346,0.5,0.5714,0.6489,0.7323,0.8217,0.9169,1.018,1.124,1.236,1.353,1.475,1.603,1.735,1.871,2.012,2.158,2.308,2.463,2.621,2.784,2.951,3.121,3.296,3.475,3.657,3.843,4.034,4.228,4.425,4.627,4.832,5.041,5.253,5.469,5.689,5.913,6.14,6.371,6.605,6.843,7.085,7.33,7.578,7.831,8.086,8.346,8.608,8.875,9.144,9.417,9.694,9.974,10.26,10.54,10.83,11.13,11.43,11.73,12.03,12.34,12.65,12.96,13.28,13.6,13.92,14.25,14.58,14.91,0.04382,0.0542,0.06674,0.08181,0.09974,0.1209,0.1456,0.1743,0.2072,0.2445,0.2866,0.3336,0.3856,0.4426,0.5048,0.5721,0.6445,0.7218,0.8041,0.8911,0.9828,1.079,1.18,1.285,1.394,1.507,1.624,1.745,1.87,1.998,2.131,2.266,2.405,2.548,2.694,2.843,2.996,3.152,3.311,3.474,3.64,3.809,3.981,4.156,4.335,4.516,4.701,4.889,5.08,5.274,5.472,5.672,5.876,6.082,6.292,6.504,6.72,6.939,7.16,7.385,7.613,7.844,8.077,8.314,8.554,8.796,9.042,9.29,9.542,9.796,10.05,10.31,10.58,10.84,11.11,11.38,11.66,11.93,12.21,12.5,12.78
pcgg,9.406E-12,9.486E-12,9.584E-12,9.701E-12,9.839E-12,9.997E-12,1.017E-11,1.036E-11,1.056E-11,1.077E-11,1.097E-11,1.115E-11,1.133E-11,1.148E-11,1.162E-11,1.173E-11,1.183E-11,1.191E-11,1.197E-11,1.202E-11,1.206E-11,1.21E-11,1.212E-11,1.214E-11,1.216E-11,1.217E-11,1.218E-11,1.219E-11,1.219E-11,1.22E-11,1.22E-11,1.22E-11,1.22E-11,1.221E-11,1.221E-11,1.221E-11,1.221E-11,1.221E-11,1.221E-11,1.221E-11,1.221E-11,1.221E-11,1.221E-11,1.221E-11,1.221E-11,1.221E-11,1.221E-11,1.221E-11,1.221E-11,1.221E-11,1.221E-11,1.221E-11,1.221E-11,1.221E-11,1.221E-11,1.221E-11,1.221E-11,1.221E-11,1.221E-11,1.221E-11,1.221E-11,1.22E-11,1.22E-11,1.22E-11,1.22E-11,1.22E-11,1.22E-11,1.22E-11,1.22E-11,1.22E-11,1.22E-11,1.22E-11,1.22E-11,1.22E-11,1.22E-11,1.22E-11,1.22E-11,1.22E-11,1.22E-11,1.22E-11,1.22E-11,1.281E-11,1.32E-11,1.363E-11,1.41E-11,1.459E-11,1.508E-11,1.556E-11,1.602E-11,1.643E-11,1.68E-11,1.711E-11,1.738E-11,1.76E-11,1.779E-11,1.793E-11,1.805E-11,1.814E-11,1.822E-11,1.827E-11,1.832E-11,1.835E-11,1.838E-11,1.84E-11,1.841E-11,1.842E-11,1.843E-11,1.844E-11,1.845E-11,1.845E-11,1.845E-11,1.845E-11,1.846E-11,1.846E-11,1.846E-11,1.846E-11,1.846E-11,1.846E-11,1.846E-11,1.846E-11,1.846E-11,1.846E-11,1.845E-11,1.845E-11,1.845E-11,1.845E-11,1.845E-11,1.845E-11,1.845E-11,1.845E-11,1.845E-11,1.845E-11,1.845E-11,1.845E-11,1.845E-11,1.845E-11,1.845E-11,1.845E-11,1.845E-11,1.845E-11,1.845E-11,1.845E-11,1.845E-11,1.844E-11,1.844E-11,1.844E-11,1.844E-11,1.844E-11,1.844E-11,1.844E-11,1.844E-11,1.844E-11,1.844E-11,1.844E-11,1.844E-11,1.844E-11,1.844E-11,1.844E-11,1.844E-11,1.844E-11,1.844E-11,1.844E-11,1.653E-11,1.724E-11,1.799E-11,1.876E-11,1.954E-11,2.029E-11,2.099E-11,2.162E-11,2.218E-11,2.265E-11,2.305E-11,2.338E-11,2.365E-11,2.387E-11,2.404E-11,2.418E-11,2.428E-11,2.437E-11,2.443E-11,2.448E-11,2.452E-11,2.455E-11,2.457E-11,2.458E-11,2.46E-11,2.461E-11,2.461E-11,2.462E-11,2.462E-11,2.463E-11,2.463E-11,2.463E-11,2.463E-11,2.463E-11,2.463E-11,2.463E-11,2.463E-11,2.463E-11,2.463E-11,2.463E-11,2.463E-11,2.462E-11,2.462E-11,2.462E-11,2.462E-11,2.462E-11,2.462E-11,2.462E-11,2.462E-11,2.462E-11,2.462E-11,2.462E-11,2.462E-11,2.461E-11,2.461E-11,2.461E-11,2.461E-11,2.461E-11,2.461E-11,2.461E-11,2.461E-11,2.461E-11,2.461E-11,2.461E-11,2.461E-11,2.461E-11,2.461E-11,2.46E-11,2.46E-11,2.46E-11,2.46E-11,2.46E-11,2.46E-11,2.46E-11,2.46E-11,2.46E-11,2.46E-11,2.46E-11,2.46E-11,2.46E-11,2.46E-11,2.061E-11,2.163E-11,2.268E-11,2.374E-11,2.477E-11,2.573E-11,2.66E-11,2.736E-11,2.802E-11,2.858E-11,2.903E-11,2.941E-11,2.971E-11,2.994E-11,3.013E-11,3.028E-11,3.039E-11,3.048E-11,3.055E-11,3.06E-11,3.064E-11,3.067E-11,3.07E-11,3.072E-11,3.073E-11,3.074E-11,3.075E-11,3.075E-11,3.075E-11,3.076E-11,3.076E-11,3.076E-11,3.076E-11,3.076E-11,3.076E-11,3.076E-11,3.076E-11,3.076E-11,3.076E-11,3.075E-11,3.075E-11,3.075E-11,3.075E-11,3.075E-11,3.075E-11,3.075E-11,3.075E-11,3.075E-11,3.074E-11,3.074E-11,3.074E-11,3.074E-11,3.074E-11,3.074E-11,3.074E-11,3.074E-11,3.074E-11,3.073E-11,3.073E-11,3.073E-11,3.073E-11,3.073E-11,3.073E-11,3.073E-11,3.073E-11,3.073E-11,3.073E-11,3.072E-11,3.072E-11,3.072E-11,3.072E-11,3.072E-11,3.072E-11,3.072E-11,3.072E-11,3.072E-11,3.072E-11,3.072E-11,3.072E-11,3.072E-11,3.071E-11,2.489E-11,2.622E-11,2.756E-11,2.888E-11,3.012E-11,3.126E-11,3.227E-11,3.315E-11,3.389E-11,3.451E-11,3.501E-11,3.542E-11,3.574E-11,3.6E-11,3.62E-11,3.636E-11,3.648E-11,3.657E-11,3.665E-11,3.67E-11,3.674E-11,3.678E-11,3.68E-11,3.682E-11,3.683E-11,3.684E-11,3.685E-11,3.685E-11,3.686E-11,3.686E-11,3.686E-11,3.686E-11,3.686E-11,3.686E-11,3.686E-11,3.686E-11,3.686E-11,3.686E-11,3.686E-11,3.685E-11,3.685E-11,3.685E-11,3.685E-11,3.685E-11,3.685E-11,3.685E-11,3.684E-11,3.684E-11,3.684E-11,3.684E-11,3.684E-11,3.684E-11,3.684E-11,3.683E-11,3.683E-11,3.683E-11,3.683E-11,3.683E-11,3.683E-11,3.683E-11,3.683E-11,3.682E-11,3.682E-11,3.682E-11,3.682E-11,3.682E-11,3.682E-11,3.682E-11,3.682E-11,3.681E-11,3.681E-11,3.681E-11,3.681E-11,3.681E-11,3.681E-11,3.681E-11,3.681E-11,3.681E-11,3.681E-11,3.68E-11,3.68E-11,2.929E-11,3.09E-11,3.252E-11,3.407E-11,3.551E-11,3.681E-11,3.795E-11,3.893E-11,3.975E-11,4.042E-11,4.097E-11,4.141E-11,4.176E-11,4.203E-11,4.225E-11,4.242E-11,4.254E-11,4.264E-11,4.272E-11,4.278E-11,4.282E-11,4.286E-11,4.288E-11,4.29E-11,4.292E-11,4.293E-11,4.293E-11,4.294E-11,4.294E-11,4.294E-11,4.295E-11,4.295E-11,4.294E-11,4.294E-11,4.294E-11,4.294E-11,4.294E-11,4.294E-11,4.294E-11,4.294E-11,4.293E-11,4.293E-11,4.293E-11,4.293E-11,4.293E-11,4.292E-11,4.292E-11,4.292E-11,4.292E-11,4.292E-11,4.292E-11,4.291E-11,4.291E-11,4.291E-11,4.291E-11,4.291E-11,4.291E-11,4.29E-11,4.29E-11,4.29E-11,4.29E-11,4.29E-11,4.29E-11,4.289E-11,4.289E-11,4.289E-11,4.289E-11,4.289E-11,4.289E-11,4.289E-11,4.289E-11,4.288E-11,4.288E-11,4.288E-11,4.288E-11,4.288E-11,4.288E-11,4.288E-11,4.288E-11,4.287E-11,4.287E-11,3.373E-11,3.563E-11,3.75E-11,3.927E-11,4.09E-11,4.236E-11,4.362E-11,4.47E-11,4.559E-11,4.632E-11,4.691E-11,4.738E-11,4.776E-11,4.805E-11,4.828E-11,4.846E-11,4.859E-11,4.87E-11,4.878E-11,4.884E-11,4.889E-11,4.892E-11,4.895E-11,4.897E-11,4.898E-11,4.899E-11,4.9E-11,4.901E-11,4.901E-11,4.901E-11,4.901E-11,4.901E-11,4.901E-11,4.901E-11,4.901E-11,4.901E-11,4.901E-11,4.9E-11,4.9E-11,4.9E-11,4.9E-11,4.9E-11,4.899E-11,4.899E-11,4.899E-11,4.899E-11,4.898E-11,4.898E-11,4.898E-11,4.898E-11,4.898E-11,4.897E-11,4.897E-11,4.897E-11,4.897E-11,4.897E-11,4.896E-11,4.896E-11,4.896E-11,4.896E-11,4.896E-11,4.896E-11,4.895E-11,4.895E-11,4.895E-11,4.895E-11,4.895E-11,4.895E-11,4.894E-11,4.894E-11,4.894E-11,4.894E-11,4.894E-11,4.894E-11,4.894E-11,4.893E-11,4.893E-11,4.893E-11,4.893E-11,4.893E-11,4.893E-11
pcgd,3.908E-12,3.908E-12,3.908E-12,3.908E-12,3.908E-12,3.908E-12,3.908E-12,3.907E-12,3.907E-12,3.907E-12,3.907E-12,3.907E-12,3.906E-12,3.906E-12,3.906E-12,3.906E-12,3.906E-12,3.906E-12,3.906E-12,3.906E-12,3.906E-12,3.906E-12,3.906E-12,3.906E-12,3.905E-12,3.905E-12,3.905E-12,3.905E-12,3.905E-12,3.905E-12,3.905E-12,3.905E-12,3.905E-12,3.905E-12,3.905E-12,3.905E-12,3.905E-12,3.905E-12,3.905E-12,3.905E-12,3.905E-12,3.905E-12,3.905E-12,3.905E-12,3.905E-12,3.906E-12,3.906E-12,3.906E-12,3.906E-12,3.906E-12,3.906E-12,3.906E-12,3.906E-12,3.906E-12,3.906E-12,3.906E-12,3.906E-12,3.906E-12,3.906E-12,3.906E-12,3.906E-12,3.906E-12,3.906E-12,3.906E-12,3.906E-12,3.906E-12,3.906E-12,3.906E-12,3.906E-12,3.906E-12,3.906E-12,3.906E-12,3.906E-12,3.906E-12,3.906E-12,3.906E-12,3.906E-12,3.906E-12,3.906E-12,3.906E-12,3.906E-12,3.905E-12,3.904E-12,3.904E-12,3.904E-12,3.903E-12,3.902E-12,3.902E-12,3.902E-12,3.901E-12,3.901E-12,3.9E-12,3.9E-12,3.9E-12,3.9E-12,3.9E-12,3.899E-12,3.899E-12,3.899E-12,3.899E-12,3.899E-12,3.899E-12,3.899E-12,3.899E-12,3.899E-12,3.899E-12,3.899E-12,3.899E-12,3.899E-12,3.899E-12,3.899E-12,3.899E-12,3.899E-12,3.899E-12,3.899E-12,3.899E-12,3.899E-12,3.899E-12,3.899E-12,3.899E-12,3.899E-12,3.899E-12,3.899E-12,3.899E-12,3.899E-12,3.899E-12,3.899E-12,3.899E-12,3.899E-12,3.899E-12,3.899E-12,3.899E-12,3.899E-12,3.899E-12,3.899E-12,3.899E-12,3.899E-12,3.899E-12,3.899E-12,3.899E-12,3.899E-12,3.899E-12,3.899E-12,3.899E-12,3.899E-12,3.899E-12,3.899E-12,3.899E-12,3.899E-12,3.9E-12,3.9E-12,3.9E-12,3.9E-12,3.9E-12,3.9E-12,3.9E-12,3.9E-12,3.9E-12,3.9E-12,3.9E-12,3.9E-12,3.9E-12,3.901E-12,3.9E-12,3.9E-12,3.899E-12,3.898E-12,3.897E-12,3.896E-12,3.896E-12,3.895E-12,3.895E-12,3.894E-12,3.894E-12,3.894E-12,3.893E-12,3.893E-12,3.893E-12,3.893E-12,3.893E-12,3.893E-12,3.893E-12,3.893E-12,3.893E-12,3.893E-12,3.893E-12,3.893E-12,3.893E-12,3.893E-12,3.893E-12,3.893E-12,3.893E-12,3.893E-12,3.893E-12,3.893E-12,3.893E-12,3.893E-12,3.893E-12,3.893E-12,3.893E-12,3.893E-12,3.893E-12,3.893E-12,3.893E-12,3.893E-12,3.893E-12,3.893E-12,3.893E-12,3.893E-12,3.893E-12,3.893E-12,3.893E-12,3.893E-12,3.893E-12,3.893E-12,3.893E-12,3.893E-12,3.893E-12,3.893E-12,3.893E-12,3.893E-12,3.893E-12,3.893E-12,3.893E-12,3.893E-12,3.893E-12,3.893E-12,3.893E-12,3.894E-12,3.894E-12,3.894E-12,3.894E-12,3.894E-12,3.894E-12,3.894E-12,3.894E-12,3.894E-12,3.894E-12,3.894E-12,3.894E-12,3.894E-12,3.894E-12,3.894E-12,3.897E-12,3.896E-12,3.895E-12,3.894E-12,3.892E-12,3.891E-12,3.891E-12,3.89E-12,3.889E-12,3.889E-12,3.888E-12,3.888E-12,3.887E-12,3.887E-12,3.887E-12,3.887E-12,3.887E-12,3.887E-12,3.887E-12,3.887E-12,3.886E-12,3.886E-12,3.886E-12,3.886E-12,3.886E-12,3.886E-12,3.886E-12,3.886E-12,3.887E-12,3.887E-12,3.887E-12,3.887E-12,3.887E-12,3.887E-12,3.887E-12,3.887E-12,3.887E-12,3.887E-12,3.887E-12,3.887E-12,3.887E-12,3.887E-12,3.887E-12,3.887E-12,3.887E-12,3.887E-12,3.887E-12,3.887E-12,3.887E-12,3.887E-12,3.887E-12,3.887E-12,3.887E-12,3.887E-12,3.887E-12,3.887E-12,3.887E-12,3.887E-12,3.887E-12,3.887E-12,3.887E-12,3.887E-12,3.887E-12,3.887E-12,3.888E-12,3.888E-12,3.888E-12,3.888E-12,3.888E-12,3.888E-12,3.888E-12,3.888E-12,3.888E-12,3.888E-12,3.888E-12,3.888E-12,3.888E-12,3.888E-12,3.888E-12,3.888E-12,3.888E-12,3.892E-12,3.891E-12,3.89E-12,3.888E-12,3.887E-12,3.886E-12,3.885E-12,3.884E-12,3.883E-12,3.882E-12,3.882E-12,3.881E-12,3.881E-12,3.881E-12,3.881E-12,3.881E-12,3.88E-12,3.88E-12,3.88E-12,3.88E-12,3.88E-12,3.88E-12,3.88E-12,3.88E-12,3.88E-12,3.88E-12,3.88E-12,3.88E-12,3.88E-12,3.88E-12,3.88E-12,3.88E-12,3.88E-12,3.88E-12,3.88E-12,3.88E-12,3.881E-12,3.881E-12,3.881E-12,3.881E-12,3.881E-12,3.881E-12,3.881E-12,3.881E-12,3.881E-12,3.881E-12,3.881E-12,3.881E-12,3.881E-12,3.881E-12,3.881E-12,3.881E-12,3.881E-12,3.881E-12,3.881E-12,3.881E-12,3.881E-12,3.881E-12,3.881E-12,3.881E-12,3.881E-12,3.882E-12,3.882E-12,3.882E-12,3.882E-12,3.882E-12,3.882E-12,3.882E-12,3.882E-12,3.882E-12,3.882E-12,3.882E-12,3.882E-12,3.882E-12,3.882E-12,3.882E-12,3.882E-12,3.882E-12,3.883E-12,3.883E-12,3.883E-12,3.888E-12,3.886E-12,3.884E-12,3.883E-12,3.881E-12,3.88E-12,3.879E-12,3.878E-12,3.877E-12,3.876E-12,3.876E-12,3.875E-12,3.875E-12,3.875E-12,3.874E-12,3.874E-12,3.874E-12,3.874E-12,3.874E-12,3.874E-12,3.874E-12,3.874E-12,3.874E-12,3.874E-12,3.874E-12,3.874E-12,3.874E-12,3.874E-12,3.874E-12,3.874E-12,3.874E-12,3.874E-12,3.874E-12,3.874E-12,3.874E-12,3.874E-12,3.874E-12,3.874E-12,3.874E-12,3.875E-12,3.875E-12,3.875E-12,3.875E-12,3.875E-12,3.875E-12,3.875E-12,3.875E-12,3.875E-12,3.875E-12,3.875E-12,3.875E-12,3.875E-12,3.875E-12,3.875E-12,3.875E-12,3.875E-12,3.875E-12,3.875E-12,3.875E-12,3.876E-12,3.876E-12,3.876E-12,3.876E-12,3.876E-12,3.876E-12,3.876E-12,3.876E-12,3.876E-12,3.876E-12,3.876E-12,3.876E-12,3.876E-12,3.876E-12,3.877E-12,3.877E-12,3.877E-12,3.877E-12,3.877E-12,3.877E-12,3.877E-12,3.877E-12,3.883E-12,3.881E-12,3.879E-12,3.877E-12,3.876E-12,3.874E-12,3.873E-12,3.872E-12,3.871E-12,3.87E-12,3.87E-12,3.869E-12,3.869E-12,3.868E-12,3.868E-12,3.868E-12,3.868E-12,3.868E-12,3.868E-12,3.868E-12,3.868E-12,3.868E-12,3.868E-12,3.868E-12,3.868E-12,3.868E-12,3.868E-12,3.868E-12,3.868E-12,3.868E-12,3.868E-12,3.868E-12,3.868E-12,3.868E-12,3.868E-12,3.868E-12,3.868E-12,3.868E-12,3.868E-12,3.868E-12,3.868E-12,3.869E-12,3.869E-12,3.869E-12,3.869E-12,3.869E-12,3.869E-12,3.869E-12,3.869E-12,3.869E-12,3.869E-12,3.869E-12,3.869E-12,3.869E-12,3.869E-12,3.869E-12,3.869E-12,3.87E-12,3.87E-12,3.87E-12,3.87E-12,3.87E-12,3.87E-12,3.87E-12,3.87E-12,3.87E-12,3.87E-12,3.87E-12,3.87E-12,3.871E-12,3.871E-12,3.871E-12,3.871E-12,3.871E-12,3.871E-12,3.871E-12,3.871E-12,3.871E-12,3.871E-12,3.872E-12,3.872E-12
pcdg,4.088E-12,4.133E-12,4.188E-12,4.253E-12,4.329E-12,4.415E-12,4.511E-12,4.615E-12,4.723E-12,4.832E-12,4.939E-12,5.041E-12,5.134E-12,5.217E-12,5.29E-12,5.352E-12,5.404E-12,5.446E-12,5.481E-12,5.509E-12,5.531E-12,5.549E-12,5.563E-12,5.573E-12,5.582E-12,5.589E-12,5.594E-12,5.598E-12,5.601E-12,5.603E-12,5.605E-12,5.607E-12,5.608E-12,5.609E-12,5.609E-12,5.61E-12,5.61E-12,5.611E-12,5.611E-12,5.611E-12,5.611E-12,5.611E-12,5.611E-12,5.611E-12,5.612E-12,5.612E-12,5.612E-12,5.612E-12,5.612E-12,5.612E-12,5.612E-12,5.612E-12,5.612E-12,5.612E-12,5.612E-12,5.612E-12,5.612E-12,5.612E-12,5.612E-12,5.612E-12,5.612E-12,5.612E-12,5.612E-12,5.612E-12,5.612E-12,5.612E-12,5.612E-12,5.612E-12,5.612E-12,5.612E-12,5.612E-12,5.612E-12,5.612E-12,5.612E-12,5.612E-12,5.612E-12,5.612E-12,5.612E-12,5.612E-12,5.612E-12,5.612E-12,4.97E-12,5.191E-12,5.436E-12,5.699E-12,5.973E-12,6.249E-12,6.517E-12,6.769E-12,7E-12,7.204E-12,7.381E-12,7.53E-12,7.654E-12,7.755E-12,7.837E-12,7.903E-12,7.955E-12,7.996E-12,8.028E-12,8.053E-12,8.072E-12,8.087E-12,8.099E-12,8.108E-12,8.115E-12,8.121E-12,8.125E-12,8.128E-12,8.13E-12,8.132E-12,8.134E-12,8.135E-12,8.136E-12,8.137E-12,8.137E-12,8.137E-12,8.138E-12,8.138E-12,8.138E-12,8.138E-12,8.139E-12,8.139E-12,8.139E-12,8.139E-12,8.139E-12,8.139E-12,8.139E-12,8.139E-12,8.139E-12,8.139E-12,8.139E-12,8.139E-12,8.139E-12,8.139E-12,8.139E-12,8.139E-12,8.139E-12,8.139E-12,8.139E-12,8.139E-12,8.139E-12,8.139E-12,8.139E-12,8.139E-12,8.139E-12,8.139E-12,8.139E-12,8.139E-12,8.139E-12,8.139E-12,8.139E-12,8.139E-12,8.139E-12,8.139E-12,8.139E-12,8.139E-12,8.139E-12,8.139E-12,8.139E-12,8.139E-12,8.139E-12,6.058E-12,6.46E-12,6.888E-12,7.33E-12,7.771E-12,8.195E-12,8.591E-12,8.948E-12,9.263E-12,9.533E-12,9.759E-12,9.946E-12,1.01E-11,1.022E-11,1.032E-11,1.04E-11,1.046E-11,1.05E-11,1.054E-11,1.057E-11,1.059E-11,1.061E-11,1.062E-11,1.063E-11,1.064E-11,1.065E-11,1.065E-11,1.065E-11,1.066E-11,1.066E-11,1.066E-11,1.066E-11,1.066E-11,1.066E-11,1.066E-11,1.066E-11,1.066E-11,1.067E-11,1.067E-11,1.067E-11,1.067E-11,1.067E-11,1.067E-11,1.067E-11,1.067E-11,1.067E-11,1.067E-11,1.067E-11,1.067E-11,1.067E-11,1.067E-11,1.067E-11,1.067E-11,1.067E-11,1.067E-11,1.067E-11,1.067E-11,1.067E-11,1.067E-11,1.067E-11,1.067E-11,1.067E-11,1.067E-11,1.067E-11,1.067E-11,1.067E-11,1.067E-11,1.067E-11,1.067E-11,1.067E-11,1.067E-11,1.067E-11,1.067E-11,1.067E-11,1.067E-11,1.067E-11,1.067E-11,1.067E-11,1.067E-11,1.067E-11,1.067E-11,7.361E-12,7.948E-12,8.555E-12,9.162E-12,9.749E-12,1.03E-11,1.079E-11,1.123E-11,1.161E-11,1.192E-11,1.219E-11,1.24E-11,1.257E-11,1.271E-11,1.281E-11,1.29E-11,1.297E-11,1.302E-11,1.306E-11,1.309E-11,1.311E-11,1.313E-11,1.315E-11,1.316E-11,1.316E-11,1.317E-11,1.318E-11,1.318E-11,1.318E-11,1.319E-11,1.319E-11,1.319E-11,1.319E-11,1.319E-11,1.319E-11,1.319E-11,1.319E-11,1.319E-11,1.319E-11,1.319E-11,1.319E-11,1.319E-11,1.319E-11,1.319E-11,1.319E-11,1.319E-11,1.319E-11,1.319E-11,1.319E-11,1.319E-11,1.319E-11,1.319E-11,1.319E-11,1.319E-11,1.319E-11,1.319E-11,1.319E-11,1.319E-11,1.319E-11,1.319E-11,1.319E-11,1.319E-11,1.319E-11,1.319E-11,1.319E-11,1.319E-11,1.319E-11,1.319E-11,1.319E-11,1.319E-11,1.319E-11,1.319E-11,1.319E-11,1.319E-11,1.319E-11,1.319E-11,1.319E-11,1.319E-11,1.319E-11,1.319E-11,1.319E-11,8.796E-12,9.563E-12,1.034E-11,1.11E-11,1.181E-11,1.247E-11,1.305E-11,1.356E-11,1.398E-11,1.434E-11,1.463E-11,1.486E-11,1.505E-11,1.52E-11,1.531E-11,1.541E-11,1.548E-11,1.553E-11,1.558E-11,1.561E-11,1.563E-11,1.565E-11,1.567E-11,1.568E-11,1.569E-11,1.57E-11,1.57E-11,1.571E-11,1.571E-11,1.571E-11,1.571E-11,1.572E-11,1.572E-11,1.572E-11,1.572E-11,1.572E-11,1.572E-11,1.572E-11,1.572E-11,1.572E-11,1.572E-11,1.572E-11,1.572E-11,1.572E-11,1.572E-11,1.572E-11,1.572E-11,1.572E-11,1.572E-11,1.572E-11,1.572E-11,1.572E-11,1.572E-11,1.572E-11,1.572E-11,1.572E-11,1.572E-11,1.572E-11,1.572E-11,1.572E-11,1.572E-11,1.572E-11,1.572E-11,1.572E-11,1.572E-11,1.572E-11,1.572E-11,1.572E-11,1.572E-11,1.572E-11,1.572E-11,1.572E-11,1.572E-11,1.572E-11,1.572E-11,1.572E-11,1.572E-11,1.572E-11,1.572E-11,1.572E-11,1.572E-11,1.03E-11,1.124E-11,1.218E-11,1.308E-11,1.391E-11,1.467E-11,1.533E-11,1.589E-11,1.636E-11,1.675E-11,1.707E-11,1.733E-11,1.753E-11,1.769E-11,1.781E-11,1.791E-11,1.799E-11,1.805E-11,1.809E-11,1.813E-11,1.816E-11,1.818E-11,1.819E-11,1.821E-11,1.822E-11,1.822E-11,1.823E-11,1.823E-11,1.824E-11,1.824E-11,1.824E-11,1.824E-11,1.824E-11,1.824E-11,1.825E-11,1.825E-11,1.825E-11,1.825E-11,1.825E-11,1.825E-11,1.825E-11,1.825E-11,1.825E-11,1.825E-11,1.825E-11,1.825E-11,1.825E-11,1.825E-11,1.825E-11,1.825E-11,1.825E-11,1.825E-11,1.825E-11,1.825E-11,1.825E-11,1.825E-11,1.825E-11,1.825E-11,1.825E-11,1.825E-11,1.825E-11,1.825E-11,1.825E-11,1.825E-11,1.825E-11,1.825E-11,1.825E-11,1.825E-11,1.825E-11,1.825E-11,1.825E-11,1.825E-11,1.825E-11,1.825E-11,1.825E-11,1.825E-11,1.825E-11,1.825E-11,1.825E-11,1.825E-11,1.825E-11,1.185E-11,1.296E-11,1.405E-11,1.508E-11,1.603E-11,1.687E-11,1.76E-11,1.823E-11,1.875E-11,1.917E-11,1.951E-11,1.979E-11,2.001E-11,2.018E-11,2.031E-11,2.042E-11,2.05E-11,2.056E-11,2.061E-11,2.065E-11,2.068E-11,2.07E-11,2.072E-11,2.073E-11,2.074E-11,2.075E-11,2.075E-11,2.076E-11,2.076E-11,2.077E-11,2.077E-11,2.077E-11,2.077E-11,2.077E-11,2.077E-11,2.077E-11,2.077E-11,2.077E-11,2.077E-11,2.077E-11,2.077E-11,2.077E-11,2.077E-11,2.077E-11,2.077E-11,2.077E-11,2.078E-11,2.078E-11,2.078E-11,2.078E-11,2.078E-11,2.078E-11,2.078E-11,2.078E-11,2.078E-11,2.078E-11,2.078E-11,2.078E-11,2.078E-11,2.078E-11,2.078E-11,2.078E-11,2.078E-11,2.078E-11,2.078E-11,2.078E-11,2.078E-11,2.078E-11,2.078E-11,2.078E-11,2.078E-11,2.078E-11,2.078E-11,2.078E-11,2.078E-11,2.078E-11,2.078E-11,2.078E-11,2.078E-11,2.078E-11,2.078E-11
pcdd,3.91E-12,3.91E-12,3.91E-12,3.91E-12,3.91E-12,3.909E-12,3.909E-12,3.909E-12,3.909E-12,3.909E-12,3.909E-12,3.909E-12,3.909E-12,3.909E-12,3.909E-12,3.908E-12,3.908E-12,3.908E-12,3.908E-12,3.908E-12,3.908E-12,3.908E-12,3.908E-12,3.908E-12,3.908E-12,3.908E-12,3.908E-12,3.908E-12,3.908E-12,3.908E-12,3.908E-12,3.908E-12,3.908E-12,3.908E-12,3.908E-12,3.908E-12,3.908E-12,3.908E-12,3.908E-12,3.908E-12,3.908E-12,3.908E-12,3.908E-12,3.908E-12,3.908E-12,3.908E-12,3.908E-12,3.908E-12,3.908E-12,3.908E-12,3.908E-12,3.908E-12,3.908E-12,3.908E-12,3.908E-12,3.908E-12,3.908E-12,3.908E-12,3.908E-12,3.908E-12,3.908E-12,3.908E-12,3.908E-12,3.908E-12,3.908E-12,3.908E-12,3.908E-12,3.908E-12,3.908E-12,3.908E-12,3.908E-12,3.908E-12,3.908E-12,3.908E-12,3.908E-12,3.908E-12,3.908E-12,3.908E-12,3.908E-12,3.908E-12,3.908E-12,3.909E-12,3.909E-12,3.908E-12,3.908E-12,3.908E-12,3.908E-12,3.907E-12,3.907E-12,3.907E-12,3.907E-12,3.906E-12,3.906E-12,3.906E-12,3.906E-12,3.906E-12,3.906E-12,3.906E-12,3.906E-12,3.906E-12,3.906E-12,3.906E-12,3.906E-12,3.906E-12,3.906E-12,3.906E-12,3.906E-12,3.906E-12,3.906E-12,3.906E-12,3.906E-12,3.906E-12,3.906E-12,3.906E-12,3.906E-12,3.906E-12,3.906E-12,3.906E-12,3.906E-12,3.906E-12,3.906E-12,3.906E-12,3.906E-12,3.906E-12,3.906E-12,3.906E-12,3.906E-12,3.906E-12,3.906E-12,3.906E-12,3.906E-12,3.906E-12,3.906E-12,3.906E-12,3.906E-12,3.906E-12,3.906E-12,3.906E-12,3.906E-12,3.906E-12,3.906E-12,3.906E-12,3.906E-12,3.906E-12,3.906E-12,3.906E-12,3.906E-12,3.906E-12,3.906E-12,3.906E-12,3.906E-12,3.906E-12,3.906E-12,3.906E-12,3.906E-12,3.906E-12,3.906E-12,3.906E-12,3.906E-12,3.906E-12,3.906E-12,3.906E-12,3.908E-12,3.907E-12,3.907E-12,3.906E-12,3.906E-12,3.906E-12,3.905E-12,3.905E-12,3.904E-12,3.904E-12,3.904E-12,3.904E-12,3.904E-12,3.903E-12,3.903E-12,3.903E-12,3.903E-12,3.903E-12,3.903E-12,3.903E-12,3.903E-12,3.903E-12,3.903E-12,3.903E-12,3.903E-12,3.903E-12,3.903E-12,3.903E-12,3.903E-12,3.903E-12,3.903E-12,3.903E-12,3.903E-12,3.903E-12,3.903E-12,3.903E-12,3.903E-12,3.903E-12,3.903E-12,3.903E-12,3.903E-12,3.903E-12,3.903E-12,3.903E-12,3.903E-12,3.903E-12,3.903E-12,3.903E-12,3.903E-12,3.903E-12,3.904E-12,3.904E-12,3.904E-12,3.904E-12,3.904E-12,3.904E-12,3.904E-12,3.904E-12,3.904E-12,3.904E-12,3.904E-12,3.904E-12,3.904E-12,3.904E-12,3.904E-12,3.904E-12,3.904E-12,3.904E-12,3.904E-12,3.904E-12,3.904E-12,3.904E-12,3.904E-12,3.904E-12,3.904E-12,3.904E-12,3.904E-12,3.904E-12,3.904E-12,3.904E-12,3.904E-12,3.906E-12,3.906E-12,3.905E-12,3.904E-12,3.904E-12,3.903E-12,3.903E-12,3.902E-12,3.902E-12,3.902E-12,3.901E-12,3.901E-12,3.901E-12,3.901E-12,3.901E-12,3.901E-12,3.901E-12,3.901E-12,3.901E-12,3.901E-12,3.901E-12,3.901E-12,3.901E-12,3.901E-12,3.901E-12,3.901E-12,3.901E-12,3.901E-12,3.901E-12,3.901E-12,3.901E-12,3.901E-12,3.901E-12,3.901E-12,3.901E-12,3.901E-12,3.901E-12,3.901E-12,3.901E-12,3.901E-12,3.901E-12,3.901E-12,3.901E-12,3.901E-12,3.901E-12,3.901E-12,3.901E-12,3.901E-12,3.901E-12,3.901E-12,3.901E-12,3.901E-12,3.901E-12,3.901E-12,3.901E-12,3.901E-12,3.901E-12,3.901E-12,3.901E-12,3.901E-12,3.901E-12,3.901E-12,3.901E-12,3.902E-12,3.902E-12,3.902E-12,3.902E-12,3.902E-12,3.902E-12,3.902E-12,3.902E-12,3.902E-12,3.902E-12,3.902E-12,3.902E-12,3.902E-12,3.902E-12,3.902E-12,3.902E-12,3.902E-12,3.902E-12,3.905E-12,3.904E-12,3.903E-12,3.902E-12,3.902E-12,3.901E-12,3.9E-12,3.9E-12,3.899E-12,3.899E-12,3.899E-12,3.899E-12,3.898E-12,3.898E-12,3.898E-12,3.898E-12,3.898E-12,3.898E-12,3.898E-12,3.898E-12,3.898E-12,3.898E-12,3.898E-12,3.898E-12,3.898E-12,3.898E-12,3.898E-12,3.898E-12,3.898E-12,3.898E-12,3.898E-12,3.898E-12,3.898E-12,3.898E-12,3.898E-12,3.898E-12,3.898E-12,3.898E-12,3.898E-12,3.898E-12,3.898E-12,3.898E-12,3.898E-12,3.898E-12,3.899E-12,3.899E-12,3.899E-12,3.899E-12,3.899E-12,3.899E-12,3.899E-12,3.899E-12,3.899E-12,3.899E-12,3.899E-12,3.899E-12,3.899E-12,3.899E-12,3.899E-12,3.899E-12,3.899E-12,3.899E-12,3.899E-12,3.899E-12,3.899E-12,3.899E-12,3.899E-12,3.899E-12,3.9E-12,3.9E-12,3.9E-12,3.9E-12,3.9E-12,3.9E-12,3.9E-12,3.9E-12,3.9E-12,3.9E-12,3.9E-12,3.9E-12,3.9E-12,3.903E-12,3.902E-12,3.901E-12,3.9E-12,3.9E-12,3.899E-12,3.898E-12,3.897E-12,3.897E-12,3.897E-12,3.896E-12,3.896E-12,3.896E-12,3.896E-12,3.896E-12,3.896E-12,3.895E-12,3.895E-12,3.895E-12,3.895E-12,3.895E-12,3.895E-12,3.895E-12,3.895E-12,3.895E-12,3.895E-12,3.895E-12,3.896E-12,3.896E-12,3.896E-12,3.896E-12,3.896E-12,3.896E-12,3.896E-12,3.896E-12,3.896E-12,3.896E-12,3.896E-12,3.896E-12,3.896E-12,3.896E-12,3.896E-12,3.896E-12,3.896E-12,3.896E-12,3.896E-12,3.896E-12,3.896E-12,3.896E-12,3.896E-12,3.896E-12,3.896E-12,3.896E-12,3.897E-12,3.897E-12,3.897E-12,3.897E-12,3.897E-12,3.897E-12,3.897E-12,3.897E-12,3.897E-12,3.897E-12,3.897E-12,3.897E-12,3.897E-12,3.897E-12,3.897E-12,3.897E-12,3.897E-12,3.897E-12,3.898E-12,3.898E-12,3.898E-12,3.898E-12,3.898E-12,3.898E-12,3.898E-12,3.898E-12,3.898E-12,3.898E-12,3.902E-12,3.901E-12,3.899E-12,3.898E-12,3.897E-12,3.896E-12,3.896E-12,3.895E-12,3.895E-12,3.894E-12,3.894E-12,3.894E-12,3.893E-12,3.893E-12,3.893E-12,3.893E-12,3.893E-12,3.893E-12,3.893E-12,3.893E-12,3.893E-12,3.893E-12,3.893E-12,3.893E-12,3.893E-12,3.893E-12,3.893E-12,3.893E-12,3.893E-12,3.893E-12,3.893E-12,3.893E-12,3.893E-12,3.893E-12,3.893E-12,3.893E-12,3.893E-12,3.893E-12,3.893E-12,3.893E-12,3.893E-12,3.894E-12,3.894E-12,3.894E-12,3.894E-12,3.894E-12,3.894E-12,3.894E-12,3.894E-12,3.894E-12,3.894E-12,3.894E-12,3.894E-12,3.894E-12,3.894E-12,3.894E-12,3.894E-12,3.894E-12,3.894E-12,3.895E-12,3.895E-12,3.895E-12,3.895E-12,3.895E-12,3.895E-12,3.895E-12,3.895E-12,3.895E-12,3.895E-12,3.895E-12,3.895E-12,3.895E-12,3.896E-12,3.896E-12,3.896E-12,3.896E-12,3.896E-12,3.896E-12,3.896E-12,3.896E-12,3.896E-12
pcgs,4.351E-12,4.462E-12,4.597E-12,4.757E-12,4.944E-12,5.156E-12,5.392E-12,5.646E-12,5.911E-12,6.179E-12,6.442E-12,6.69E-12,6.918E-12,7.122E-12,7.3E-12,7.452E-12,7.578E-12,7.683E-12,7.768E-12,7.836E-12,7.891E-12,7.934E-12,7.969E-12,7.996E-12,8.017E-12,8.034E-12,8.047E-12,8.058E-12,8.066E-12,8.073E-12,8.078E-12,8.083E-12,8.086E-12,8.089E-12,8.092E-12,8.094E-12,8.096E-12,8.098E-12,8.099E-12,8.1E-12,8.102E-12,8.103E-12,8.104E-12,8.105E-12,8.106E-12,8.107E-12,8.108E-12,8.109E-12,8.11E-12,8.111E-12,8.112E-12,8.113E-12,8.114E-12,8.115E-12,8.116E-12,8.117E-12,8.118E-12,8.118E-12,8.119E-12,8.12E-12,8.121E-12,8.122E-12,8.123E-12,8.124E-12,8.125E-12,8.126E-12,8.127E-12,8.128E-12,8.129E-12,8.13E-12,8.131E-12,8.131E-12,8.132E-12,8.133E-12,8.134E-12,8.135E-12,8.136E-12,8.137E-12,8.138E-12,8.139E-12,8.14E-12,6.469E-12,6.996E-12,7.579E-12,8.206E-12,8.859E-12,9.516E-12,1.015E-11,1.075E-11,1.13E-11,1.179E-11,1.221E-11,1.256E-11,1.286E-11,1.31E-11,1.33E-11,1.345E-11,1.358E-11,1.368E-11,1.375E-11,1.381E-11,1.386E-11,1.39E-11,1.393E-11,1.396E-11,1.397E-11,1.399E-11,1.4E-11,1.401E-11,1.402E-11,1.403E-11,1.403E-11,1.404E-11,1.405E-11,1.405E-11,1.405E-11,1.406E-11,1.406E-11,1.406E-11,1.407E-11,1.407E-11,1.407E-11,1.408E-11,1.408E-11,1.408E-11,1.409E-11,1.409E-11,1.409E-11,1.41E-11,1.41E-11,1.41E-11,1.41E-11,1.411E-11,1.411E-11,1.411E-11,1.412E-11,1.412E-11,1.412E-11,1.412E-11,1.413E-11,1.413E-11,1.413E-11,1.414E-11,1.414E-11,1.414E-11,1.415E-11,1.415E-11,1.415E-11,1.415E-11,1.416E-11,1.416E-11,1.416E-11,1.417E-11,1.417E-11,1.417E-11,1.417E-11,1.418E-11,1.418E-11,1.418E-11,1.419E-11,1.419E-11,1.419E-11,9.051E-12,9.999E-12,1.101E-11,1.205E-11,1.309E-11,1.409E-11,1.502E-11,1.586E-11,1.66E-11,1.723E-11,1.776E-11,1.821E-11,1.856E-11,1.885E-11,1.909E-11,1.927E-11,1.941E-11,1.953E-11,1.962E-11,1.969E-11,1.975E-11,1.979E-11,1.983E-11,1.985E-11,1.988E-11,1.99E-11,1.991E-11,1.992E-11,1.994E-11,1.995E-11,1.995E-11,1.996E-11,1.997E-11,1.998E-11,1.998E-11,1.999E-11,2E-11,2E-11,2.001E-11,2.001E-11,2.002E-11,2.002E-11,2.003E-11,2.003E-11,2.004E-11,2.004E-11,2.005E-11,2.005E-11,2.006E-11,2.006E-11,2.007E-11,2.007E-11,2.008E-11,2.008E-11,2.009E-11,2.009E-11,2.01E-11,2.01E-11,2.011E-11,2.011E-11,2.012E-11,2.013E-11,2.013E-11,2.014E-11,2.014E-11,2.015E-11,2.015E-11,2.016E-11,2.016E-11,2.017E-11,2.017E-11,2.018E-11,2.018E-11,2.019E-11,2.019E-11,2.02E-11,2.02E-11,2.021E-11,2.021E-11,2.022E-11,2.022E-11,1.211E-11,1.348E-11,1.49E-11,1.632E-11,1.769E-11,1.897E-11,2.013E-11,2.115E-11,2.203E-11,2.277E-11,2.338E-11,2.388E-11,2.428E-11,2.46E-11,2.486E-11,2.506E-11,2.522E-11,2.534E-11,2.544E-11,2.552E-11,2.558E-11,2.563E-11,2.567E-11,2.571E-11,2.573E-11,2.575E-11,2.577E-11,2.579E-11,2.58E-11,2.582E-11,2.583E-11,2.584E-11,2.585E-11,2.586E-11,2.586E-11,2.587E-11,2.588E-11,2.589E-11,2.59E-11,2.59E-11,2.591E-11,2.592E-11,2.593E-11,2.593E-11,2.594E-11,2.595E-11,2.596E-11,2.596E-11,2.597E-11,2.598E-11,2.599E-11,2.599E-11,2.6E-11,2.601E-11,2.602E-11,2.602E-11,2.603E-11,2.604E-11,2.604E-11,2.605E-11,2.606E-11,2.607E-11,2.607E-11,2.608E-11,2.609E-11,2.61E-11,2.61E-11,2.611E-11,2.612E-11,2.613E-11,2.613E-11,2.614E-11,2.615E-11,2.616E-11,2.616E-11,2.617E-11,2.618E-11,2.618E-11,2.619E-11,2.62E-11,2.621E-11,1.544E-11,1.722E-11,1.903E-11,2.079E-11,2.245E-11,2.397E-11,2.532E-11,2.649E-11,2.749E-11,2.831E-11,2.899E-11,2.953E-11,2.997E-11,3.032E-11,3.06E-11,3.081E-11,3.099E-11,3.112E-11,3.123E-11,3.131E-11,3.138E-11,3.144E-11,3.148E-11,3.152E-11,3.155E-11,3.157E-11,3.159E-11,3.161E-11,3.163E-11,3.164E-11,3.166E-11,3.167E-11,3.168E-11,3.169E-11,3.17E-11,3.171E-11,3.172E-11,3.173E-11,3.175E-11,3.176E-11,3.176E-11,3.177E-11,3.178E-11,3.179E-11,3.18E-11,3.181E-11,3.182E-11,3.183E-11,3.184E-11,3.185E-11,3.186E-11,3.187E-11,3.188E-11,3.189E-11,3.19E-11,3.191E-11,3.192E-11,3.193E-11,3.194E-11,3.195E-11,3.196E-11,3.197E-11,3.198E-11,3.199E-11,3.2E-11,3.201E-11,3.202E-11,3.203E-11,3.204E-11,3.205E-11,3.206E-11,3.206E-11,3.207E-11,3.208E-11,3.209E-11,3.21E-11,3.211E-11,3.212E-11,3.213E-11,3.214E-11,3.215E-11,1.892E-11,2.109E-11,2.325E-11,2.533E-11,2.726E-11,2.9E-11,3.052E-11,3.183E-11,3.293E-11,3.383E-11,3.457E-11,3.516E-11,3.563E-11,3.601E-11,3.63E-11,3.654E-11,3.672E-11,3.687E-11,3.698E-11,3.707E-11,3.715E-11,3.72E-11,3.725E-11,3.729E-11,3.733E-11,3.735E-11,3.738E-11,3.74E-11,3.742E-11,3.744E-11,3.745E-11,3.747E-11,3.748E-11,3.75E-11,3.751E-11,3.752E-11,3.754E-11,3.755E-11,3.756E-11,3.757E-11,3.759E-11,3.76E-11,3.761E-11,3.762E-11,3.764E-11,3.765E-11,3.766E-11,3.767E-11,3.768E-11,3.77E-11,3.771E-11,3.772E-11,3.773E-11,3.774E-11,3.775E-11,3.777E-11,3.778E-11,3.779E-11,3.78E-11,3.781E-11,3.783E-11,3.784E-11,3.785E-11,3.786E-11,3.787E-11,3.789E-11,3.79E-11,3.791E-11,3.792E-11,3.793E-11,3.795E-11,3.796E-11,3.797E-11,3.798E-11,3.799E-11,3.801E-11,3.802E-11,3.803E-11,3.804E-11,3.805E-11,3.807E-11,2.246E-11,2.501E-11,2.752E-11,2.989E-11,3.207E-11,3.402E-11,3.571E-11,3.714E-11,3.834E-11,3.932E-11,4.011E-11,4.075E-11,4.126E-11,4.166E-11,4.198E-11,4.223E-11,4.243E-11,4.258E-11,4.271E-11,4.281E-11,4.288E-11,4.295E-11,4.3E-11,4.305E-11,4.308E-11,4.311E-11,4.314E-11,4.317E-11,4.319E-11,4.321E-11,4.323E-11,4.325E-11,4.326E-11,4.328E-11,4.329E-11,4.331E-11,4.333E-11,4.334E-11,4.336E-11,4.337E-11,4.338E-11,4.34E-11,4.341E-11,4.343E-11,4.344E-11,4.346E-11,4.347E-11,4.349E-11,4.35E-11,4.351E-11,4.353E-11,4.354E-11,4.356E-11,4.357E-11,4.359E-11,4.36E-11,4.361E-11,4.363E-11,4.364E-11,4.366E-11,4.367E-11,4.369E-11,4.37E-11,4.371E-11,4.373E-11,4.374E-11,4.376E-11,4.377E-11,4.379E-11,4.38E-11,4.381E-11,4.383E-11,4.384E-11,4.386E-11,4.387E-11,4.389E-11,4.39E-11,4.391E-11,4.393E-11,4.394E-11,4.396E-11
pcsg,4.088E-12,4.133E-12,4.188E-12,4.253E-12,4.329E-12,4.415E-12,4.511E-12,4.615E-12,4.723E-12,4.832E-12,4.939E-12,5.041E-12,5.134E-12,5.217E-12,5.29E-12,5.352E-12,5.404E-12,5.446E-12,5.481E-12,5.509E-12,5.531E-12,5.549E-12,5.563E-12,5.573E-12,5.582E-12,5.589E-12,5.594E-12,5.598E-12,5.601E-12,5.603E-12,5.605E-12,5.607E-12,5.608E-12,5.609E-12,5.609E-12,5.61E-12,5.61E-12,5.611E-12,5.611E-12,5.611E-12,5.611E-12,5.611E-12,5.611E-12,5.611E-12,5.612E-12,5.612E-12,5.612E-12,5.612E-12,5.612E-12,5.612E-12,5.612E-12,5.612E-12,5.612E-12,5.612E-12,5.612E-12,5.612E-12,5.612E-12,5.612E-12,5.612E-12,5.612E-12,5.612E-12,5.612E-12,5.612E-12,5.612E-12,5.612E-12,5.612E-12,5.612E-12,5.612E-12,5.612E-12,5.612E-12,5.612E-12,5.612E-12,5.612E-12,5.612E-12,5.612E-12,5.612E-12,5.612E-12,5.612E-12,5.612E-12,5.612E-12,5.612E-12,4.97E-12,5.191E-12,5.436E-12,5.699E-12,5.973E-12,6.249E-12,6.517E-12,6.769E-12,7E-12,7.204E-12,7.381E-12,7.53E-12,7.654E-12,7.755E-12,7.837E-12,7.903E-12,7.955E-12,7.996E-12,8.028E-12,8.053E-12,8.072E-12,8.087E-12,8.099E-12,8.108E-12,8.115E-12,8.121E-12,8.125E-12,8.128E-12,8.13E-12,8.132E-12,8.134E-12,8.135E-12,8.136E-12,8.137E-12,8.137E-12,8.137E-12,8.138E-12,8.138E-12,8.138E-12,8.138E-12,8.139E-12,8.139E-12,8.139E-12,8.139E-12,8.139E-12,8.139E-12,8.139E-12,8.139E-12,8.139E-12,8.139E-12,8.139E-12,8.139E-12,8.139E-12,8.139E-12,8.139E-12,8.139E-12,8.139E-12,8.139E-12,8.139E-12,8.139E-12,8.139E-12,8.139E-12,8.139E-12,8.139E-12,8.139E-12,8.139E-12,8.139E-12,8.139E-12,8.139E-12,8.139E-12,8.139E-12,8.139E-12,8.139E-12,8.139E-12,8.139E-12,8.139E-12,8.139E-12,8.139E-12,8.139E-12,8.139E-12,8.139E-12,6.058E-12,6.46E-12,6.888E-12,7.33E-12,7.771E-12,8.195E-12,8.591E-12,8.948E-12,9.263E-12,9.533E-12,9.759E-12,9.946E-12,1.01E-11,1.022E-11,1.032E-11,1.04E-11,1.046E-11,1.05E-11,1.054E-11,1.057E-11,1.059E-11,1.061E-11,1.062E-11,1.063E-11,1.064E-11,1.065E-11,1.065E-11,1.065E-11,1.066E-11,1.066E-11,1.066E-11,1.066E-11,1.066E-11,1.066E-11,1.066E-11,1.066E-11,1.066E-11,1.067E-11,1.067E-11,1.067E-11,1.067E-11,1.067E-11,1.067E-11,1.067E-11,1.067E-11,1.067E-11,1.067E-11,1.067E-11,1.067E-11,1.067E-11,1.067E-11,1.067E-11,1.067E-11,1.067E-11,1.067E-11,1.067E-11,1.067E-11,1.067E-11,1.067E-11,1.067E-11,1.067E-11,1.067E-11,1.067E-11,1.067E-11,1.067E-11,1.067E-11,1.067E-11,1.067E-11,1.067E-11,1.067E-11,1.067E-11,1.067E-11,1.067E-11,1.067E-11,1.067E-11,1.067E-11,1.067E-11,1.067E-11,1.067E-11,1.067E-11,1.067E-11,7.361E-12,7.948E-12,8.555E-12,9.162E-12,9.749E-12,1.03E-11,1.079E-11,1.123E-11,1.161E-11,1.192E-11,1.219E-11,1.24E-11,1.257E-11,1.271E-11,1.281E-11,1.29E-11,1.297E-11,1.302E-11,1.306E-11,1.309E-11,1.311E-11,1.313E-11,1.315E-11,1.316E-11,1.316E-11,1.317E-11,1.318E-11,1.318E-11,1.318E-11,1.319E-11,1.319E-11,1.319E-11,1.319E-11,1.319E-11,1.319E-11,1.319E-11,1.319E-11,1.319E-11,1.319E-11,1.319E-11,1.319E-11,1.319E-11,1.319E-11,1.319E-11,1.319E-11,1.319E-11,1.319E-11,1.319E-11,1.319E-11,1.319E-11,1.319E-11,1.319E-11,1.319E-11,1.319E-11,1.319E-11,1.319E-11,1.319E-11,1.319E-11,1.319E-11,1.319E-11,1.319E-11,1.319E-11,1.319E-11,1.319E-11,1.319E-11,1.319E-11,1.319E-11,1.319E-11,1.319E-11,1.319E-11,1.319E-11,1.319E-11,1.319E-11,1.319E-11,1.319E-11,1.319E-11,1.319E-11,1.319E-11,1.319E-11,1.319E-11,1.319E-11,8.796E-12,9.563E-12,1.034E-11,1.11E-11,1.181E-11,1.247E-11,1.305E-11,1.356E-11,1.398E-11,1.434E-11,1.463E-11,1.486E-11,1.505E-11,1.52E-11,1.531E-11,1.541E-11,1.548E-11,1.553E-11,1.558E-11,1.561E-11,1.563E-11,1.565E-11,1.567E-11,1.568E-11,1.569E-11,1.57E-11,1.57E-11,1.571E-11,1.571E-11,1.571E-11,1.571E-11,1.572E-11,1.572E-11,1.572E-11,1.572E-11,1.572E-11,1.572E-11,1.572E-11,1.572E-11,1.572E-11,1.572E-11,1.572E-11,1.572E-11,1.572E-11,1.572E-11,1.572E-11,1.572E-11,1.572E-11,1.572E-11,1.572E-11,1.572E-11,1.572E-11,1.572E-11,1.572E-11,1.572E-11,1.572E-11,1.572E-11,1.572E-11,1.572E-11,1.572E-11,1.572E-11,1.572E-11,1.572E-11,1.572E-11,1.572E-11,1.572E-11,1.572E-11,1.572E-11,1.572E-11,1.572E-11,1.572E-11,1.572E-11,1.572E-11,1.572E-11,1.572E-11,1.572E-11,1.572E-11,1.572E-11,1.572E-11,1.572E-11,1.572E-11,1.03E-11,1.124E-11,1.218E-11,1.308E-11,1.391E-11,1.467E-11,1.533E-11,1.589E-11,1.636E-11,1.675E-11,1.707E-11,1.733E-11,1.753E-11,1.769E-11,1.781E-11,1.791E-11,1.799E-11,1.805E-11,1.809E-11,1.813E-11,1.816E-11,1.818E-11,1.819E-11,1.821E-11,1.822E-11,1.822E-11,1.823E-11,1.823E-11,1.824E-11,1.824E-11,1.824E-11,1.824E-11,1.824E-11,1.824E-11,1.825E-11,1.825E-11,1.825E-11,1.825E-11,1.825E-11,1.825E-11,1.825E-11,1.825E-11,1.825E-11,1.825E-11,1.825E-11,1.825E-11,1.825E-11,1.825E-11,1.825E-11,1.825E-11,1.825E-11,1.825E-11,1.825E-11,1.825E-11,1.825E-11,1.825E-11,1.825E-11,1.825E-11,1.825E-11,1.825E-11,1.825E-11,1.825E-11,1.825E-11,1.825E-11,1.825E-11,1.825E-11,1.825E-11,1.825E-11,1.825E-11,1.825E-11,1.825E-11,1.825E-11,1.825E-11,1.825E-11,1.825E-11,1.825E-11,1.825E-11,1.825E-11,1.825E-11,1.825E-11,1.825E-11,1.185E-11,1.296E-11,1.405E-11,1.508E-11,1.603E-11,1.687E-11,1.76E-11,1.823E-11,1.875E-11,1.917E-11,1.951E-11,1.979E-11,2.001E-11,2.018E-11,2.031E-11,2.042E-11,2.05E-11,2.056E-11,2.061E-11,2.065E-11,2.068E-11,2.07E-11,2.072E-11,2.073E-11,2.074E-11,2.075E-11,2.075E-11,2.076E-11,2.076E-11,2.077E-11,2.077E-11,2.077E-11,2.077E-11,2.077E-11,2.077E-11,2.077E-11,2.077E-11,2.077E-11,2.077E-11,2.077E-11,2.077E-11,2.077E-11,2.077E-11,2.077E-11,2.077E-11,2.077E-11,2.078E-11,2.078E-11,2.078E-11,2.078E-11,2.078E-11,2.078E-11,2.078E-11,2.078E-11,2.078E-11,2.078E-11,2.078E-11,2.078E-11,2.078E-11,2.078E-11,2.078E-11,2.078E-11,2.078E-11,2.078E-11,2.078E-11,2.078E-11,2.078E-11,2.078E-11,2.078E-11,2.078E-11,2.078E-11,2.078E-11,2.078E-11,2.078E-11,2.078E-11,2.078E-11,2.078E-11,2.078E-11,2.078E-11,2.078E-11,2.078E-11
pcss,4.146E-12,4.206E-12,4.278E-12,4.364E-12,4.464E-12,4.577E-12,4.703E-12,4.839E-12,4.98E-12,5.123E-12,5.263E-12,5.395E-12,5.516E-12,5.625E-12,5.719E-12,5.799E-12,5.866E-12,5.922E-12,5.966E-12,6.002E-12,6.031E-12,6.054E-12,6.072E-12,6.085E-12,6.096E-12,6.105E-12,6.112E-12,6.117E-12,6.121E-12,6.124E-12,6.126E-12,6.128E-12,6.129E-12,6.13E-12,6.131E-12,6.132E-12,6.133E-12,6.133E-12,6.133E-12,6.133E-12,6.134E-12,6.134E-12,6.134E-12,6.134E-12,6.134E-12,6.134E-12,6.134E-12,6.134E-12,6.134E-12,6.134E-12,6.134E-12,6.134E-12,6.134E-12,6.134E-12,6.134E-12,6.134E-12,6.134E-12,6.134E-12,6.134E-12,6.134E-12,6.134E-12,6.134E-12,6.134E-12,6.134E-12,6.134E-12,6.134E-12,6.134E-12,6.134E-12,6.134E-12,6.134E-12,6.134E-12,6.134E-12,6.134E-12,6.134E-12,6.134E-12,6.134E-12,6.134E-12,6.134E-12,6.134E-12,6.134E-12,6.134E-12,5.318E-12,5.61E-12,5.933E-12,6.279E-12,6.639E-12,7.001E-12,7.353E-12,7.684E-12,7.985E-12,8.252E-12,8.482E-12,8.677E-12,8.838E-12,8.97E-12,9.076E-12,9.161E-12,9.228E-12,9.281E-12,9.322E-12,9.355E-12,9.38E-12,9.399E-12,9.414E-12,9.426E-12,9.435E-12,9.442E-12,9.447E-12,9.451E-12,9.454E-12,9.457E-12,9.458E-12,9.46E-12,9.461E-12,9.462E-12,9.462E-12,9.463E-12,9.463E-12,9.464E-12,9.464E-12,9.464E-12,9.464E-12,9.464E-12,9.464E-12,9.464E-12,9.464E-12,9.464E-12,9.465E-12,9.465E-12,9.465E-12,9.465E-12,9.465E-12,9.465E-12,9.465E-12,9.465E-12,9.465E-12,9.465E-12,9.465E-12,9.465E-12,9.465E-12,9.465E-12,9.465E-12,9.465E-12,9.465E-12,9.465E-12,9.465E-12,9.465E-12,9.465E-12,9.465E-12,9.465E-12,9.465E-12,9.465E-12,9.465E-12,9.465E-12,9.465E-12,9.465E-12,9.465E-12,9.465E-12,9.465E-12,9.465E-12,9.465E-12,9.465E-12,6.772E-12,7.304E-12,7.87E-12,8.453E-12,9.034E-12,9.592E-12,1.011E-11,1.058E-11,1.099E-11,1.135E-11,1.164E-11,1.189E-11,1.209E-11,1.225E-11,1.237E-11,1.247E-11,1.255E-11,1.261E-11,1.266E-11,1.27E-11,1.272E-11,1.275E-11,1.276E-11,1.278E-11,1.279E-11,1.279E-11,1.28E-11,1.281E-11,1.281E-11,1.281E-11,1.281E-11,1.282E-11,1.282E-11,1.282E-11,1.282E-11,1.282E-11,1.282E-11,1.282E-11,1.282E-11,1.282E-11,1.282E-11,1.282E-11,1.282E-11,1.282E-11,1.282E-11,1.282E-11,1.282E-11,1.282E-11,1.282E-11,1.282E-11,1.282E-11,1.282E-11,1.282E-11,1.282E-11,1.282E-11,1.282E-11,1.282E-11,1.282E-11,1.282E-11,1.282E-11,1.282E-11,1.282E-11,1.282E-11,1.282E-11,1.282E-11,1.282E-11,1.282E-11,1.282E-11,1.282E-11,1.282E-11,1.282E-11,1.282E-11,1.282E-11,1.282E-11,1.282E-11,1.282E-11,1.282E-11,1.282E-11,1.282E-11,1.282E-11,1.282E-11,8.512E-12,9.289E-12,1.009E-11,1.089E-11,1.167E-11,1.239E-11,1.304E-11,1.362E-11,1.411E-11,1.453E-11,1.487E-11,1.515E-11,1.537E-11,1.555E-11,1.569E-11,1.58E-11,1.588E-11,1.595E-11,1.6E-11,1.604E-11,1.607E-11,1.61E-11,1.612E-11,1.613E-11,1.614E-11,1.615E-11,1.616E-11,1.616E-11,1.617E-11,1.617E-11,1.617E-11,1.617E-11,1.617E-11,1.617E-11,1.618E-11,1.618E-11,1.618E-11,1.618E-11,1.618E-11,1.618E-11,1.618E-11,1.618E-11,1.618E-11,1.618E-11,1.618E-11,1.618E-11,1.618E-11,1.618E-11,1.618E-11,1.618E-11,1.618E-11,1.618E-11,1.618E-11,1.618E-11,1.618E-11,1.618E-11,1.618E-11,1.618E-11,1.618E-11,1.618E-11,1.618E-11,1.618E-11,1.618E-11,1.618E-11,1.618E-11,1.618E-11,1.618E-11,1.618E-11,1.618E-11,1.618E-11,1.618E-11,1.618E-11,1.618E-11,1.618E-11,1.618E-11,1.618E-11,1.618E-11,1.618E-11,1.618E-11,1.618E-11,1.618E-11,1.043E-11,1.144E-11,1.247E-11,1.347E-11,1.442E-11,1.528E-11,1.604E-11,1.671E-11,1.727E-11,1.773E-11,1.811E-11,1.842E-11,1.866E-11,1.886E-11,1.901E-11,1.913E-11,1.922E-11,1.929E-11,1.935E-11,1.939E-11,1.942E-11,1.945E-11,1.947E-11,1.948E-11,1.949E-11,1.95E-11,1.951E-11,1.951E-11,1.952E-11,1.952E-11,1.952E-11,1.953E-11,1.953E-11,1.953E-11,1.953E-11,1.953E-11,1.953E-11,1.953E-11,1.953E-11,1.953E-11,1.953E-11,1.953E-11,1.953E-11,1.953E-11,1.953E-11,1.953E-11,1.953E-11,1.953E-11,1.953E-11,1.953E-11,1.953E-11,1.953E-11,1.953E-11,1.953E-11,1.953E-11,1.953E-11,1.953E-11,1.953E-11,1.953E-11,1.953E-11,1.953E-11,1.953E-11,1.953E-11,1.953E-11,1.953E-11,1.953E-11,1.953E-11,1.953E-11,1.953E-11,1.953E-11,1.953E-11,1.953E-11,1.953E-11,1.953E-11,1.953E-11,1.953E-11,1.953E-11,1.953E-11,1.953E-11,1.953E-11,1.953E-11,1.244E-11,1.368E-11,1.492E-11,1.611E-11,1.721E-11,1.82E-11,1.907E-11,1.981E-11,2.043E-11,2.094E-11,2.136E-11,2.169E-11,2.195E-11,2.216E-11,2.232E-11,2.245E-11,2.255E-11,2.263E-11,2.269E-11,2.273E-11,2.277E-11,2.279E-11,2.281E-11,2.283E-11,2.284E-11,2.285E-11,2.286E-11,2.287E-11,2.287E-11,2.287E-11,2.288E-11,2.288E-11,2.288E-11,2.288E-11,2.288E-11,2.288E-11,2.288E-11,2.288E-11,2.288E-11,2.288E-11,2.288E-11,2.288E-11,2.288E-11,2.288E-11,2.288E-11,2.288E-11,2.288E-11,2.288E-11,2.288E-11,2.288E-11,2.288E-11,2.288E-11,2.288E-11,2.288E-11,2.288E-11,2.288E-11,2.288E-11,2.288E-11,2.288E-11,2.288E-11,2.288E-11,2.288E-11,2.288E-11,2.288E-11,2.288E-11,2.288E-11,2.288E-11,2.288E-11,2.288E-11,2.288E-11,2.288E-11,2.288E-11,2.288E-11,2.288E-11,2.288E-11,2.288E-11,2.288E-11,2.288E-11,2.288E-11,2.288E-11,2.288E-11,1.45E-11,1.597E-11,1.74E-11,1.877E-11,2.002E-11,2.113E-11,2.209E-11,2.291E-11,2.359E-11,2.415E-11,2.46E-11,2.495E-11,2.524E-11,2.546E-11,2.564E-11,2.577E-11,2.588E-11,2.596E-11,2.602E-11,2.607E-11,2.611E-11,2.614E-11,2.616E-11,2.618E-11,2.619E-11,2.62E-11,2.621E-11,2.621E-11,2.622E-11,2.622E-11,2.622E-11,2.623E-11,2.623E-11,2.623E-11,2.623E-11,2.623E-11,2.623E-11,2.623E-11,2.623E-11,2.623E-11,2.623E-11,2.623E-11,2.623E-11,2.623E-11,2.623E-11,2.623E-11,2.623E-11,2.623E-11,2.623E-11,2.623E-11,2.623E-11,2.623E-11,2.623E-11,2.623E-11,2.623E-11,2.623E-11,2.623E-11,2.623E-11,2.623E-11,2.623E-11,2.623E-11,2.623E-11,2.623E-11,2.623E-11,2.623E-11,2.623E-11,2.623E-11,2.623E-11,2.623E-11,2.623E-11,2.623E-11,2.623E-11,2.623E-11,2.623E-11,2.623E-11,2.623E-11,2.623E-11,2.623E-11,2.623E-11,2.623E-11,2.623E-11
pft,213600000,262500000,321200000,391300000,474100000,571500000,685000000,816300000,967200000,1139000000,1334000000,1552000000,1794000000,2060000000,2350000000,2661000000,2992000000,3338000000,3697000000,4065000000,4437000000,4810000000,5180000000,5544000000,5899000000,6244000000,6577000000,6897000000,7203000000,7496000000,7776000000,8043000000,8297000000,8540000000,8772000000,8995000000,9208000000,9413000000,9610000000,9800000000,9985000000,10160000000,10340000000,10510000000,10670000000,10830000000,10990000000,11140000000,11300000000,11450000000,11590000000,11740000000,11880000000,12020000000,12150000000,12290000000,12420000000,12550000000,12680000000,12810000000,12930000000,13060000000,13180000000,13300000000,13420000000,13530000000,13650000000,13760000000,13870000000,13980000000,14090000000,14200000000,14300000000,14400000000,14500000000,14600000000,14700000000,14800000000,14890000000,14980000000,15070000000,129200000,154200000,182800000,215300000,252100000,293500000,339900000,391700000,449100000,512100000,580600000,654400000,733000000,815600000,901600000,990000000,1080000000,1171000000,1261000000,1351000000,1440000000,1527000000,1611000000,1694000000,1774000000,1851000000,1926000000,1998000000,2068000000,2136000000,2201000000,2265000000,2327000000,2387000000,2446000000,2504000000,2560000000,2615000000,2670000000,2723000000,2776000000,2828000000,2880000000,2931000000,2981000000,3031000000,3080000000,3129000000,3177000000,3225000000,3273000000,3320000000,3367000000,3413000000,3459000000,3505000000,3551000000,3596000000,3640000000,3685000000,3728000000,3772000000,3815000000,3858000000,3901000000,3943000000,3984000000,4026000000,4067000000,4107000000,4148000000,4188000000,4227000000,4266000000,4305000000,4344000000,4382000000,4420000000,4457000000,4494000000,4531000000,76200000,89610000,104700000,121700000,140700000,162000000,185600000,211700000,240400000,271600000,305100000,340800000,378200000,417200000,457200000,497900000,538900000,580000000,620700000,660900000,700300000,738800000,776400000,812900000,848400000,882800000,916200000,948700000,980200000,1011000000,1041000000,1070000000,1099000000,1127000000,1154000000,1181000000,1208000000,1234000000,1260000000,1285000000,1311000000,1336000000,1361000000,1385000000,1410000000,1434000000,1458000000,1482000000,1506000000,1530000000,1553000000,1577000000,1600000000,1623000000,1646000000,1669000000,1692000000,1714000000,1737000000,1759000000,1781000000,1803000000,1825000000,1847000000,1869000000,1890000000,1912000000,1933000000,1954000000,1975000000,1996000000,2016000000,2037000000,2057000000,2078000000,2098000000,2118000000,2138000000,2157000000,2177000000,2196000000,51460000,59940000,69430000,80050000,91910000,105100000,119800000,135800000,153400000,172300000,192400000,213700000,235800000,258600000,281800000,305300000,328900000,352300000,375400000,398200000,420400000,442200000,463400000,484000000,504000000,523500000,542400000,560900000,578800000,596400000,613500000,630300000,646800000,663000000,679000000,694700000,710200000,725600000,740700000,755800000,770700000,785500000,800200000,814800000,829300000,843800000,858100000,872400000,886600000,900800000,914800000,928800000,942800000,956700000,970500000,984200000,997900000,1012000000,1025000000,1039000000,1052000000,1065000000,1079000000,1092000000,1105000000,1118000000,1131000000,1144000000,1157000000,1170000000,1183000000,1195000000,1208000000,1220000000,1233000000,1245000000,1258000000,1270000000,1282000000,1294000000,1306000000,37300000,43170000,49740000,57070000,65260000,74350000,84390000,95380000,107300000,120000000,133600000,147700000,162300000,177300000,192500000,207800000,223100000,238200000,253100000,267800000,282100000,296100000,309700000,322900000,335800000,348300000,360500000,372500000,384100000,395500000,406600000,417600000,428300000,438900000,449300000,459700000,469900000,480000000,490000000,499900000,509700000,519500000,529300000,539000000,548600000,558200000,567700000,577200000,586700000,596100000,605500000,614800000,624100000,633400000,642600000,651800000,661000000,670100000,679200000,688300000,697300000,706200000,715200000,724100000,732900000,741700000,750500000,759200000,767900000,776600000,785200000,793800000,802300000,810800000,819200000,827600000,836000000,844300000,852600000,860800000,869000000,28290000,32600000,37420000,42810000,48820000,55490000,62820000,70820000,79450000,88650000,98340000,108400000,118900000,129500000,140200000,150900000,161600000,172200000,182600000,192900000,202800000,212600000,222100000,231300000,240300000,249000000,257600000,265900000,274100000,282100000,289900000,297600000,305200000,312700000,320000000,327300000,334600000,341700000,348800000,355900000,362900000,369900000,376800000,383700000,390600000,397400000,404200000,411000000,417800000,424500000,431200000,437900000,444600000,451200000,457800000,464400000,471000000,477500000,484000000,490500000,497000000,503500000,509900000,516300000,522700000,529000000,535300000,541600000,547900000,554100000,560300000,566500000,572700000,578800000,584900000,591000000,597100000,603100000,609100000,615100000,621000000,22160000,25470000,29170000,33300000,37900000,43000000,48600000,54680000,61220000,68170000,75470000,83040000,90820000,98730000,106700000,114700000,122600000,130400000,138100000,145600000,153000000,160200000,167200000,174000000,180600000,187100000,193400000,199600000,205600000,211500000,217300000,223100000,228700000,234300000,239800000,245200000,250600000,256000000,261300000,266600000,271800000,277000000,282200000,287400000,292500000,297700000,302800000,307900000,312900000,318000000,323000000,328100000,333100000,338100000,343000000,348000000,353000000,357900000,362800000,367700000,372600000,377400000,382300000,387100000,391900000,396700000,401500000,406200000,411000000,415700000,420400000,425100000,429700000,434400000,439000000,443600000,448200000,452800000,457400000,461900000,466400000
pgm_id_ft,4818000000,5864000000,7104000000,8561000000,10260000000,12210000000,14440000000,16950000000,19740000000,22800000000,26100000000,29620000000,33310000000,37090000000,40900000000,44650000000,48260000000,51650000000,54750000000,57510000000,59880000000,61840000000,63400000000,64550000000,65330000000,65770000000,65890000000,65750000000,65390000000,64830000000,64130000000,63300000000,62390000000,61420000000,60410000000,59370000000,58320000000,57280000000,56250000000,55230000000,54240000000,53280000000,52350000000,51450000000,50580000000,49750000000,48940000000,48170000000,47420000000,46700000000,46020000000,45350000000,44710000000,44100000000,43500000000,42930000000,42380000000,41840000000,41320000000,40820000000,40330000000,39850000000,39390000000,38940000000,38510000000,38080000000,37660000000,37250000000,36860000000,36470000000,36080000000,35710000000,35340000000,34980000000,34630000000,34280000000,33940000000,33610000000,33280000000,32950000000,32630000000,2846000000,3355000000,3923000000,4550000000,5235000000,5973000000,6761000000,7591000000,8454000000,9337000000,10220000000,11100000000,11940000000,12740000000,13470000000,14120000000,14700000000,15180000000,15580000000,15890000000,16110000000,16270000000,16350000000,16370000000,16350000000,16280000000,16170000000,16040000000,15890000000,15720000000,15540000000,15360000000,15170000000,14970000000,14780000000,14600000000,14410000000,14230000000,14060000000,13890000000,13720000000,13570000000,13410000000,13270000000,13130000000,12990000000,12860000000,12740000000,12620000000,12500000000,12390000000,12280000000,12170000000,12070000000,11970000000,11880000000,11790000000,11700000000,11610000000,11520000000,11440000000,11360000000,11280000000,11200000000,11120000000,11050000000,10970000000,10900000000,10830000000,10760000000,10690000000,10620000000,10550000000,10490000000,10420000000,10350000000,10290000000,10230000000,10160000000,10100000000,10040000000,1668000000,1935000000,2226000000,2540000000,2876000000,3233000000,3606000000,3992000000,4386000000,4779000000,5165000000,5536000000,5885000000,6204000000,6490000000,6739000000,6949000000,7120000000,7253000000,7351000000,7417000000,7454000000,7466000000,7456000000,7428000000,7386000000,7333000000,7271000000,7202000000,7129000000,7053000000,6975000000,6897000000,6819000000,6743000000,6668000000,6595000000,6524000000,6455000000,6389000000,6326000000,6265000000,6206000000,6150000000,6096000000,6044000000,5994000000,5946000000,5900000000,5856000000,5813000000,5772000000,5732000000,5693000000,5656000000,5619000000,5584000000,5550000000,5516000000,5484000000,5452000000,5421000000,5390000000,5360000000,5331000000,5302000000,5274000000,5246000000,5219000000,5192000000,5166000000,5139000000,5114000000,5088000000,5063000000,5038000000,5013000000,4989000000,4965000000,4941000000,4918000000,1119000000,1284000000,1461000000,1651000000,1851000000,2062000000,2280000000,2503000000,2727000000,2947000000,3159000000,3359000000,3544000000,3709000000,3854000000,3977000000,4079000000,4159000000,4218000000,4260000000,4284000000,4295000000,4292000000,4280000000,4259000000,4231000000,4199000000,4162000000,4123000000,4082000000,4040000000,3997000000,3955000000,3913000000,3872000000,3833000000,3794000000,3757000000,3721000000,3686000000,3653000000,3621000000,3591000000,3562000000,3534000000,3507000000,3481000000,3457000000,3433000000,3410000000,3388000000,3367000000,3346000000,3327000000,3308000000,3289000000,3271000000,3253000000,3236000000,3220000000,3203000000,3187000000,3172000000,3157000000,3142000000,3127000000,3113000000,3098000000,3085000000,3071000000,3057000000,3044000000,3031000000,3018000000,3005000000,2992000000,2980000000,2967000000,2955000000,2943000000,2931000000,806700000,918300000,1038000000,1165000000,1298000000,1437000000,1580000000,1725000000,1869000000,2008000000,2141000000,2264000000,2376000000,2476000000,2561000000,2632000000,2689000000,2733000000,2765000000,2785000000,2796000000,2798000000,2793000000,2782000000,2766000000,2747000000,2725000000,2701000000,2675000000,2649000000,2622000000,2596000000,2569000000,2544000000,2518000000,2494000000,2470000000,2447000000,2425000000,2404000000,2384000000,2365000000,2346000000,2329000000,2312000000,2296000000,2280000000,2265000000,2251000000,2237000000,2224000000,2211000000,2199000000,2187000000,2176000000,2164000000,2154000000,2143000000,2133000000,2123000000,2113000000,2104000000,2094000000,2085000000,2076000000,2068000000,2059000000,2051000000,2042000000,2034000000,2026000000,2018000000,2010000000,2002000000,1995000000,1987000000,1980000000,1972000000,1965000000,1958000000,1951000000,608700000,689300000,775200000,866200000,961600000,1060000000,1161000000,1262000000,1362000000,1458000000,1548000000,1631000000,1706000000,1771000000,1826000000,1872000000,1908000000,1935000000,1953000000,1965000000,1970000000,1969000000,1964000000,1955000000,1943000000,1929000000,1913000000,1896000000,1878000000,1860000000,1842000000,1824000000,1806000000,1788000000,1771000000,1755000000,1739000000,1723000000,1709000000,1694000000,1681000000,1668000000,1656000000,1644000000,1633000000,1622000000,1611000000,1602000000,1592000000,1583000000,1574000000,1566000000,1558000000,1550000000,1542000000,1535000000,1527000000,1521000000,1514000000,1507000000,1501000000,1494000000,1488000000,1482000000,1476000000,1471000000,1465000000,1459000000,1454000000,1449000000,1443000000,1438000000,1433000000,1428000000,1423000000,1418000000,1413000000,1408000000,1403000000,1399000000,1394000000,475000000,535900000,600700000,669000000,740500000,814300000,889100000,963800000,1037000000,1106000000,1172000000,1231000000,1284000000,1330000000,1369000000,1400000000,1424000000,1442000000,1454000000,1461000000,1463000000,1462000000,1457000000,1450000000,1441000000,1430000000,1418000000,1406000000,1392000000,1379000000,1366000000,1353000000,1340000000,1327000000,1315000000,1303000000,1291000000,1280000000,1270000000,1260000000,1250000000,1241000000,1232000000,1223000000,1215000000,1208000000,1200000000,1193000000,1187000000,1180000000,1174000000,1168000000,1162000000,1157000000,1151000000,1146000000,1141000000,1136000000,1131000000,1126000000,1122000000,1117000000,1113000000,1109000000,1105000000,1101000000,1097000000,1093000000,1089000000,1085000000,1081000000,1078000000,1074000000,1070000000,1067000000,1063000000,1060000000,1057000000,1053000000,1050000000,1047000000
waveVsWave(?x ngm_id ?y nidw),eval err,eval err,eval err,eval err,eval err,eval err,eval err,eval err,eval err,eval err,eval err,eval err,eval err,eval err,eval err,eval err,eval err,eval err,eval err,eval err,eval err,eval err,eval err,eval err,eval err,eval err,eval err,eval err,eval err,eval err,eval err,eval err,eval err,eval err,eval err,eval err,eval err,eval err,eval err,eval err,eval err,eval err,eval err,eval err,eval err,eval err,eval err,eval err,eval err,eval err,eval err,eval err,eval err,eval err,eval err,eval err,eval err,eval err,eval err,eval err,eval err,eval err,eval err,eval err,eval err,eval err,eval err,eval err,eval err,eval err,eval err,eval err,eval err,eval err,eval err,eval err,eval err,eval err,eval err,eval err,eval err,eval err,eval err,eval err,eval err,eval err,eval err,eval err,eval err,eval err,eval err,eval err,eval err,eval err,eval err,eval err,eval err,eval err,eval err,eval err,eval err,eval err,eval err,eval err,eval err,eval err,eval err,eval err,eval err,eval err,eval err,eval err,eval err,eval err,eval err,eval err,eval err,eval err,eval err,eval err,eval err,eval err,eval err,eval err,eval err,eval err,eval err,eval err,eval err,eval err,eval err,eval err,eval err,eval err,eval err,eval err,eval err,eval err,eval err,eval err,eval err,eval err,eval err,eval err,eval err,eval err,eval err,eval err,eval err,eval err,eval err,eval err,eval err,eval err,eval err,eval err,eval err,eval err,eval err,eval err,eval err,eval err,eval err,eval err,eval err,eval err,eval err,eval err,eval err,eval err,eval err,eval err,eval err,eval err,eval err,eval err,eval err,eval err,eval err,eval err,eval err,eval err,eval err,eval err,eval err,eval err,eval err,eval err,eval err,eval err,eval err,eval err,eval err,eval err,eval err,eval err,eval err,eval err,eval err,eval err,eval err,eval err,eval err,eval err,eval err,eval err,eval err,eval err,eval err,eval err,eval err,eval err,eval err,eval err,eval err,eval err,eval err,eval err,eval err,eval err,eval err,eval err,eval err,eval err,eval err,eval err,eval err,eval err,eval err,eval err,eval err,eval err,eval err,eval err,eval err,eval err,eval err,eval err,eval err,eval err,eval err,eval err,eval err,eval err,eval err,eval err,eval err,eval err,eval err,eval err,eval err,eval err,eval err,eval err,eval err,eval err,eval err,eval err,eval err,eval err,eval err,eval err,eval err,eval err,eval err,eval err,eval err,eval err,eval err,eval err,eval err,eval err,eval err,eval err,eval err,eval err,eval err,eval err,eval err,eval err,eval err,eval err,eval err,eval err,eval err,eval err,eval err,eval err,eval err,eval err,eval err,eval err,eval err,eval err,eval err,eval err,eval err,eval err,eval err,eval err,eval err,eval err,eval err,eval err,eval err,eval err,eval err,eval err,eval err,eval err,eval err,eval err,eval err,eval err,eval err,eval err,eval err,eval err,eval err,eval err,eval err,eval err,eval err,eval err,eval err,eval err,eval err,eval err,eval err,eval err,eval err,eval err,eval err,eval err,eval err,eval err,eval err,eval err,eval err,eval err,eval err,eval err,eval err,eval err,eval err,eval err,eval err,eval err,eval err,eval err,eval err,eval err,eval err,eval err,eval err,eval err,eval err,eval err,eval err,eval err,eval err,eval err,eval err,eval err,eval err,eval err,eval err,eval err,eval err,eval err,eval err,eval err,eval err,eval err,eval err,eval err,eval err,eval err,eval err,eval err,eval err,eval err,eval err,eval err,eval err,eval err,eval err,eval err,eval err,eval err,eval err,eval err,eval err,eval err,eval err,eval err,eval err,eval err,eval err,eval err,eval err,eval err,eval err,eval err,eval err,eval err,eval err,eval err,eval err,eval err,eval err,eval err,eval err,eval err,eval err,eval err,eval err,eval err,eval err,eval err,eval err,eval err,eval err,eval err,eval err,eval err,eval err,eval err,eval err,eval err,eval err,eval err,eval err,eval err,eval err,eval err,eval err,eval err,eval err,eval err,eval err,eval err,eval err,eval err,eval err,eval err,eval err,eval err,eval err,eval err,eval err,eval err,eval err,eval err,eval err,eval err,eval err,eval err,eval err,eval err,eval err,eval err,eval err,eval err,eval err,eval err,eval err,eval err,eval err,eval err,eval err,eval err,eval err,eval err,eval err,eval err,eval err,eval err,eval err,eval err,eval err,eval err,eval err,eval err,eval err,eval err,eval err,eval err,eval err,eval err,eval err,eval err,eval err,eval err,eval err,eval err,eval err,eval err,eval err,eval err,eval err,eval err,eval err,eval err,eval err,eval err,eval err,eval err,eval err,eval err,eval err,eval err,eval err,eval err,eval err,eval err,eval err,eval err,eval err,eval err,eval err,eval err,eval err,eval err,eval err,eval err,eval err,eval err,eval err,eval err,eval err,eval err,eval err,eval err,eval err,eval err,eval err,eval err,eval err,eval err,eval err,eval err,eval err,eval err,eval err,eval err,eval err,eval err,eval err,eval err,eval err,eval err,eval err,eval err,eval err,eval err,eval err,eval err,eval err,eval err,eval err,eval err,eval err,eval err,eval err,eval err,eval err
