Parameter,L_180nm_0,L_180nm_1,L_180nm_2,L_180nm_3,L_180nm_4,L_180nm_5,L_180nm_6,L_180nm_7,L_180nm_8,L_180nm_9,L_180nm_10,L_180nm_11,L_180nm_12,L_180nm_13,L_180nm_14,L_180nm_15,L_180nm_16,L_180nm_17,L_180nm_18,L_180nm_19,L_180nm_20,L_180nm_21,L_180nm_22,L_180nm_23,L_180nm_24,L_180nm_25,L_180nm_26,L_180nm_27,L_180nm_28,L_180nm_29,L_180nm_30,L_180nm_31,L_180nm_32,L_180nm_33,L_180nm_34,L_180nm_35,L_180nm_36,L_180nm_37,L_180nm_38,L_180nm_39,L_180nm_40,L_180nm_41,L_180nm_42,L_180nm_43,L_180nm_44,L_180nm_45,L_180nm_46,L_180nm_47,L_180nm_48,L_180nm_49,L_180nm_50,L_180nm_51,L_180nm_52,L_180nm_53,L_180nm_54,L_180nm_55,L_180nm_56,L_180nm_57,L_180nm_58,L_180nm_59,L_180nm_60,L_180nm_61,L_180nm_62,L_180nm_63,L_180nm_64,L_180nm_65,L_180nm_66,L_180nm_67,L_180nm_68,L_180nm_69,L_180nm_70,L_180nm_71,L_180nm_72,L_180nm_73,L_180nm_74,L_180nm_75,L_180nm_76,L_180nm_77,L_180nm_78,L_180nm_79,L_180nm_80,L_360nm_0,L_360nm_1,L_360nm_2,L_360nm_3,L_360nm_4,L_360nm_5,L_360nm_6,L_360nm_7,L_360nm_8,L_360nm_9,L_360nm_10,L_360nm_11,L_360nm_12,L_360nm_13,L_360nm_14,L_360nm_15,L_360nm_16,L_360nm_17,L_360nm_18,L_360nm_19,L_360nm_20,L_360nm_21,L_360nm_22,L_360nm_23,L_360nm_24,L_360nm_25,L_360nm_26,L_360nm_27,L_360nm_28,L_360nm_29,L_360nm_30,L_360nm_31,L_360nm_32,L_360nm_33,L_360nm_34,L_360nm_35,L_360nm_36,L_360nm_37,L_360nm_38,L_360nm_39,L_360nm_40,L_360nm_41,L_360nm_42,L_360nm_43,L_360nm_44,L_360nm_45,L_360nm_46,L_360nm_47,L_360nm_48,L_360nm_49,L_360nm_50,L_360nm_51,L_360nm_52,L_360nm_53,L_360nm_54,L_360nm_55,L_360nm_56,L_360nm_57,L_360nm_58,L_360nm_59,L_360nm_60,L_360nm_61,L_360nm_62,L_360nm_63,L_360nm_64,L_360nm_65,L_360nm_66,L_360nm_67,L_360nm_68,L_360nm_69,L_360nm_70,L_360nm_71,L_360nm_72,L_360nm_73,L_360nm_74,L_360nm_75,L_360nm_76,L_360nm_77,L_360nm_78,L_360nm_79,L_360nm_80,L_540nm_0,L_540nm_1,L_540nm_2,L_540nm_3,L_540nm_4,L_540nm_5,L_540nm_6,L_540nm_7,L_540nm_8,L_540nm_9,L_540nm_10,L_540nm_11,L_540nm_12,L_540nm_13,L_540nm_14,L_540nm_15,L_540nm_16,L_540nm_17,L_540nm_18,L_540nm_19,L_540nm_20,L_540nm_21,L_540nm_22,L_540nm_23,L_540nm_24,L_540nm_25,L_540nm_26,L_540nm_27,L_540nm_28,L_540nm_29,L_540nm_30,L_540nm_31,L_540nm_32,L_540nm_33,L_540nm_34,L_540nm_35,L_540nm_36,L_540nm_37,L_540nm_38,L_540nm_39,L_540nm_40,L_540nm_41,L_540nm_42,L_540nm_43,L_540nm_44,L_540nm_45,L_540nm_46,L_540nm_47,L_540nm_48,L_540nm_49,L_540nm_50,L_540nm_51,L_540nm_52,L_540nm_53,L_540nm_54,L_540nm_55,L_540nm_56,L_540nm_57,L_540nm_58,L_540nm_59,L_540nm_60,L_540nm_61,L_540nm_62,L_540nm_63,L_540nm_64,L_540nm_65,L_540nm_66,L_540nm_67,L_540nm_68,L_540nm_69,L_540nm_70,L_540nm_71,L_540nm_72,L_540nm_73,L_540nm_74,L_540nm_75,L_540nm_76,L_540nm_77,L_540nm_78,L_540nm_79,L_540nm_80,L_720nm_0,L_720nm_1,L_720nm_2,L_720nm_3,L_720nm_4,L_720nm_5,L_720nm_6,L_720nm_7,L_720nm_8,L_720nm_9,L_720nm_10,L_720nm_11,L_720nm_12,L_720nm_13,L_720nm_14,L_720nm_15,L_720nm_16,L_720nm_17,L_720nm_18,L_720nm_19,L_720nm_20,L_720nm_21,L_720nm_22,L_720nm_23,L_720nm_24,L_720nm_25,L_720nm_26,L_720nm_27,L_720nm_28,L_720nm_29,L_720nm_30,L_720nm_31,L_720nm_32,L_720nm_33,L_720nm_34,L_720nm_35,L_720nm_36,L_720nm_37,L_720nm_38,L_720nm_39,L_720nm_40,L_720nm_41,L_720nm_42,L_720nm_43,L_720nm_44,L_720nm_45,L_720nm_46,L_720nm_47,L_720nm_48,L_720nm_49,L_720nm_50,L_720nm_51,L_720nm_52,L_720nm_53,L_720nm_54,L_720nm_55,L_720nm_56,L_720nm_57,L_720nm_58,L_720nm_59,L_720nm_60,L_720nm_61,L_720nm_62,L_720nm_63,L_720nm_64,L_720nm_65,L_720nm_66,L_720nm_67,L_720nm_68,L_720nm_69,L_720nm_70,L_720nm_71,L_720nm_72,L_720nm_73,L_720nm_74,L_720nm_75,L_720nm_76,L_720nm_77,L_720nm_78,L_720nm_79,L_720nm_80,L_900nm_0,L_900nm_1,L_900nm_2,L_900nm_3,L_900nm_4,L_900nm_5,L_900nm_6,L_900nm_7,L_900nm_8,L_900nm_9,L_900nm_10,L_900nm_11,L_900nm_12,L_900nm_13,L_900nm_14,L_900nm_15,L_900nm_16,L_900nm_17,L_900nm_18,L_900nm_19,L_900nm_20,L_900nm_21,L_900nm_22,L_900nm_23,L_900nm_24,L_900nm_25,L_900nm_26,L_900nm_27,L_900nm_28,L_900nm_29,L_900nm_30,L_900nm_31,L_900nm_32,L_900nm_33,L_900nm_34,L_900nm_35,L_900nm_36,L_900nm_37,L_900nm_38,L_900nm_39,L_900nm_40,L_900nm_41,L_900nm_42,L_900nm_43,L_900nm_44,L_900nm_45,L_900nm_46,L_900nm_47,L_900nm_48,L_900nm_49,L_900nm_50,L_900nm_51,L_900nm_52,L_900nm_53,L_900nm_54,L_900nm_55,L_900nm_56,L_900nm_57,L_900nm_58,L_900nm_59,L_900nm_60,L_900nm_61,L_900nm_62,L_900nm_63,L_900nm_64,L_900nm_65,L_900nm_66,L_900nm_67,L_900nm_68,L_900nm_69,L_900nm_70,L_900nm_71,L_900nm_72,L_900nm_73,L_900nm_74,L_900nm_75,L_900nm_76,L_900nm_77,L_900nm_78,L_900nm_79,L_900nm_80,L_1080nm_0,L_1080nm_1,L_1080nm_2,L_1080nm_3,L_1080nm_4,L_1080nm_5,L_1080nm_6,L_1080nm_7,L_1080nm_8,L_1080nm_9,L_1080nm_10,L_1080nm_11,L_1080nm_12,L_1080nm_13,L_1080nm_14,L_1080nm_15,L_1080nm_16,L_1080nm_17,L_1080nm_18,L_1080nm_19,L_1080nm_20,L_1080nm_21,L_1080nm_22,L_1080nm_23,L_1080nm_24,L_1080nm_25,L_1080nm_26,L_1080nm_27,L_1080nm_28,L_1080nm_29,L_1080nm_30,L_1080nm_31,L_1080nm_32,L_1080nm_33,L_1080nm_34,L_1080nm_35,L_1080nm_36,L_1080nm_37,L_1080nm_38,L_1080nm_39,L_1080nm_40,L_1080nm_41,L_1080nm_42,L_1080nm_43,L_1080nm_44,L_1080nm_45,L_1080nm_46,L_1080nm_47,L_1080nm_48,L_1080nm_49,L_1080nm_50,L_1080nm_51,L_1080nm_52,L_1080nm_53,L_1080nm_54,L_1080nm_55,L_1080nm_56,L_1080nm_57,L_1080nm_58,L_1080nm_59,L_1080nm_60,L_1080nm_61,L_1080nm_62,L_1080nm_63,L_1080nm_64,L_1080nm_65,L_1080nm_66,L_1080nm_67,L_1080nm_68,L_1080nm_69,L_1080nm_70,L_1080nm_71,L_1080nm_72,L_1080nm_73,L_1080nm_74,L_1080nm_75,L_1080nm_76,L_1080nm_77,L_1080nm_78,L_1080nm_79,L_1080nm_80,L_1260nm_0,L_1260nm_1,L_1260nm_2,L_1260nm_3,L_1260nm_4,L_1260nm_5,L_1260nm_6,L_1260nm_7,L_1260nm_8,L_1260nm_9,L_1260nm_10,L_1260nm_11,L_1260nm_12,L_1260nm_13,L_1260nm_14,L_1260nm_15,L_1260nm_16,L_1260nm_17,L_1260nm_18,L_1260nm_19,L_1260nm_20,L_1260nm_21,L_1260nm_22,L_1260nm_23,L_1260nm_24,L_1260nm_25,L_1260nm_26,L_1260nm_27,L_1260nm_28,L_1260nm_29,L_1260nm_30,L_1260nm_31,L_1260nm_32,L_1260nm_33,L_1260nm_34,L_1260nm_35,L_1260nm_36,L_1260nm_37,L_1260nm_38,L_1260nm_39,L_1260nm_40,L_1260nm_41,L_1260nm_42,L_1260nm_43,L_1260nm_44,L_1260nm_45,L_1260nm_46,L_1260nm_47,L_1260nm_48,L_1260nm_49,L_1260nm_50,L_1260nm_51,L_1260nm_52,L_1260nm_53,L_1260nm_54,L_1260nm_55,L_1260nm_56,L_1260nm_57,L_1260nm_58,L_1260nm_59,L_1260nm_60,L_1260nm_61,L_1260nm_62,L_1260nm_63,L_1260nm_64,L_1260nm_65,L_1260nm_66,L_1260nm_67,L_1260nm_68,L_1260nm_69,L_1260nm_70,L_1260nm_71,L_1260nm_72,L_1260nm_73,L_1260nm_74,L_1260nm_75,L_1260nm_76,L_1260nm_77,L_1260nm_78,L_1260nm_79,L_1260nm_80
LN,0.00000018,0.00000018,0.00000018,0.00000018,0.00000018,0.00000018,0.00000018,0.00000018,0.00000018,0.00000018,0.00000018,0.00000018,0.00000018,0.00000018,0.00000018,0.00000018,0.00000018,0.00000018,0.00000018,0.00000018,0.00000018,0.00000018,0.00000018,0.00000018,0.00000018,0.00000018,0.00000018,0.00000018,0.00000018,0.00000018,0.00000018,0.00000018,0.00000018,0.00000018,0.00000018,0.00000018,0.00000018,0.00000018,0.00000018,0.00000018,0.00000018,0.00000018,0.00000018,0.00000018,0.00000018,0.00000018,0.00000018,0.00000018,0.00000018,0.00000018,0.00000018,0.00000018,0.00000018,0.00000018,0.00000018,0.00000018,0.00000018,0.00000018,0.00000018,0.00000018,0.00000018,0.00000018,0.00000018,0.00000018,0.00000018,0.00000018,0.00000018,0.00000018,0.00000018,0.00000018,0.00000018,0.00000018,0.00000018,0.00000018,0.00000018,0.00000018,0.00000018,0.00000018,0.00000018,0.00000018,0.00000018,0.00000036,0.00000036,0.00000036,0.00000036,0.00000036,0.00000036,0.00000036,0.00000036,0.00000036,0.00000036,0.00000036,0.00000036,0.00000036,0.00000036,0.00000036,0.00000036,0.00000036,0.00000036,0.00000036,0.00000036,0.00000036,0.00000036,0.00000036,0.00000036,0.00000036,0.00000036,0.00000036,0.00000036,0.00000036,0.00000036,0.00000036,0.00000036,0.00000036,0.00000036,0.00000036,0.00000036,0.00000036,0.00000036,0.00000036,0.00000036,0.00000036,0.00000036,0.00000036,0.00000036,0.00000036,0.00000036,0.00000036,0.00000036,0.00000036,0.00000036,0.00000036,0.00000036,0.00000036,0.00000036,0.00000036,0.00000036,0.00000036,0.00000036,0.00000036,0.00000036,0.00000036,0.00000036,0.00000036,0.00000036,0.00000036,0.00000036,0.00000036,0.00000036,0.00000036,0.00000036,0.00000036,0.00000036,0.00000036,0.00000036,0.00000036,0.00000036,0.00000036,0.00000036,0.00000036,0.00000036,0.00000036,0.00000054,0.00000054,0.00000054,0.00000054,0.00000054,0.00000054,0.00000054,0.00000054,0.00000054,0.00000054,0.00000054,0.00000054,0.00000054,0.00000054,0.00000054,0.00000054,0.00000054,0.00000054,0.00000054,0.00000054,0.00000054,0.00000054,0.00000054,0.00000054,0.00000054,0.00000054,0.00000054,0.00000054,0.00000054,0.00000054,0.00000054,0.00000054,0.00000054,0.00000054,0.00000054,0.00000054,0.00000054,0.00000054,0.00000054,0.00000054,0.00000054,0.00000054,0.00000054,0.00000054,0.00000054,0.00000054,0.00000054,0.00000054,0.00000054,0.00000054,0.00000054,0.00000054,0.00000054,0.00000054,0.00000054,0.00000054,0.00000054,0.00000054,0.00000054,0.00000054,0.00000054,0.00000054,0.00000054,0.00000054,0.00000054,0.00000054,0.00000054,0.00000054,0.00000054,0.00000054,0.00000054,0.00000054,0.00000054,0.00000054,0.00000054,0.00000054,0.00000054,0.00000054,0.00000054,0.00000054,0.00000054,0.00000072,0.00000072,0.00000072,0.00000072,0.00000072,0.00000072,0.00000072,0.00000072,0.00000072,0.00000072,0.00000072,0.00000072,0.00000072,0.00000072,0.00000072,0.00000072,0.00000072,0.00000072,0.00000072,0.00000072,0.00000072,0.00000072,0.00000072,0.00000072,0.00000072,0.00000072,0.00000072,0.00000072,0.00000072,0.00000072,0.00000072,0.00000072,0.00000072,0.00000072,0.00000072,0.00000072,0.00000072,0.00000072,0.00000072,0.00000072,0.00000072,0.00000072,0.00000072,0.00000072,0.00000072,0.00000072,0.00000072,0.00000072,0.00000072,0.00000072,0.00000072,0.00000072,0.00000072,0.00000072,0.00000072,0.00000072,0.00000072,0.00000072,0.00000072,0.00000072,0.00000072,0.00000072,0.00000072,0.00000072,0.00000072,0.00000072,0.00000072,0.00000072,0.00000072,0.00000072,0.00000072,0.00000072,0.00000072,0.00000072,0.00000072,0.00000072,0.00000072,0.00000072,0.00000072,0.00000072,0.00000072,0.0000009,0.0000009,0.0000009,0.0000009,0.0000009,0.0000009,0.0000009,0.0000009,0.0000009,0.0000009,0.0000009,0.0000009,0.0000009,0.0000009,0.0000009,0.0000009,0.0000009,0.0000009,0.0000009,0.0000009,0.0000009,0.0000009,0.0000009,0.0000009,0.0000009,0.0000009,0.0000009,0.0000009,0.0000009,0.0000009,0.0000009,0.0000009,0.0000009,0.0000009,0.0000009,0.0000009,0.0000009,0.0000009,0.0000009,0.0000009,0.0000009,0.0000009,0.0000009,0.0000009,0.0000009,0.0000009,0.0000009,0.0000009,0.0000009,0.0000009,0.0000009,0.0000009,0.0000009,0.0000009,0.0000009,0.0000009,0.0000009,0.0000009,0.0000009,0.0000009,0.0000009,0.0000009,0.0000009,0.0000009,0.0000009,0.0000009,0.0000009,0.0000009,0.0000009,0.0000009,0.0000009,0.0000009,0.0000009,0.0000009,0.0000009,0.0000009,0.0000009,0.0000009,0.0000009,0.0000009,0.0000009,0.00000108,0.00000108,0.00000108,0.00000108,0.00000108,0.00000108,0.00000108,0.00000108,0.00000108,0.00000108,0.00000108,0.00000108,0.00000108,0.00000108,0.00000108,0.00000108,0.00000108,0.00000108,0.00000108,0.00000108,0.00000108,0.00000108,0.00000108,0.00000108,0.00000108,0.00000108,0.00000108,0.00000108,0.00000108,0.00000108,0.00000108,0.00000108,0.00000108,0.00000108,0.00000108,0.00000108,0.00000108,0.00000108,0.00000108,0.00000108,0.00000108,0.00000108,0.00000108,0.00000108,0.00000108,0.00000108,0.00000108,0.00000108,0.00000108,0.00000108,0.00000108,0.00000108,0.00000108,0.00000108,0.00000108,0.00000108,0.00000108,0.00000108,0.00000108,0.00000108,0.00000108,0.00000108,0.00000108,0.00000108,0.00000108,0.00000108,0.00000108,0.00000108,0.00000108,0.00000108,0.00000108,0.00000108,0.00000108,0.00000108,0.00000108,0.00000108,0.00000108,0.00000108,0.00000108,0.00000108,0.00000108,0.00000126,0.00000126,0.00000126,0.00000126,0.00000126,0.00000126,0.00000126,0.00000126,0.00000126,0.00000126,0.00000126,0.00000126,0.00000126,0.00000126,0.00000126,0.00000126,0.00000126,0.00000126,0.00000126,0.00000126,0.00000126,0.00000126,0.00000126,0.00000126,0.00000126,0.00000126,0.00000126,0.00000126,0.00000126,0.00000126,0.00000126,0.00000126,0.00000126,0.00000126,0.00000126,0.00000126,0.00000126,0.00000126,0.00000126,0.00000126,0.00000126,0.00000126,0.00000126,0.00000126,0.00000126,0.00000126,0.00000126,0.00000126,0.00000126,0.00000126,0.00000126,0.00000126,0.00000126,0.00000126,0.00000126,0.00000126,0.00000126,0.00000126,0.00000126,0.00000126,0.00000126,0.00000126,0.00000126,0.00000126,0.00000126,0.00000126,0.00000126,0.00000126,0.00000126,0.00000126,0.00000126,0.00000126,0.00000126,0.00000126,0.00000126,0.00000126,0.00000126,0.00000126,0.00000126,0.00000126,0.00000126
VDS,0.4,0.4,0.4,0.4,0.4,0.4,0.4,0.4,0.4,0.4,0.4,0.4,0.4,0.4,0.4,0.4,0.4,0.4,0.4,0.4,0.4,0.4,0.4,0.4,0.4,0.4,0.4,0.4,0.4,0.4,0.4,0.4,0.4,0.4,0.4,0.4,0.4,0.4,0.4,0.4,0.4,0.4,0.4,0.4,0.4,0.4,0.4,0.4,0.4,0.4,0.4,0.4,0.4,0.4,0.4,0.4,0.4,0.4,0.4,0.4,0.4,0.4,0.4,0.4,0.4,0.4,0.4,0.4,0.4,0.4,0.4,0.4,0.4,0.4,0.4,0.4,0.4,0.4,0.4,0.4,0.4,0.4,0.4,0.4,0.4,0.4,0.4,0.4,0.4,0.4,0.4,0.4,0.4,0.4,0.4,0.4,0.4,0.4,0.4,0.4,0.4,0.4,0.4,0.4,0.4,0.4,0.4,0.4,0.4,0.4,0.4,0.4,0.4,0.4,0.4,0.4,0.4,0.4,0.4,0.4,0.4,0.4,0.4,0.4,0.4,0.4,0.4,0.4,0.4,0.4,0.4,0.4,0.4,0.4,0.4,0.4,0.4,0.4,0.4,0.4,0.4,0.4,0.4,0.4,0.4,0.4,0.4,0.4,0.4,0.4,0.4,0.4,0.4,0.4,0.4,0.4,0.4,0.4,0.4,0.4,0.4,0.4,0.4,0.4,0.4,0.4,0.4,0.4,0.4,0.4,0.4,0.4,0.4,0.4,0.4,0.4,0.4,0.4,0.4,0.4,0.4,0.4,0.4,0.4,0.4,0.4,0.4,0.4,0.4,0.4,0.4,0.4,0.4,0.4,0.4,0.4,0.4,0.4,0.4,0.4,0.4,0.4,0.4,0.4,0.4,0.4,0.4,0.4,0.4,0.4,0.4,0.4,0.4,0.4,0.4,0.4,0.4,0.4,0.4,0.4,0.4,0.4,0.4,0.4,0.4,0.4,0.4,0.4,0.4,0.4,0.4,0.4,0.4,0.4,0.4,0.4,0.4,0.4,0.4,0.4,0.4,0.4,0.4,0.4,0.4,0.4,0.4,0.4,0.4,0.4,0.4,0.4,0.4,0.4,0.4,0.4,0.4,0.4,0.4,0.4,0.4,0.4,0.4,0.4,0.4,0.4,0.4,0.4,0.4,0.4,0.4,0.4,0.4,0.4,0.4,0.4,0.4,0.4,0.4,0.4,0.4,0.4,0.4,0.4,0.4,0.4,0.4,0.4,0.4,0.4,0.4,0.4,0.4,0.4,0.4,0.4,0.4,0.4,0.4,0.4,0.4,0.4,0.4,0.4,0.4,0.4,0.4,0.4,0.4,0.4,0.4,0.4,0.4,0.4,0.4,0.4,0.4,0.4,0.4,0.4,0.4,0.4,0.4,0.4,0.4,0.4,0.4,0.4,0.4,0.4,0.4,0.4,0.4,0.4,0.4,0.4,0.4,0.4,0.4,0.4,0.4,0.4,0.4,0.4,0.4,0.4,0.4,0.4,0.4,0.4,0.4,0.4,0.4,0.4,0.4,0.4,0.4,0.4,0.4,0.4,0.4,0.4,0.4,0.4,0.4,0.4,0.4,0.4,0.4,0.4,0.4,0.4,0.4,0.4,0.4,0.4,0.4,0.4,0.4,0.4,0.4,0.4,0.4,0.4,0.4,0.4,0.4,0.4,0.4,0.4,0.4,0.4,0.4,0.4,0.4,0.4,0.4,0.4,0.4,0.4,0.4,0.4,0.4,0.4,0.4,0.4,0.4,0.4,0.4,0.4,0.4,0.4,0.4,0.4,0.4,0.4,0.4,0.4,0.4,0.4,0.4,0.4,0.4,0.4,0.4,0.4,0.4,0.4,0.4,0.4,0.4,0.4,0.4,0.4,0.4,0.4,0.4,0.4,0.4,0.4,0.4,0.4,0.4,0.4,0.4,0.4,0.4,0.4,0.4,0.4,0.4,0.4,0.4,0.4,0.4,0.4,0.4,0.4,0.4,0.4,0.4,0.4,0.4,0.4,0.4,0.4,0.4,0.4,0.4,0.4,0.4,0.4,0.4,0.4,0.4,0.4,0.4,0.4,0.4,0.4,0.4,0.4,0.4,0.4,0.4,0.4,0.4,0.4,0.4,0.4,0.4,0.4,0.4,0.4,0.4,0.4,0.4,0.4,0.4,0.4,0.4,0.4,0.4,0.4,0.4,0.4,0.4,0.4,0.4,0.4,0.4,0.4,0.4,0.4,0.4,0.4,0.4,0.4,0.4,0.4,0.4,0.4,0.4,0.4,0.4,0.4,0.4,0.4,0.4,0.4,0.4,0.4,0.4,0.4,0.4,0.4,0.4,0.4,0.4,0.4,0.4,0.4,0.4,0.4,0.4,0.4,0.4,0.4,0.4,0.4,0.4,0.4,0.4,0.4,0.4,0.4,0.4,0.4,0.4,0.4,0.4,0.4,0.4,0.4,0.4,0.4,0.4
VGS,0.4,0.41,0.42,0.43,0.44,0.45,0.46,0.47,0.48,0.49,0.5,0.51,0.52,0.53,0.54,0.55,0.56,0.57,0.58,0.59,0.6,0.61,0.62,0.63,0.64,0.65,0.66,0.67,0.68,0.69,0.7,0.71,0.72,0.73,0.74,0.75,0.76,0.77,0.78,0.79,0.8,0.81,0.82,0.83,0.84,0.85,0.86,0.87,0.88,0.89,0.9,0.91,0.92,0.93,0.94,0.95,0.96,0.97,0.98,0.99,1,1.01,1.02,1.03,1.04,1.05,1.06,1.07,1.08,1.09,1.1,1.11,1.12,1.13,1.14,1.15,1.16,1.17,1.18,1.19,1.2,0.4,0.41,0.42,0.43,0.44,0.45,0.46,0.47,0.48,0.49,0.5,0.51,0.52,0.53,0.54,0.55,0.56,0.57,0.58,0.59,0.6,0.61,0.62,0.63,0.64,0.65,0.66,0.67,0.68,0.69,0.7,0.71,0.72,0.73,0.74,0.75,0.76,0.77,0.78,0.79,0.8,0.81,0.82,0.83,0.84,0.85,0.86,0.87,0.88,0.89,0.9,0.91,0.92,0.93,0.94,0.95,0.96,0.97,0.98,0.99,1,1.01,1.02,1.03,1.04,1.05,1.06,1.07,1.08,1.09,1.1,1.11,1.12,1.13,1.14,1.15,1.16,1.17,1.18,1.19,1.2,0.4,0.41,0.42,0.43,0.44,0.45,0.46,0.47,0.48,0.49,0.5,0.51,0.52,0.53,0.54,0.55,0.56,0.57,0.58,0.59,0.6,0.61,0.62,0.63,0.64,0.65,0.66,0.67,0.68,0.69,0.7,0.71,0.72,0.73,0.74,0.75,0.76,0.77,0.78,0.79,0.8,0.81,0.82,0.83,0.84,0.85,0.86,0.87,0.88,0.89,0.9,0.91,0.92,0.93,0.94,0.95,0.96,0.97,0.98,0.99,1,1.01,1.02,1.03,1.04,1.05,1.06,1.07,1.08,1.09,1.1,1.11,1.12,1.13,1.14,1.15,1.16,1.17,1.18,1.19,1.2,0.4,0.41,0.42,0.43,0.44,0.45,0.46,0.47,0.48,0.49,0.5,0.51,0.52,0.53,0.54,0.55,0.56,0.57,0.58,0.59,0.6,0.61,0.62,0.63,0.64,0.65,0.66,0.67,0.68,0.69,0.7,0.71,0.72,0.73,0.74,0.75,0.76,0.77,0.78,0.79,0.8,0.81,0.82,0.83,0.84,0.85,0.86,0.87,0.88,0.89,0.9,0.91,0.92,0.93,0.94,0.95,0.96,0.97,0.98,0.99,1,1.01,1.02,1.03,1.04,1.05,1.06,1.07,1.08,1.09,1.1,1.11,1.12,1.13,1.14,1.15,1.16,1.17,1.18,1.19,1.2,0.4,0.41,0.42,0.43,0.44,0.45,0.46,0.47,0.48,0.49,0.5,0.51,0.52,0.53,0.54,0.55,0.56,0.57,0.58,0.59,0.6,0.61,0.62,0.63,0.64,0.65,0.66,0.67,0.68,0.69,0.7,0.71,0.72,0.73,0.74,0.75,0.76,0.77,0.78,0.79,0.8,0.81,0.82,0.83,0.84,0.85,0.86,0.87,0.88,0.89,0.9,0.91,0.92,0.93,0.94,0.95,0.96,0.97,0.98,0.99,1,1.01,1.02,1.03,1.04,1.05,1.06,1.07,1.08,1.09,1.1,1.11,1.12,1.13,1.14,1.15,1.16,1.17,1.18,1.19,1.2,0.4,0.41,0.42,0.43,0.44,0.45,0.46,0.47,0.48,0.49,0.5,0.51,0.52,0.53,0.54,0.55,0.56,0.57,0.58,0.59,0.6,0.61,0.62,0.63,0.64,0.65,0.66,0.67,0.68,0.69,0.7,0.71,0.72,0.73,0.74,0.75,0.76,0.77,0.78,0.79,0.8,0.81,0.82,0.83,0.84,0.85,0.86,0.87,0.88,0.89,0.9,0.91,0.92,0.93,0.94,0.95,0.96,0.97,0.98,0.99,1,1.01,1.02,1.03,1.04,1.05,1.06,1.07,1.08,1.09,1.1,1.11,1.12,1.13,1.14,1.15,1.16,1.17,1.18,1.19,1.2,0.4,0.41,0.42,0.43,0.44,0.45,0.46,0.47,0.48,0.49,0.5,0.51,0.52,0.53,0.54,0.55,0.56,0.57,0.58,0.59,0.6,0.61,0.62,0.63,0.64,0.65,0.66,0.67,0.68,0.69,0.7,0.71,0.72,0.73,0.74,0.75,0.76,0.77,0.78,0.79,0.8,0.81,0.82,0.83,0.84,0.85,0.86,0.87,0.88,0.89,0.9,0.91,0.92,0.93,0.94,0.95,0.96,0.97,0.98,0.99,1,1.01,1.02,1.03,1.04,1.05,1.06,1.07,1.08,1.09,1.1,1.11,1.12,1.13,1.14,1.15,1.16,1.17,1.18,1.19,1.2
Output,L_180nm_0,L_180nm_1,L_180nm_2,L_180nm_3,L_180nm_4,L_180nm_5,L_180nm_6,L_180nm_7,L_180nm_8,L_180nm_9,L_180nm_10,L_180nm_11,L_180nm_12,L_180nm_13,L_180nm_14,L_180nm_15,L_180nm_16,L_180nm_17,L_180nm_18,L_180nm_19,L_180nm_20,L_180nm_21,L_180nm_22,L_180nm_23,L_180nm_24,L_180nm_25,L_180nm_26,L_180nm_27,L_180nm_28,L_180nm_29,L_180nm_30,L_180nm_31,L_180nm_32,L_180nm_33,L_180nm_34,L_180nm_35,L_180nm_36,L_180nm_37,L_180nm_38,L_180nm_39,L_180nm_40,L_180nm_41,L_180nm_42,L_180nm_43,L_180nm_44,L_180nm_45,L_180nm_46,L_180nm_47,L_180nm_48,L_180nm_49,L_180nm_50,L_180nm_51,L_180nm_52,L_180nm_53,L_180nm_54,L_180nm_55,L_180nm_56,L_180nm_57,L_180nm_58,L_180nm_59,L_180nm_60,L_180nm_61,L_180nm_62,L_180nm_63,L_180nm_64,L_180nm_65,L_180nm_66,L_180nm_67,L_180nm_68,L_180nm_69,L_180nm_70,L_180nm_71,L_180nm_72,L_180nm_73,L_180nm_74,L_180nm_75,L_180nm_76,L_180nm_77,L_180nm_78,L_180nm_79,L_180nm_80,L_360nm_0,L_360nm_1,L_360nm_2,L_360nm_3,L_360nm_4,L_360nm_5,L_360nm_6,L_360nm_7,L_360nm_8,L_360nm_9,L_360nm_10,L_360nm_11,L_360nm_12,L_360nm_13,L_360nm_14,L_360nm_15,L_360nm_16,L_360nm_17,L_360nm_18,L_360nm_19,L_360nm_20,L_360nm_21,L_360nm_22,L_360nm_23,L_360nm_24,L_360nm_25,L_360nm_26,L_360nm_27,L_360nm_28,L_360nm_29,L_360nm_30,L_360nm_31,L_360nm_32,L_360nm_33,L_360nm_34,L_360nm_35,L_360nm_36,L_360nm_37,L_360nm_38,L_360nm_39,L_360nm_40,L_360nm_41,L_360nm_42,L_360nm_43,L_360nm_44,L_360nm_45,L_360nm_46,L_360nm_47,L_360nm_48,L_360nm_49,L_360nm_50,L_360nm_51,L_360nm_52,L_360nm_53,L_360nm_54,L_360nm_55,L_360nm_56,L_360nm_57,L_360nm_58,L_360nm_59,L_360nm_60,L_360nm_61,L_360nm_62,L_360nm_63,L_360nm_64,L_360nm_65,L_360nm_66,L_360nm_67,L_360nm_68,L_360nm_69,L_360nm_70,L_360nm_71,L_360nm_72,L_360nm_73,L_360nm_74,L_360nm_75,L_360nm_76,L_360nm_77,L_360nm_78,L_360nm_79,L_360nm_80,L_540nm_0,L_540nm_1,L_540nm_2,L_540nm_3,L_540nm_4,L_540nm_5,L_540nm_6,L_540nm_7,L_540nm_8,L_540nm_9,L_540nm_10,L_540nm_11,L_540nm_12,L_540nm_13,L_540nm_14,L_540nm_15,L_540nm_16,L_540nm_17,L_540nm_18,L_540nm_19,L_540nm_20,L_540nm_21,L_540nm_22,L_540nm_23,L_540nm_24,L_540nm_25,L_540nm_26,L_540nm_27,L_540nm_28,L_540nm_29,L_540nm_30,L_540nm_31,L_540nm_32,L_540nm_33,L_540nm_34,L_540nm_35,L_540nm_36,L_540nm_37,L_540nm_38,L_540nm_39,L_540nm_40,L_540nm_41,L_540nm_42,L_540nm_43,L_540nm_44,L_540nm_45,L_540nm_46,L_540nm_47,L_540nm_48,L_540nm_49,L_540nm_50,L_540nm_51,L_540nm_52,L_540nm_53,L_540nm_54,L_540nm_55,L_540nm_56,L_540nm_57,L_540nm_58,L_540nm_59,L_540nm_60,L_540nm_61,L_540nm_62,L_540nm_63,L_540nm_64,L_540nm_65,L_540nm_66,L_540nm_67,L_540nm_68,L_540nm_69,L_540nm_70,L_540nm_71,L_540nm_72,L_540nm_73,L_540nm_74,L_540nm_75,L_540nm_76,L_540nm_77,L_540nm_78,L_540nm_79,L_540nm_80,L_720nm_0,L_720nm_1,L_720nm_2,L_720nm_3,L_720nm_4,L_720nm_5,L_720nm_6,L_720nm_7,L_720nm_8,L_720nm_9,L_720nm_10,L_720nm_11,L_720nm_12,L_720nm_13,L_720nm_14,L_720nm_15,L_720nm_16,L_720nm_17,L_720nm_18,L_720nm_19,L_720nm_20,L_720nm_21,L_720nm_22,L_720nm_23,L_720nm_24,L_720nm_25,L_720nm_26,L_720nm_27,L_720nm_28,L_720nm_29,L_720nm_30,L_720nm_31,L_720nm_32,L_720nm_33,L_720nm_34,L_720nm_35,L_720nm_36,L_720nm_37,L_720nm_38,L_720nm_39,L_720nm_40,L_720nm_41,L_720nm_42,L_720nm_43,L_720nm_44,L_720nm_45,L_720nm_46,L_720nm_47,L_720nm_48,L_720nm_49,L_720nm_50,L_720nm_51,L_720nm_52,L_720nm_53,L_720nm_54,L_720nm_55,L_720nm_56,L_720nm_57,L_720nm_58,L_720nm_59,L_720nm_60,L_720nm_61,L_720nm_62,L_720nm_63,L_720nm_64,L_720nm_65,L_720nm_66,L_720nm_67,L_720nm_68,L_720nm_69,L_720nm_70,L_720nm_71,L_720nm_72,L_720nm_73,L_720nm_74,L_720nm_75,L_720nm_76,L_720nm_77,L_720nm_78,L_720nm_79,L_720nm_80,L_900nm_0,L_900nm_1,L_900nm_2,L_900nm_3,L_900nm_4,L_900nm_5,L_900nm_6,L_900nm_7,L_900nm_8,L_900nm_9,L_900nm_10,L_900nm_11,L_900nm_12,L_900nm_13,L_900nm_14,L_900nm_15,L_900nm_16,L_900nm_17,L_900nm_18,L_900nm_19,L_900nm_20,L_900nm_21,L_900nm_22,L_900nm_23,L_900nm_24,L_900nm_25,L_900nm_26,L_900nm_27,L_900nm_28,L_900nm_29,L_900nm_30,L_900nm_31,L_900nm_32,L_900nm_33,L_900nm_34,L_900nm_35,L_900nm_36,L_900nm_37,L_900nm_38,L_900nm_39,L_900nm_40,L_900nm_41,L_900nm_42,L_900nm_43,L_900nm_44,L_900nm_45,L_900nm_46,L_900nm_47,L_900nm_48,L_900nm_49,L_900nm_50,L_900nm_51,L_900nm_52,L_900nm_53,L_900nm_54,L_900nm_55,L_900nm_56,L_900nm_57,L_900nm_58,L_900nm_59,L_900nm_60,L_900nm_61,L_900nm_62,L_900nm_63,L_900nm_64,L_900nm_65,L_900nm_66,L_900nm_67,L_900nm_68,L_900nm_69,L_900nm_70,L_900nm_71,L_900nm_72,L_900nm_73,L_900nm_74,L_900nm_75,L_900nm_76,L_900nm_77,L_900nm_78,L_900nm_79,L_900nm_80,L_1080nm_0,L_1080nm_1,L_1080nm_2,L_1080nm_3,L_1080nm_4,L_1080nm_5,L_1080nm_6,L_1080nm_7,L_1080nm_8,L_1080nm_9,L_1080nm_10,L_1080nm_11,L_1080nm_12,L_1080nm_13,L_1080nm_14,L_1080nm_15,L_1080nm_16,L_1080nm_17,L_1080nm_18,L_1080nm_19,L_1080nm_20,L_1080nm_21,L_1080nm_22,L_1080nm_23,L_1080nm_24,L_1080nm_25,L_1080nm_26,L_1080nm_27,L_1080nm_28,L_1080nm_29,L_1080nm_30,L_1080nm_31,L_1080nm_32,L_1080nm_33,L_1080nm_34,L_1080nm_35,L_1080nm_36,L_1080nm_37,L_1080nm_38,L_1080nm_39,L_1080nm_40,L_1080nm_41,L_1080nm_42,L_1080nm_43,L_1080nm_44,L_1080nm_45,L_1080nm_46,L_1080nm_47,L_1080nm_48,L_1080nm_49,L_1080nm_50,L_1080nm_51,L_1080nm_52,L_1080nm_53,L_1080nm_54,L_1080nm_55,L_1080nm_56,L_1080nm_57,L_1080nm_58,L_1080nm_59,L_1080nm_60,L_1080nm_61,L_1080nm_62,L_1080nm_63,L_1080nm_64,L_1080nm_65,L_1080nm_66,L_1080nm_67,L_1080nm_68,L_1080nm_69,L_1080nm_70,L_1080nm_71,L_1080nm_72,L_1080nm_73,L_1080nm_74,L_1080nm_75,L_1080nm_76,L_1080nm_77,L_1080nm_78,L_1080nm_79,L_1080nm_80,L_1260nm_0,L_1260nm_1,L_1260nm_2,L_1260nm_3,L_1260nm_4,L_1260nm_5,L_1260nm_6,L_1260nm_7,L_1260nm_8,L_1260nm_9,L_1260nm_10,L_1260nm_11,L_1260nm_12,L_1260nm_13,L_1260nm_14,L_1260nm_15,L_1260nm_16,L_1260nm_17,L_1260nm_18,L_1260nm_19,L_1260nm_20,L_1260nm_21,L_1260nm_22,L_1260nm_23,L_1260nm_24,L_1260nm_25,L_1260nm_26,L_1260nm_27,L_1260nm_28,L_1260nm_29,L_1260nm_30,L_1260nm_31,L_1260nm_32,L_1260nm_33,L_1260nm_34,L_1260nm_35,L_1260nm_36,L_1260nm_37,L_1260nm_38,L_1260nm_39,L_1260nm_40,L_1260nm_41,L_1260nm_42,L_1260nm_43,L_1260nm_44,L_1260nm_45,L_1260nm_46,L_1260nm_47,L_1260nm_48,L_1260nm_49,L_1260nm_50,L_1260nm_51,L_1260nm_52,L_1260nm_53,L_1260nm_54,L_1260nm_55,L_1260nm_56,L_1260nm_57,L_1260nm_58,L_1260nm_59,L_1260nm_60,L_1260nm_61,L_1260nm_62,L_1260nm_63,L_1260nm_64,L_1260nm_65,L_1260nm_66,L_1260nm_67,L_1260nm_68,L_1260nm_69,L_1260nm_70,L_1260nm_71,L_1260nm_72,L_1260nm_73,L_1260nm_74,L_1260nm_75,L_1260nm_76,L_1260nm_77,L_1260nm_78,L_1260nm_79,L_1260nm_80
"OP(""/NM1"" ""vds"")",0.4,0.4,0.4,0.4,0.4,0.4,0.4,0.4,0.4,0.4,0.4,0.4,0.4,0.4,0.4,0.4,0.4,0.4,0.4,0.4,0.4,0.4,0.4,0.4,0.4,0.4,0.4,0.4,0.4,0.4,0.4,0.4,0.4,0.4,0.4,0.4,0.4,0.4,0.4,0.4,0.4,0.4,0.4,0.4,0.4,0.4,0.4,0.4,0.4,0.4,0.4,0.4,0.4,0.4,0.4,0.4,0.4,0.4,0.4,0.4,0.4,0.4,0.4,0.4,0.4,0.4,0.4,0.4,0.4,0.4,0.4,0.4,0.4,0.4,0.4,0.4,0.4,0.4,0.4,0.4,0.4,0.4,0.4,0.4,0.4,0.4,0.4,0.4,0.4,0.4,0.4,0.4,0.4,0.4,0.4,0.4,0.4,0.4,0.4,0.4,0.4,0.4,0.4,0.4,0.4,0.4,0.4,0.4,0.4,0.4,0.4,0.4,0.4,0.4,0.4,0.4,0.4,0.4,0.4,0.4,0.4,0.4,0.4,0.4,0.4,0.4,0.4,0.4,0.4,0.4,0.4,0.4,0.4,0.4,0.4,0.4,0.4,0.4,0.4,0.4,0.4,0.4,0.4,0.4,0.4,0.4,0.4,0.4,0.4,0.4,0.4,0.4,0.4,0.4,0.4,0.4,0.4,0.4,0.4,0.4,0.4,0.4,0.4,0.4,0.4,0.4,0.4,0.4,0.4,0.4,0.4,0.4,0.4,0.4,0.4,0.4,0.4,0.4,0.4,0.4,0.4,0.4,0.4,0.4,0.4,0.4,0.4,0.4,0.4,0.4,0.4,0.4,0.4,0.4,0.4,0.4,0.4,0.4,0.4,0.4,0.4,0.4,0.4,0.4,0.4,0.4,0.4,0.4,0.4,0.4,0.4,0.4,0.4,0.4,0.4,0.4,0.4,0.4,0.4,0.4,0.4,0.4,0.4,0.4,0.4,0.4,0.4,0.4,0.4,0.4,0.4,0.4,0.4,0.4,0.4,0.4,0.4,0.4,0.4,0.4,0.4,0.4,0.4,0.4,0.4,0.4,0.4,0.4,0.4,0.4,0.4,0.4,0.4,0.4,0.4,0.4,0.4,0.4,0.4,0.4,0.4,0.4,0.4,0.4,0.4,0.4,0.4,0.4,0.4,0.4,0.4,0.4,0.4,0.4,0.4,0.4,0.4,0.4,0.4,0.4,0.4,0.4,0.4,0.4,0.4,0.4,0.4,0.4,0.4,0.4,0.4,0.4,0.4,0.4,0.4,0.4,0.4,0.4,0.4,0.4,0.4,0.4,0.4,0.4,0.4,0.4,0.4,0.4,0.4,0.4,0.4,0.4,0.4,0.4,0.4,0.4,0.4,0.4,0.4,0.4,0.4,0.4,0.4,0.4,0.4,0.4,0.4,0.4,0.4,0.4,0.4,0.4,0.4,0.4,0.4,0.4,0.4,0.4,0.4,0.4,0.4,0.4,0.4,0.4,0.4,0.4,0.4,0.4,0.4,0.4,0.4,0.4,0.4,0.4,0.4,0.4,0.4,0.4,0.4,0.4,0.4,0.4,0.4,0.4,0.4,0.4,0.4,0.4,0.4,0.4,0.4,0.4,0.4,0.4,0.4,0.4,0.4,0.4,0.4,0.4,0.4,0.4,0.4,0.4,0.4,0.4,0.4,0.4,0.4,0.4,0.4,0.4,0.4,0.4,0.4,0.4,0.4,0.4,0.4,0.4,0.4,0.4,0.4,0.4,0.4,0.4,0.4,0.4,0.4,0.4,0.4,0.4,0.4,0.4,0.4,0.4,0.4,0.4,0.4,0.4,0.4,0.4,0.4,0.4,0.4,0.4,0.4,0.4,0.4,0.4,0.4,0.4,0.4,0.4,0.4,0.4,0.4,0.4,0.4,0.4,0.4,0.4,0.4,0.4,0.4,0.4,0.4,0.4,0.4,0.4,0.4,0.4,0.4,0.4,0.4,0.4,0.4,0.4,0.4,0.4,0.4,0.4,0.4,0.4,0.4,0.4,0.4,0.4,0.4,0.4,0.4,0.4,0.4,0.4,0.4,0.4,0.4,0.4,0.4,0.4,0.4,0.4,0.4,0.4,0.4,0.4,0.4,0.4,0.4,0.4,0.4,0.4,0.4,0.4,0.4,0.4,0.4,0.4,0.4,0.4,0.4,0.4,0.4,0.4,0.4,0.4,0.4,0.4,0.4,0.4,0.4,0.4,0.4,0.4,0.4,0.4,0.4,0.4,0.4,0.4,0.4,0.4,0.4,0.4,0.4,0.4,0.4,0.4,0.4,0.4,0.4,0.4,0.4,0.4,0.4,0.4,0.4,0.4,0.4,0.4,0.4,0.4,0.4,0.4,0.4,0.4,0.4,0.4,0.4,0.4,0.4,0.4,0.4,0.4,0.4,0.4,0.4,0.4,0.4,0.4,0.4,0.4,0.4,0.4,0.4,0.4,0.4
"OP(""/NM1"" ""region"")",3,3,3,3,3,3,3,3,3,3,3,2,2,2,2,2,2,2,2,2,2,2,2,2,2,2,2,2,2,2,2,2,2,2,2,2,2,2,2,2,2,2,2,2,2,2,2,2,2,2,2,2,2,2,2,2,2,2,2,2,2,2,2,2,2,2,2,2,2,2,2,2,2,2,2,2,2,2,2,2,2,3,3,3,3,3,3,3,3,2,2,2,2,2,2,2,2,2,2,2,2,2,2,2,2,2,2,2,2,2,2,2,2,2,2,2,2,2,2,2,2,2,2,2,2,2,2,2,2,2,2,2,2,2,2,2,2,2,2,2,2,2,2,2,2,2,2,2,2,2,2,2,2,2,2,2,2,2,2,2,2,2,3,3,3,3,3,3,2,2,2,2,2,2,2,2,2,2,2,2,2,2,2,2,2,2,2,2,2,2,2,2,2,2,2,2,2,2,2,2,2,2,2,2,2,2,2,2,2,2,2,2,2,2,2,2,2,2,2,2,2,2,2,2,2,2,2,2,2,2,2,2,2,2,2,2,2,2,2,1,1,1,1,3,3,3,3,2,2,2,2,2,2,2,2,2,2,2,2,2,2,2,2,2,2,2,2,2,2,2,2,2,2,2,2,2,2,2,2,2,2,2,2,2,2,2,2,2,2,2,2,2,2,2,2,2,2,2,2,2,2,2,2,2,2,2,2,2,2,2,2,2,1,1,1,1,1,1,1,1,1,1,1,1,3,3,3,2,2,2,2,2,2,2,2,2,2,2,2,2,2,2,2,2,2,2,2,2,2,2,2,2,2,2,2,2,2,2,2,2,2,2,2,2,2,2,2,2,2,2,2,2,2,2,2,2,2,2,2,2,2,2,2,2,2,2,2,2,2,1,1,1,1,1,1,1,1,1,1,1,1,1,1,1,1,3,3,2,2,2,2,2,2,2,2,2,2,2,2,2,2,2,2,2,2,2,2,2,2,2,2,2,2,2,2,2,2,2,2,2,2,2,2,2,2,2,2,2,2,2,2,2,2,2,2,2,2,2,2,2,2,2,2,2,2,2,2,1,1,1,1,1,1,1,1,1,1,1,1,1,1,1,1,1,1,1,3,3,2,2,2,2,2,2,2,2,2,2,2,2,2,2,2,2,2,2,2,2,2,2,2,2,2,2,2,2,2,2,2,2,2,2,2,2,2,2,2,2,2,2,2,2,2,2,2,2,2,2,2,2,2,2,2,2,2,2,2,1,1,1,1,1,1,1,1,1,1,1,1,1,1,1,1,1,1,1,1
"OP(""/NM1"" ""vgs"")",0.4,0.41,0.42,0.43,0.44,0.45,0.46,0.47,0.48,0.49,0.5,0.51,0.52,0.53,0.54,0.55,0.56,0.57,0.58,0.59,0.6,0.61,0.62,0.63,0.64,0.65,0.66,0.67,0.68,0.69,0.7,0.71,0.72,0.73,0.74,0.75,0.76,0.77,0.78,0.79,0.8,0.81,0.82,0.83,0.84,0.85,0.86,0.87,0.88,0.89,0.9,0.91,0.92,0.93,0.94,0.95,0.96,0.97,0.98,0.99,1,1.01,1.02,1.03,1.04,1.05,1.06,1.07,1.08,1.09,1.1,1.11,1.12,1.13,1.14,1.15,1.16,1.17,1.18,1.19,1.2,0.4,0.41,0.42,0.43,0.44,0.45,0.46,0.47,0.48,0.49,0.5,0.51,0.52,0.53,0.54,0.55,0.56,0.57,0.58,0.59,0.6,0.61,0.62,0.63,0.64,0.65,0.66,0.67,0.68,0.69,0.7,0.71,0.72,0.73,0.74,0.75,0.76,0.77,0.78,0.79,0.8,0.81,0.82,0.83,0.84,0.85,0.86,0.87,0.88,0.89,0.9,0.91,0.92,0.93,0.94,0.95,0.96,0.97,0.98,0.99,1,1.01,1.02,1.03,1.04,1.05,1.06,1.07,1.08,1.09,1.1,1.11,1.12,1.13,1.14,1.15,1.16,1.17,1.18,1.19,1.2,0.4,0.41,0.42,0.43,0.44,0.45,0.46,0.47,0.48,0.49,0.5,0.51,0.52,0.53,0.54,0.55,0.56,0.57,0.58,0.59,0.6,0.61,0.62,0.63,0.64,0.65,0.66,0.67,0.68,0.69,0.7,0.71,0.72,0.73,0.74,0.75,0.76,0.77,0.78,0.79,0.8,0.81,0.82,0.83,0.84,0.85,0.86,0.87,0.88,0.89,0.9,0.91,0.92,0.93,0.94,0.95,0.96,0.97,0.98,0.99,1,1.01,1.02,1.03,1.04,1.05,1.06,1.07,1.08,1.09,1.1,1.11,1.12,1.13,1.14,1.15,1.16,1.17,1.18,1.19,1.2,0.4,0.41,0.42,0.43,0.44,0.45,0.46,0.47,0.48,0.49,0.5,0.51,0.52,0.53,0.54,0.55,0.56,0.57,0.58,0.59,0.6,0.61,0.62,0.63,0.64,0.65,0.66,0.67,0.68,0.69,0.7,0.71,0.72,0.73,0.74,0.75,0.76,0.77,0.78,0.79,0.8,0.81,0.82,0.83,0.84,0.85,0.86,0.87,0.88,0.89,0.9,0.91,0.92,0.93,0.94,0.95,0.96,0.97,0.98,0.99,1,1.01,1.02,1.03,1.04,1.05,1.06,1.07,1.08,1.09,1.1,1.11,1.12,1.13,1.14,1.15,1.16,1.17,1.18,1.19,1.2,0.4,0.41,0.42,0.43,0.44,0.45,0.46,0.47,0.48,0.49,0.5,0.51,0.52,0.53,0.54,0.55,0.56,0.57,0.58,0.59,0.6,0.61,0.62,0.63,0.64,0.65,0.66,0.67,0.68,0.69,0.7,0.71,0.72,0.73,0.74,0.75,0.76,0.77,0.78,0.79,0.8,0.81,0.82,0.83,0.84,0.85,0.86,0.87,0.88,0.89,0.9,0.91,0.92,0.93,0.94,0.95,0.96,0.97,0.98,0.99,1,1.01,1.02,1.03,1.04,1.05,1.06,1.07,1.08,1.09,1.1,1.11,1.12,1.13,1.14,1.15,1.16,1.17,1.18,1.19,1.2,0.4,0.41,0.42,0.43,0.44,0.45,0.46,0.47,0.48,0.49,0.5,0.51,0.52,0.53,0.54,0.55,0.56,0.57,0.58,0.59,0.6,0.61,0.62,0.63,0.64,0.65,0.66,0.67,0.68,0.69,0.7,0.71,0.72,0.73,0.74,0.75,0.76,0.77,0.78,0.79,0.8,0.81,0.82,0.83,0.84,0.85,0.86,0.87,0.88,0.89,0.9,0.91,0.92,0.93,0.94,0.95,0.96,0.97,0.98,0.99,1,1.01,1.02,1.03,1.04,1.05,1.06,1.07,1.08,1.09,1.1,1.11,1.12,1.13,1.14,1.15,1.16,1.17,1.18,1.19,1.2,0.4,0.41,0.42,0.43,0.44,0.45,0.46,0.47,0.48,0.49,0.5,0.51,0.52,0.53,0.54,0.55,0.56,0.57,0.58,0.59,0.6,0.61,0.62,0.63,0.64,0.65,0.66,0.67,0.68,0.69,0.7,0.71,0.72,0.73,0.74,0.75,0.76,0.77,0.78,0.79,0.8,0.81,0.82,0.83,0.84,0.85,0.86,0.87,0.88,0.89,0.9,0.91,0.92,0.93,0.94,0.95,0.96,0.97,0.98,0.99,1,1.01,1.02,1.03,1.04,1.05,1.06,1.07,1.08,1.09,1.1,1.11,1.12,1.13,1.14,1.15,1.16,1.17,1.18,1.19,1.2
"OP(""/NM1"" ""vth"")",0.5022,0.5022,0.5022,0.5022,0.5022,0.5022,0.5022,0.5022,0.5022,0.5022,0.5022,0.5022,0.5022,0.5022,0.5022,0.5022,0.5022,0.5022,0.5022,0.5022,0.5022,0.5022,0.5022,0.5022,0.5022,0.5022,0.5022,0.5022,0.5022,0.5022,0.5022,0.5022,0.5022,0.5022,0.5022,0.5022,0.5022,0.5022,0.5022,0.5022,0.5022,0.5022,0.5022,0.5022,0.5022,0.5022,0.5022,0.5022,0.5022,0.5022,0.5022,0.5022,0.5022,0.5022,0.5022,0.5022,0.5022,0.5022,0.5022,0.5022,0.5022,0.5022,0.5022,0.5022,0.5022,0.5022,0.5022,0.5022,0.5022,0.5022,0.5022,0.5022,0.5022,0.5022,0.5022,0.5022,0.5022,0.5022,0.5022,0.5022,0.5022,0.4763,0.4763,0.4763,0.4763,0.4763,0.4763,0.4763,0.4763,0.4763,0.4763,0.4763,0.4763,0.4763,0.4763,0.4763,0.4763,0.4763,0.4763,0.4763,0.4763,0.4763,0.4763,0.4763,0.4763,0.4763,0.4763,0.4763,0.4763,0.4763,0.4763,0.4763,0.4763,0.4763,0.4763,0.4763,0.4763,0.4763,0.4763,0.4763,0.4763,0.4763,0.4763,0.4763,0.4763,0.4763,0.4763,0.4763,0.4763,0.4763,0.4763,0.4763,0.4763,0.4763,0.4763,0.4763,0.4763,0.4763,0.4763,0.4763,0.4763,0.4763,0.4763,0.4763,0.4763,0.4763,0.4763,0.4763,0.4763,0.4763,0.4763,0.4763,0.4763,0.4763,0.4763,0.4763,0.4763,0.4763,0.4763,0.4763,0.4763,0.4763,0.4553,0.4553,0.4553,0.4553,0.4553,0.4553,0.4553,0.4553,0.4553,0.4553,0.4553,0.4553,0.4553,0.4553,0.4553,0.4553,0.4553,0.4553,0.4553,0.4553,0.4553,0.4553,0.4553,0.4553,0.4553,0.4553,0.4553,0.4553,0.4553,0.4553,0.4553,0.4553,0.4553,0.4553,0.4553,0.4553,0.4553,0.4553,0.4553,0.4553,0.4553,0.4553,0.4553,0.4553,0.4553,0.4553,0.4553,0.4553,0.4553,0.4553,0.4553,0.4553,0.4553,0.4553,0.4553,0.4553,0.4553,0.4553,0.4553,0.4553,0.4553,0.4553,0.4553,0.4553,0.4553,0.4553,0.4553,0.4553,0.4553,0.4553,0.4553,0.4553,0.4553,0.4553,0.4553,0.4553,0.4553,0.4553,0.4553,0.4553,0.4553,0.4389,0.4389,0.4389,0.4389,0.4389,0.4389,0.4389,0.4389,0.4389,0.4389,0.4389,0.4389,0.4389,0.4389,0.4389,0.4389,0.4389,0.4389,0.4389,0.4389,0.4389,0.4389,0.4389,0.4389,0.4389,0.4389,0.4389,0.4389,0.4389,0.4389,0.4389,0.4389,0.4389,0.4389,0.4389,0.4389,0.4389,0.4389,0.4389,0.4389,0.4389,0.4389,0.4389,0.4389,0.4389,0.4389,0.4389,0.4389,0.4389,0.4389,0.4389,0.4389,0.4389,0.4389,0.4389,0.4389,0.4389,0.4389,0.4389,0.4389,0.4389,0.4389,0.4389,0.4389,0.4389,0.4389,0.4389,0.4389,0.4389,0.4389,0.4389,0.4389,0.4389,0.4389,0.4389,0.4389,0.4389,0.4389,0.4389,0.4389,0.4389,0.4269,0.4269,0.4269,0.4269,0.4269,0.4269,0.4269,0.4269,0.4269,0.4269,0.4269,0.4269,0.4269,0.4269,0.4269,0.4269,0.4269,0.4269,0.4269,0.4269,0.4269,0.4269,0.4269,0.4269,0.4269,0.4269,0.4269,0.4269,0.4269,0.4269,0.4269,0.4269,0.4269,0.4269,0.4269,0.4269,0.4269,0.4269,0.4269,0.4269,0.4269,0.4269,0.4269,0.4269,0.4269,0.4269,0.4269,0.4269,0.4269,0.4269,0.4269,0.4269,0.4269,0.4269,0.4269,0.4269,0.4269,0.4269,0.4269,0.4269,0.4269,0.4269,0.4269,0.4269,0.4269,0.4269,0.4269,0.4269,0.4269,0.4269,0.4269,0.4269,0.4269,0.4269,0.4269,0.4269,0.4269,0.4269,0.4269,0.4269,0.4269,0.418,0.418,0.418,0.418,0.418,0.418,0.418,0.418,0.418,0.418,0.418,0.418,0.418,0.418,0.418,0.418,0.418,0.418,0.418,0.418,0.418,0.418,0.418,0.418,0.418,0.418,0.418,0.418,0.418,0.418,0.418,0.418,0.418,0.418,0.418,0.418,0.418,0.418,0.418,0.418,0.418,0.418,0.418,0.418,0.418,0.418,0.418,0.418,0.418,0.418,0.418,0.418,0.418,0.418,0.418,0.418,0.418,0.418,0.418,0.418,0.418,0.418,0.418,0.418,0.418,0.418,0.418,0.418,0.418,0.418,0.418,0.418,0.418,0.418,0.418,0.418,0.418,0.418,0.418,0.418,0.418,0.4114,0.4114,0.4114,0.4114,0.4114,0.4114,0.4114,0.4114,0.4114,0.4114,0.4114,0.4114,0.4114,0.4114,0.4114,0.4114,0.4114,0.4114,0.4114,0.4114,0.4114,0.4114,0.4114,0.4114,0.4114,0.4114,0.4114,0.4114,0.4114,0.4114,0.4114,0.4114,0.4114,0.4114,0.4114,0.4114,0.4114,0.4114,0.4114,0.4114,0.4114,0.4114,0.4114,0.4114,0.4114,0.4114,0.4114,0.4114,0.4114,0.4114,0.4114,0.4114,0.4114,0.4114,0.4114,0.4114,0.4114,0.4114,0.4114,0.4114,0.4114,0.4114,0.4114,0.4114,0.4114,0.4114,0.4114,0.4114,0.4114,0.4114,0.4114,0.4114,0.4114,0.4114,0.4114,0.4114,0.4114,0.4114,0.4114,0.4114,0.4114
nov,-0.1022,-0.09222,-0.08222,-0.07222,-0.06222,-0.05222,-0.04222,-0.03222,-0.02222,-0.01222,-0.002217,0.007783,0.01778,0.02778,0.03778,0.04778,0.05778,0.06778,0.07778,0.08778,0.09778,0.1078,0.1178,0.1278,0.1378,0.1478,0.1578,0.1678,0.1778,0.1878,0.1978,0.2078,0.2178,0.2278,0.2378,0.2478,0.2578,0.2678,0.2778,0.2878,0.2978,0.3078,0.3178,0.3278,0.3378,0.3478,0.3578,0.3678,0.3778,0.3878,0.3978,0.4078,0.4178,0.4278,0.4378,0.4478,0.4578,0.4678,0.4778,0.4878,0.4978,0.5078,0.5178,0.5278,0.5378,0.5478,0.5578,0.5678,0.5778,0.5878,0.5978,0.6078,0.6178,0.6278,0.6378,0.6478,0.6578,0.6678,0.6778,0.6878,0.6978,-0.07627,-0.06627,-0.05627,-0.04627,-0.03627,-0.02627,-0.01627,-0.006269,0.003731,0.01373,0.02373,0.03373,0.04373,0.05373,0.06373,0.07373,0.08373,0.09373,0.1037,0.1137,0.1237,0.1337,0.1437,0.1537,0.1637,0.1737,0.1837,0.1937,0.2037,0.2137,0.2237,0.2337,0.2437,0.2537,0.2637,0.2737,0.2837,0.2937,0.3037,0.3137,0.3237,0.3337,0.3437,0.3537,0.3637,0.3737,0.3837,0.3937,0.4037,0.4137,0.4237,0.4337,0.4437,0.4537,0.4637,0.4737,0.4837,0.4937,0.5037,0.5137,0.5237,0.5337,0.5437,0.5537,0.5637,0.5737,0.5837,0.5937,0.6037,0.6137,0.6237,0.6337,0.6437,0.6537,0.6637,0.6737,0.6837,0.6937,0.7037,0.7137,0.7237,-0.0553,-0.0453,-0.0353,-0.0253,-0.0153,-0.005297,0.004703,0.0147,0.0247,0.0347,0.0447,0.0547,0.0647,0.0747,0.0847,0.0947,0.1047,0.1147,0.1247,0.1347,0.1447,0.1547,0.1647,0.1747,0.1847,0.1947,0.2047,0.2147,0.2247,0.2347,0.2447,0.2547,0.2647,0.2747,0.2847,0.2947,0.3047,0.3147,0.3247,0.3347,0.3447,0.3547,0.3647,0.3747,0.3847,0.3947,0.4047,0.4147,0.4247,0.4347,0.4447,0.4547,0.4647,0.4747,0.4847,0.4947,0.5047,0.5147,0.5247,0.5347,0.5447,0.5547,0.5647,0.5747,0.5847,0.5947,0.6047,0.6147,0.6247,0.6347,0.6447,0.6547,0.6647,0.6747,0.6847,0.6947,0.7047,0.7147,0.7247,0.7347,0.7447,-0.03888,-0.02888,-0.01888,-0.008878,0.001122,0.01112,0.02112,0.03112,0.04112,0.05112,0.06112,0.07112,0.08112,0.09112,0.1011,0.1111,0.1211,0.1311,0.1411,0.1511,0.1611,0.1711,0.1811,0.1911,0.2011,0.2111,0.2211,0.2311,0.2411,0.2511,0.2611,0.2711,0.2811,0.2911,0.3011,0.3111,0.3211,0.3311,0.3411,0.3511,0.3611,0.3711,0.3811,0.3911,0.4011,0.4111,0.4211,0.4311,0.4411,0.4511,0.4611,0.4711,0.4811,0.4911,0.5011,0.5111,0.5211,0.5311,0.5411,0.5511,0.5611,0.5711,0.5811,0.5911,0.6011,0.6111,0.6211,0.6311,0.6411,0.6511,0.6611,0.6711,0.6811,0.6911,0.7011,0.7111,0.7211,0.7311,0.7411,0.7511,0.7611,-0.02686,-0.01686,-0.006859,0.003141,0.01314,0.02314,0.03314,0.04314,0.05314,0.06314,0.07314,0.08314,0.09314,0.1031,0.1131,0.1231,0.1331,0.1431,0.1531,0.1631,0.1731,0.1831,0.1931,0.2031,0.2131,0.2231,0.2331,0.2431,0.2531,0.2631,0.2731,0.2831,0.2931,0.3031,0.3131,0.3231,0.3331,0.3431,0.3531,0.3631,0.3731,0.3831,0.3931,0.4031,0.4131,0.4231,0.4331,0.4431,0.4531,0.4631,0.4731,0.4831,0.4931,0.5031,0.5131,0.5231,0.5331,0.5431,0.5531,0.5631,0.5731,0.5831,0.5931,0.6031,0.6131,0.6231,0.6331,0.6431,0.6531,0.6631,0.6731,0.6831,0.6931,0.7031,0.7131,0.7231,0.7331,0.7431,0.7531,0.7631,0.7731,-0.01803,-0.008031,0.001969,0.01197,0.02197,0.03197,0.04197,0.05197,0.06197,0.07197,0.08197,0.09197,0.102,0.112,0.122,0.132,0.142,0.152,0.162,0.172,0.182,0.192,0.202,0.212,0.222,0.232,0.242,0.252,0.262,0.272,0.282,0.292,0.302,0.312,0.322,0.332,0.342,0.352,0.362,0.372,0.382,0.392,0.402,0.412,0.422,0.432,0.442,0.452,0.462,0.472,0.482,0.492,0.502,0.512,0.522,0.532,0.542,0.552,0.562,0.572,0.582,0.592,0.602,0.612,0.622,0.632,0.642,0.652,0.662,0.672,0.682,0.692,0.702,0.712,0.722,0.732,0.742,0.752,0.762,0.772,0.782,-0.01141,-0.001414,0.008586,0.01859,0.02859,0.03859,0.04859,0.05859,0.06859,0.07859,0.08859,0.09859,0.1086,0.1186,0.1286,0.1386,0.1486,0.1586,0.1686,0.1786,0.1886,0.1986,0.2086,0.2186,0.2286,0.2386,0.2486,0.2586,0.2686,0.2786,0.2886,0.2986,0.3086,0.3186,0.3286,0.3386,0.3486,0.3586,0.3686,0.3786,0.3886,0.3986,0.4086,0.4186,0.4286,0.4386,0.4486,0.4586,0.4686,0.4786,0.4886,0.4986,0.5086,0.5186,0.5286,0.5386,0.5486,0.5586,0.5686,0.5786,0.5886,0.5986,0.6086,0.6186,0.6286,0.6386,0.6486,0.6586,0.6686,0.6786,0.6886,0.6986,0.7086,0.7186,0.7286,0.7386,0.7486,0.7586,0.7686,0.7786,0.7886
ngm,0.0214,0.02707,0.03416,0.04298,0.05393,0.06745,0.08408,0.1044,0.129,0.1586,0.1938,0.235,0.2827,0.3371,0.398,0.4651,0.5377,0.6149,0.6956,0.7785,0.8622,0.9454,1.027,1.106,1.181,1.252,1.318,1.379,1.435,1.487,1.533,1.575,1.613,1.647,1.677,1.704,1.728,1.75,1.77,1.787,1.802,1.816,1.829,1.84,1.851,1.86,1.868,1.876,1.883,1.889,1.894,1.899,1.903,1.907,1.911,1.914,1.916,1.919,1.92,1.922,1.923,1.924,1.924,1.924,1.924,1.923,1.923,1.921,1.92,1.918,1.916,1.914,1.912,1.909,1.906,1.903,1.899,1.896,1.892,1.888,1.883,0.01295,0.01638,0.02069,0.02606,0.03272,0.04094,0.051,0.06318,0.07777,0.09502,0.1151,0.1382,0.1643,0.1932,0.2249,0.2589,0.2949,0.3324,0.3709,0.41,0.4491,0.4879,0.526,0.5632,0.5991,0.6336,0.6667,0.6982,0.7282,0.7567,0.7838,0.8094,0.8337,0.8568,0.8788,0.8996,0.9195,0.9384,0.9565,0.9737,0.9902,1.006,1.021,1.036,1.049,1.063,1.075,1.087,1.099,1.11,1.12,1.13,1.14,1.149,1.157,1.165,1.173,1.18,1.186,1.192,1.198,1.203,1.207,1.211,1.215,1.218,1.22,1.223,1.224,1.225,1.226,1.226,1.226,1.225,1.224,1.223,1.221,1.218,1.216,1.212,1.209,0.01258,0.01586,0.01994,0.02497,0.03114,0.03863,0.04761,0.05824,0.07065,0.08492,0.1011,0.119,0.1388,0.16,0.1826,0.2062,0.2306,0.2555,0.2807,0.3058,0.3306,0.3551,0.3789,0.4021,0.4246,0.4463,0.4672,0.4874,0.5067,0.5253,0.5432,0.5605,0.5771,0.5931,0.6086,0.6236,0.638,0.6521,0.6656,0.6788,0.6915,0.7038,0.7158,0.7273,0.7385,0.7493,0.7597,0.7697,0.7794,0.7886,0.7975,0.8059,0.8139,0.8215,0.8286,0.8353,0.8416,0.8474,0.8528,0.8576,0.8621,0.866,0.8695,0.8724,0.8749,0.877,0.8786,0.8797,0.8803,0.8805,0.8803,0.8797,0.8786,0.8772,0.8754,0.8733,0.8708,0.868,0.8649,0.8615,0.8579,0.01301,0.01633,0.02041,0.02538,0.03138,0.03852,0.04692,0.05663,0.06771,0.08014,0.09387,0.1088,0.1248,0.1416,0.1592,0.1772,0.1956,0.214,0.2324,0.2507,0.2686,0.2862,0.3033,0.3199,0.336,0.3516,0.3668,0.3814,0.3956,0.4093,0.4226,0.4356,0.4481,0.4603,0.4722,0.4838,0.4951,0.5061,0.5168,0.5272,0.5374,0.5473,0.557,0.5663,0.5754,0.5842,0.5927,0.6009,0.6088,0.6163,0.6235,0.6304,0.6369,0.643,0.6487,0.6541,0.659,0.6635,0.6676,0.6713,0.6745,0.6773,0.6797,0.6817,0.6832,0.6843,0.685,0.6854,0.6854,0.685,0.6843,0.6833,0.6819,0.6804,0.6785,0.6764,0.6741,0.6716,0.6689,0.6661,0.663,0.01319,0.01647,0.02048,0.02529,0.03102,0.03773,0.04548,0.0543,0.06418,0.07507,0.08689,0.09952,0.1128,0.1267,0.1409,0.1554,0.17,0.1845,0.1989,0.2131,0.2271,0.2407,0.2539,0.2669,0.2794,0.2916,0.3034,0.315,0.3262,0.3371,0.3477,0.3581,0.3682,0.3781,0.3878,0.3972,0.4065,0.4155,0.4244,0.4331,0.4415,0.4498,0.4578,0.4657,0.4733,0.4806,0.4878,0.4946,0.5012,0.5075,0.5135,0.5192,0.5246,0.5296,0.5343,0.5386,0.5425,0.5461,0.5492,0.552,0.5544,0.5565,0.5581,0.5594,0.5604,0.561,0.5612,0.5612,0.5609,0.5603,0.5595,0.5584,0.5571,0.5556,0.5539,0.5521,0.5501,0.548,0.5457,0.5433,0.5408,0.01306,0.01624,0.02008,0.02466,0.03004,0.03627,0.04337,0.05134,0.06015,0.06974,0.08002,0.09088,0.1022,0.1139,0.1258,0.1378,0.1498,0.1618,0.1736,0.1852,0.1966,0.2077,0.2185,0.2291,0.2394,0.2494,0.2591,0.2686,0.2779,0.287,0.2959,0.3045,0.313,0.3214,0.3296,0.3376,0.3455,0.3532,0.3607,0.3681,0.3754,0.3825,0.3894,0.3961,0.4026,0.409,0.4151,0.4209,0.4266,0.432,0.4371,0.4419,0.4464,0.4506,0.4545,0.4581,0.4613,0.4642,0.4667,0.4689,0.4707,0.4722,0.4734,0.4743,0.4749,0.4752,0.4753,0.4751,0.4746,0.474,0.4732,0.4721,0.471,0.4696,0.4681,0.4665,0.4648,0.463,0.4611,0.4591,0.457,0.01271,0.01576,0.0194,0.0237,0.02871,0.03446,0.04095,0.04816,0.05606,0.06457,0.07362,0.0831,0.09292,0.103,0.1132,0.1234,0.1336,0.1438,0.1537,0.1635,0.1731,0.1825,0.1917,0.2006,0.2093,0.2178,0.2262,0.2343,0.2422,0.25,0.2576,0.2651,0.2724,0.2797,0.2868,0.2937,0.3006,0.3073,0.3139,0.3204,0.3267,0.3329,0.339,0.3449,0.3506,0.3561,0.3615,0.3666,0.3715,0.3762,0.3806,0.3848,0.3887,0.3923,0.3956,0.3986,0.4013,0.4037,0.4057,0.4075,0.409,0.4102,0.4111,0.4117,0.4121,0.4122,0.4121,0.4119,0.4114,0.4108,0.41,0.409,0.408,0.4068,0.4055,0.4041,0.4026,0.401,0.3993,0.3976,0.3958
"OP(""/NM1"" ""id"")",0.0008716,0.001113,0.001418,0.001802,0.002284,0.002889,0.003644,0.004583,0.005746,0.00718,0.008937,0.01108,0.01366,0.01675,0.02042,0.02473,0.02974,0.0355,0.04205,0.04942,0.05763,0.06666,0.07653,0.08719,0.09863,0.1108,0.1236,0.1371,0.1512,0.1658,0.1809,0.1965,0.2124,0.2287,0.2453,0.2623,0.2794,0.2968,0.3144,0.3322,0.3501,0.3682,0.3865,0.4048,0.4233,0.4418,0.4605,0.4792,0.498,0.5168,0.5358,0.5547,0.5737,0.5928,0.6119,0.631,0.6502,0.6693,0.6885,0.7077,0.727,0.7462,0.7654,0.7847,0.8039,0.8232,0.8424,0.8616,0.8808,0.9,0.9192,0.9383,0.9575,0.9766,0.9956,1.015,1.034,1.053,1.072,1.091,1.109,0.000529,0.000675,0.0008596,0.001092,0.001385,0.001752,0.00221,0.002779,0.003482,0.004343,0.005392,0.006656,0.008166,0.009951,0.01204,0.01446,0.01722,0.02036,0.02387,0.02778,0.03207,0.03676,0.04183,0.04728,0.05309,0.05925,0.06576,0.07258,0.07972,0.08714,0.09484,0.1028,0.111,0.1195,0.1282,0.1371,0.1461,0.1554,0.1649,0.1746,0.1844,0.1944,0.2045,0.2148,0.2252,0.2358,0.2465,0.2573,0.2682,0.2793,0.2904,0.3017,0.313,0.3245,0.336,0.3476,0.3593,0.3711,0.3829,0.3948,0.4067,0.4187,0.4308,0.4429,0.455,0.4672,0.4794,0.4916,0.5038,0.5161,0.5283,0.5406,0.5528,0.5651,0.5774,0.5896,0.6018,0.614,0.6262,0.6383,0.6504,0.0005207,0.0006622,0.0008405,0.001064,0.001344,0.001691,0.002121,0.002649,0.003292,0.004068,0.004997,0.006096,0.007383,0.008876,0.01059,0.01253,0.01471,0.01715,0.01983,0.02276,0.02594,0.02937,0.03304,0.03695,0.04108,0.04544,0.05,0.05478,0.05975,0.06491,0.07025,0.07577,0.08146,0.08731,0.09332,0.09948,0.1058,0.1122,0.1188,0.1256,0.1324,0.1394,0.1465,0.1537,0.161,0.1685,0.176,0.1837,0.1914,0.1992,0.2072,0.2152,0.2233,0.2315,0.2397,0.248,0.2564,0.2649,0.2734,0.2819,0.2905,0.2992,0.3078,0.3166,0.3253,0.334,0.3428,0.3516,0.3604,0.3692,0.378,0.3868,0.3956,0.4044,0.4132,0.4219,0.4306,0.4393,0.448,0.4566,0.4652,0.0005456,0.0006917,0.0008747,0.001103,0.001386,0.001734,0.00216,0.002677,0.003297,0.004036,0.004905,0.005917,0.007084,0.008416,0.009919,0.0116,0.01346,0.01551,0.01775,0.02016,0.02276,0.02553,0.02848,0.0316,0.03488,0.03831,0.04191,0.04565,0.04953,0.05356,0.05772,0.06201,0.06643,0.07097,0.07563,0.08041,0.08531,0.09031,0.09543,0.1006,0.106,0.1114,0.1169,0.1225,0.1282,0.134,0.1399,0.1459,0.1519,0.1581,0.1643,0.1705,0.1769,0.1833,0.1897,0.1962,0.2028,0.2094,0.2161,0.2228,0.2295,0.2363,0.2431,0.2499,0.2567,0.2635,0.2704,0.2772,0.2841,0.2909,0.2978,0.3046,0.3114,0.3183,0.325,0.3318,0.3386,0.3453,0.352,0.3587,0.3653,0.0005595,0.0007072,0.0008913,0.001119,0.0014,0.001743,0.002158,0.002656,0.003248,0.003943,0.004752,0.005684,0.006745,0.007942,0.00928,0.01076,0.01239,0.01416,0.01608,0.01814,0.02034,0.02268,0.02515,0.02776,0.03049,0.03334,0.03632,0.03941,0.04262,0.04593,0.04936,0.05289,0.05652,0.06025,0.06408,0.068,0.07202,0.07613,0.08033,0.08462,0.08899,0.09345,0.09799,0.1026,0.1073,0.1121,0.1169,0.1218,0.1268,0.1318,0.137,0.1421,0.1473,0.1526,0.1579,0.1633,0.1687,0.1741,0.1796,0.1851,0.1907,0.1962,0.2018,0.2074,0.213,0.2186,0.2242,0.2298,0.2354,0.241,0.2466,0.2522,0.2578,0.2633,0.2689,0.2744,0.2799,0.2854,0.2909,0.2963,0.3018,0.0005593,0.0007053,0.0008864,0.001109,0.001382,0.001713,0.00211,0.002583,0.00314,0.003789,0.004537,0.005391,0.006356,0.007437,0.008635,0.009953,0.01139,0.01295,0.01463,0.01642,0.01833,0.02035,0.02248,0.02472,0.02706,0.02951,0.03205,0.03469,0.03742,0.04025,0.04316,0.04616,0.04925,0.05242,0.05568,0.05901,0.06243,0.06592,0.06949,0.07314,0.07685,0.08064,0.0845,0.08843,0.09242,0.09648,0.1006,0.1048,0.109,0.1133,0.1177,0.1221,0.1265,0.131,0.1355,0.1401,0.1447,0.1493,0.1539,0.1586,0.1633,0.168,0.1728,0.1775,0.1823,0.187,0.1918,0.1965,0.2013,0.206,0.2107,0.2155,0.2202,0.2249,0.2296,0.2342,0.2389,0.2435,0.2482,0.2528,0.2573,0.0005491,0.000691,0.0008662,0.001081,0.001343,0.001658,0.002034,0.002479,0.003,0.003602,0.004293,0.005076,0.005956,0.006936,0.008016,0.009199,0.01048,0.01187,0.01336,0.01495,0.01663,0.01841,0.02028,0.02224,0.02429,0.02643,0.02865,0.03095,0.03333,0.03579,0.03833,0.04095,0.04363,0.04639,0.04923,0.05213,0.0551,0.05814,0.06125,0.06442,0.06765,0.07095,0.07431,0.07773,0.08121,0.08474,0.08833,0.09197,0.09566,0.0994,0.1032,0.107,0.1109,0.1148,0.1187,0.1227,0.1267,0.1307,0.1348,0.1388,0.1429,0.147,0.1511,0.1552,0.1593,0.1635,0.1676,0.1717,0.1758,0.1799,0.184,0.1881,0.1922,0.1963,0.2004,0.2044,0.2084,0.2125,0.2165,0.2204,0.2244
ngm_id,24.56,24.33,24.09,23.85,23.61,23.35,23.08,22.78,22.46,22.09,21.68,21.22,20.7,20.12,19.49,18.8,18.08,17.32,16.54,15.75,14.96,14.18,13.42,12.68,11.97,11.3,10.66,10.06,9.493,8.965,8.474,8.017,7.593,7.2,6.836,6.498,6.186,5.896,5.628,5.379,5.148,4.933,4.733,4.546,4.372,4.209,4.057,3.914,3.78,3.654,3.535,3.423,3.318,3.218,3.123,3.033,2.948,2.866,2.789,2.715,2.645,2.578,2.514,2.452,2.393,2.337,2.282,2.23,2.18,2.131,2.085,2.04,1.997,1.955,1.914,1.875,1.838,1.801,1.765,1.731,1.698,24.47,24.27,24.07,23.86,23.63,23.37,23.08,22.73,22.34,21.88,21.35,20.76,20.12,19.42,18.68,17.91,17.12,16.33,15.54,14.76,14,13.27,12.58,11.91,11.28,10.69,10.14,9.62,9.135,8.684,8.264,7.873,7.509,7.171,6.857,6.564,6.291,6.037,5.8,5.578,5.37,5.176,4.993,4.821,4.659,4.507,4.363,4.227,4.097,3.975,3.858,3.748,3.642,3.541,3.445,3.353,3.264,3.18,3.098,3.02,2.945,2.872,2.802,2.735,2.67,2.607,2.546,2.487,2.43,2.374,2.321,2.268,2.218,2.168,2.121,2.074,2.029,1.984,1.941,1.899,1.859,24.15,23.94,23.72,23.47,23.18,22.84,22.44,21.99,21.46,20.87,20.23,19.53,18.79,18.03,17.24,16.46,15.67,14.9,14.16,13.44,12.75,12.09,11.47,10.88,10.34,9.823,9.344,8.897,8.481,8.093,7.733,7.397,7.085,6.793,6.522,6.268,6.031,5.809,5.601,5.406,5.223,5.05,4.886,4.732,4.586,4.448,4.316,4.191,4.072,3.958,3.849,3.745,3.645,3.549,3.457,3.368,3.282,3.199,3.119,3.042,2.967,2.895,2.824,2.756,2.69,2.625,2.563,2.502,2.442,2.385,2.329,2.274,2.221,2.169,2.119,2.07,2.022,1.976,1.931,1.887,1.844,23.84,23.6,23.33,23.01,22.64,22.21,21.72,21.16,20.53,19.86,19.14,18.39,17.61,16.83,16.05,15.28,14.52,13.8,13.1,12.43,11.8,11.21,10.65,10.12,9.635,9.178,8.752,8.355,7.986,7.642,7.322,7.024,6.746,6.486,6.243,6.016,5.803,5.603,5.415,5.238,5.071,4.913,4.764,4.622,4.487,4.358,4.236,4.119,4.007,3.899,3.796,3.696,3.601,3.508,3.419,3.333,3.249,3.168,3.09,3.013,2.939,2.867,2.797,2.728,2.662,2.597,2.534,2.472,2.413,2.355,2.298,2.243,2.19,2.138,2.087,2.039,1.991,1.945,1.9,1.857,1.815,23.57,23.29,22.97,22.59,22.15,21.64,21.07,20.44,19.76,19.04,18.28,17.51,16.73,15.95,15.18,14.44,13.72,13.03,12.37,11.75,11.16,10.61,10.1,9.615,9.165,8.746,8.355,7.992,7.654,7.338,7.045,6.771,6.515,6.275,6.051,5.841,5.644,5.458,5.283,5.118,4.961,4.813,4.672,4.538,4.411,4.289,4.172,4.06,3.953,3.849,3.75,3.653,3.56,3.47,3.383,3.298,3.216,3.136,3.058,2.982,2.908,2.836,2.766,2.698,2.631,2.566,2.503,2.442,2.383,2.325,2.268,2.214,2.161,2.11,2.06,2.012,1.965,1.92,1.876,1.833,1.792,23.35,23.03,22.66,22.23,21.73,21.17,20.55,19.87,19.16,18.41,17.64,16.86,16.08,15.31,14.57,13.85,13.15,12.49,11.87,11.28,10.72,10.2,9.72,9.267,8.844,8.451,8.085,7.744,7.427,7.131,6.855,6.597,6.356,6.131,5.919,5.72,5.533,5.357,5.191,5.034,4.884,4.743,4.608,4.479,4.356,4.239,4.126,4.017,3.913,3.812,3.715,3.62,3.529,3.44,3.354,3.27,3.189,3.109,3.031,2.956,2.882,2.81,2.74,2.672,2.606,2.541,2.479,2.418,2.358,2.301,2.245,2.191,2.139,2.088,2.039,1.992,1.946,1.901,1.858,1.816,1.776,23.15,22.8,22.4,21.92,21.38,20.78,20.13,19.43,18.69,17.92,17.15,16.37,15.6,14.85,14.12,13.42,12.75,12.11,11.51,10.94,10.41,9.916,9.452,9.02,8.618,8.243,7.894,7.569,7.267,6.984,6.721,6.475,6.244,6.028,5.825,5.635,5.455,5.286,5.125,4.973,4.829,4.692,4.561,4.437,4.317,4.202,4.092,3.986,3.884,3.785,3.689,3.596,3.505,3.418,3.332,3.249,3.167,3.088,3.011,2.935,2.862,2.79,2.72,2.652,2.586,2.522,2.459,2.399,2.34,2.283,2.228,2.174,2.122,2.072,2.024,1.977,1.931,1.887,1.845,1.804,1.764
"OP(""/NM1"" ""rout"")",1352,1066,843.6,670,534.3,427.8,344.1,278.1,225.9,184.6,151.7,125.5,104.4,87.55,73.93,62.88,53.87,46.5,40.42,35.38,31.18,27.66,24.68,22.15,19.99,18.13,16.52,15.12,13.9,12.82,11.86,11.02,10.26,9.586,8.978,8.429,7.931,7.479,7.066,6.688,6.342,6.023,5.729,5.457,5.205,4.97,4.752,4.549,4.359,4.181,4.014,3.857,3.709,3.57,3.439,3.315,3.197,3.086,2.981,2.881,2.785,2.695,2.608,2.526,2.447,2.372,2.3,2.231,2.166,2.102,2.042,1.984,1.928,1.874,1.823,1.773,1.725,1.679,1.634,1.591,1.55,6032,4766,3778,3003,2395,1917,1540,1243,1008,821.9,674,556.1,461.8,386.1,325,275.4,234.9,201.7,174.3,151.4,132.3,116.2,102.5,90.9,80.91,72.3,64.83,58.33,52.64,47.64,43.23,39.33,35.86,32.78,30.02,27.55,25.33,23.32,21.52,19.88,18.4,17.05,15.82,14.71,13.68,12.74,11.89,11.1,10.37,9.703,9.087,8.518,7.992,7.505,7.054,6.636,6.247,5.886,5.551,5.238,4.947,4.675,4.422,4.186,3.964,3.758,3.564,3.383,3.214,3.055,2.906,2.766,2.635,2.512,2.396,2.287,2.185,2.089,1.999,1.914,1.834,8364,6645,5295,4235,3401,2743,2223,1811,1485,1225,1017,850,715.4,606.2,517.1,443.9,383.3,332.9,290.6,255,224.7,198.8,176.6,157.3,140.6,126,113.3,102,92.13,83.34,75.53,68.57,62.36,56.79,51.8,47.3,43.25,39.6,36.29,33.3,30.58,28.11,25.86,23.82,21.95,20.25,18.7,17.27,15.97,14.78,13.69,12.68,11.76,10.91,10.14,9.422,8.765,8.16,7.604,7.091,6.619,6.184,5.784,5.415,5.075,4.762,4.473,4.206,3.96,3.734,3.525,3.332,3.153,2.989,2.837,2.696,2.566,2.446,2.334,2.231,2.135,9614,7687,6170,4974,4030,3282,2689,2216,1839,1536,1291,1093,931.8,799.2,689.6,598.3,521.9,457.4,402.7,355.9,315.7,280.9,250.7,224.3,201.2,180.8,162.8,146.9,132.7,120.1,108.8,98.69,89.62,81.47,74.13,67.5,61.52,56.12,51.22,46.78,42.75,39.1,35.77,32.75,29.99,27.49,25.2,23.12,21.22,19.49,17.91,16.47,15.15,13.95,12.85,11.86,10.94,10.11,9.354,8.663,8.032,7.458,6.934,6.457,6.022,5.626,5.264,4.935,4.634,4.36,4.11,3.881,3.671,3.479,3.303,3.142,2.994,2.857,2.731,2.615,2.508,10960,8815,7121,5782,4721,3877,3205,2666,2233,1882,1598,1365,1173,1014,881.7,770.3,676.1,595.8,527.1,467.8,416.5,371.7,332.6,298.2,267.8,241,217.1,195.9,177,160,144.8,131.2,119,107.9,97.95,88.96,80.83,73.48,66.82,60.79,55.32,50.36,45.86,41.77,38.06,34.68,31.62,28.84,26.31,24.02,21.94,20.05,18.33,16.78,15.37,14.1,12.94,11.9,10.95,10.1,9.326,8.628,7.998,7.428,6.913,6.447,6.025,5.644,5.298,4.984,4.699,4.44,4.204,3.989,3.792,3.611,3.446,3.294,3.153,3.024,2.904,12570,10160,8253,6741,5539,4579,3810,3192,2692,2285,1952,1677,1450,1260,1101,965.8,850.8,752.3,667.3,593.6,529.5,473.3,423.9,380.3,341.8,307.5,277.1,249.8,225.5,203.7,184.1,166.5,150.7,136.4,123.5,111.9,101.4,91.85,83.25,75.46,68.4,62.01,56.23,50.99,46.24,41.94,38.05,34.53,31.35,28.47,25.87,23.52,21.41,19.5,17.78,16.24,14.85,13.6,12.48,11.47,10.57,9.757,9.029,8.375,7.787,7.259,6.783,6.354,5.966,5.616,5.299,5.011,4.749,4.51,4.292,4.093,3.909,3.741,3.586,3.443,3.31,14450,11730,9568,7853,6484,5388,4507,3795,3216,2743,2354,2032,1763,1538,1347,1185,1046,927,823.6,733.6,654.8,585.7,524.8,470.9,423.1,380.5,342.6,308.7,278.3,251.1,226.6,204.6,184.8,166.9,150.8,136.2,123.1,111.2,100.5,90.77,82,74.06,66.9,60.42,54.57,49.29,44.52,40.23,36.36,32.88,29.75,26.94,24.42,22.16,20.14,18.33,16.71,15.26,13.97,12.82,11.79,10.87,10.05,9.317,8.661,8.072,7.544,7.07,6.642,6.256,5.907,5.59,5.302,5.04,4.801,4.581,4.38,4.195,4.025,3.867,3.721
ngmro,28.94,28.86,28.82,28.8,28.81,28.86,28.93,29.04,29.16,29.28,29.39,29.48,29.53,29.51,29.42,29.24,28.97,28.59,28.12,27.55,26.89,26.15,25.35,24.5,23.61,22.7,21.78,20.86,19.95,19.06,18.19,17.35,16.55,15.79,15.06,14.36,13.71,13.09,12.5,11.95,11.43,10.94,10.48,10.04,9.632,9.244,8.878,8.532,8.205,7.896,7.603,7.325,7.061,6.81,6.571,6.344,6.128,5.921,5.724,5.536,5.356,5.183,5.018,4.86,4.708,4.562,4.422,4.288,4.158,4.033,3.913,3.797,3.686,3.578,3.474,3.373,3.276,3.183,3.092,3.004,2.919,78.09,78.09,78.15,78.25,78.37,78.48,78.55,78.54,78.4,78.1,77.59,76.86,75.86,74.6,73.07,71.29,69.27,67.04,64.63,62.08,59.42,56.7,53.94,51.19,48.47,45.81,43.22,40.72,38.33,36.05,33.88,31.83,29.9,28.08,26.38,24.78,23.29,21.89,20.58,19.36,18.22,17.15,16.16,15.23,14.36,13.54,12.78,12.07,11.4,10.77,10.18,9.629,9.11,8.623,8.164,7.733,7.327,6.945,6.585,6.245,5.925,5.623,5.339,5.07,4.816,4.577,4.35,4.136,3.934,3.743,3.563,3.392,3.231,3.078,2.934,2.797,2.668,2.546,2.43,2.32,2.217,105.2,105.4,105.6,105.8,105.9,105.9,105.8,105.5,104.9,104,102.8,101.2,99.27,97,94.41,91.53,88.4,85.07,81.57,77.96,74.29,70.59,66.9,63.27,59.71,56.26,52.93,49.73,46.68,43.78,41.03,38.43,35.99,33.68,31.52,29.5,27.6,25.82,24.16,22.6,21.14,19.78,18.51,17.32,16.21,15.18,14.2,13.3,12.45,11.65,10.91,10.22,9.572,8.966,8.4,7.871,7.377,6.915,6.484,6.082,5.706,5.356,5.029,4.724,4.44,4.176,3.929,3.7,3.486,3.288,3.103,2.931,2.771,2.622,2.483,2.355,2.235,2.123,2.019,1.922,1.832,125.1,125.5,125.9,126.2,126.4,126.4,126.1,125.5,124.5,123.1,121.2,119,116.3,113.2,109.8,106,102.1,97.91,93.6,89.21,84.79,80.38,76.03,71.76,67.6,63.58,59.72,56.02,52.5,49.15,45.98,42.98,40.16,37.5,35,32.66,30.46,28.4,26.47,24.66,22.98,21.4,19.92,18.54,17.26,16.06,14.94,13.89,12.92,12.01,11.17,10.38,9.649,8.97,8.339,7.754,7.212,6.71,6.245,5.815,5.418,5.051,4.713,4.402,4.114,3.85,3.606,3.382,3.176,2.987,2.812,2.651,2.504,2.367,2.241,2.125,2.018,1.919,1.827,1.742,1.663,144.5,145.2,145.8,146.2,146.4,146.3,145.8,144.8,143.3,141.3,138.8,135.8,132.4,128.5,124.2,119.7,114.9,109.9,104.8,99.7,94.56,89.46,84.45,79.57,74.83,70.27,65.89,61.7,57.72,53.94,50.36,46.98,43.8,40.8,37.98,35.34,32.86,30.53,28.36,26.33,24.43,22.65,21,19.45,18.01,16.67,15.42,14.26,13.19,12.19,11.27,10.41,9.618,8.887,8.213,7.593,7.022,6.497,6.016,5.575,5.171,4.801,4.464,4.155,3.874,3.616,3.382,3.167,2.972,2.793,2.629,2.479,2.342,2.216,2.1,1.994,1.896,1.805,1.721,1.643,1.571,164.1,165,165.8,166.2,166.4,166.1,165.2,163.9,161.9,159.3,156.2,152.5,148.2,143.5,138.5,133.1,127.5,121.7,115.8,109.9,104.1,98.29,92.63,87.13,81.81,76.69,71.79,67.12,62.67,58.46,54.47,50.71,47.17,43.84,40.7,37.77,35.02,32.44,30.03,27.78,25.68,23.72,21.89,20.2,18.62,17.15,15.79,14.54,13.37,12.3,11.31,10.4,9.557,8.788,8.083,7.439,6.85,6.313,5.824,5.379,4.975,4.608,4.275,3.972,3.698,3.45,3.224,3.018,2.832,2.662,2.507,2.366,2.237,2.118,2.009,1.909,1.817,1.732,1.653,1.58,1.513,183.7,184.8,185.6,186.1,186.2,185.7,184.6,182.8,180.3,177.1,173.3,168.9,163.8,158.4,152.5,146.3,139.8,133.3,126.6,120,113.4,106.9,100.6,94.48,88.57,82.9,77.48,72.32,67.41,62.77,58.38,54.24,50.34,46.68,43.24,40.01,37,34.17,31.54,29.08,26.79,24.66,22.68,20.84,19.13,17.55,16.09,14.75,13.51,12.37,11.32,10.37,9.491,8.693,7.966,7.305,6.705,6.161,5.669,5.224,4.822,4.459,4.131,3.836,3.569,3.328,3.109,2.912,2.733,2.57,2.422,2.286,2.163,2.05,1.946,1.851,1.763,1.682,1.607,1.537,1.473
nidw,0.1743,0.2226,0.2835,0.3604,0.4569,0.5778,0.7288,0.9166,1.149,1.436,1.787,2.215,2.732,3.351,4.084,4.947,5.948,7.1,8.411,9.884,11.53,13.33,15.31,17.44,19.73,22.16,24.73,27.43,30.24,33.17,36.19,39.3,42.48,45.75,49.07,52.45,55.88,59.36,62.88,66.44,70.03,73.65,77.29,80.96,84.66,88.37,92.09,95.84,99.6,103.4,107.2,110.9,114.7,118.6,122.4,126.2,130,133.9,137.7,141.5,145.4,149.2,153.1,156.9,160.8,164.6,168.5,172.3,176.2,180,183.8,187.7,191.5,195.3,199.1,202.9,206.7,210.5,214.3,218.1,221.9,0.1058,0.135,0.1719,0.2185,0.277,0.3504,0.442,0.5558,0.6963,0.8687,1.078,1.331,1.633,1.99,2.408,2.891,3.445,4.072,4.775,5.556,6.415,7.352,8.366,9.455,10.62,11.85,13.15,14.52,15.94,17.43,18.97,20.56,22.21,23.9,25.63,27.41,29.23,31.09,32.98,34.91,36.88,38.87,40.9,42.96,45.04,47.15,49.29,51.46,53.64,55.85,58.08,60.33,62.6,64.89,67.2,69.52,71.86,74.21,76.58,78.96,81.35,83.75,86.16,88.58,91,93.44,95.87,98.32,100.8,103.2,105.7,108.1,110.6,113,115.5,117.9,120.4,122.8,125.2,127.7,130.1,0.1041,0.1324,0.1681,0.2128,0.2687,0.3383,0.4242,0.5298,0.6584,0.8136,0.9993,1.219,1.477,1.775,2.118,2.506,2.943,3.429,3.965,4.552,5.188,5.874,6.608,7.389,8.216,9.087,10,10.96,11.95,12.98,14.05,15.15,16.29,17.46,18.66,19.9,21.16,22.45,23.77,25.11,26.48,27.88,29.3,30.74,32.2,33.69,35.2,36.73,38.28,39.85,41.43,43.04,44.66,46.29,47.94,49.61,51.28,52.97,54.67,56.38,58.1,59.83,61.57,63.31,65.06,66.81,68.57,70.32,72.08,73.84,75.61,77.37,79.12,80.88,82.63,84.38,86.12,87.86,89.6,91.32,93.04,0.1091,0.1383,0.1749,0.2206,0.2771,0.3468,0.4321,0.5354,0.6595,0.8071,0.9809,1.183,1.417,1.683,1.984,2.32,2.693,3.103,3.549,4.032,4.552,5.106,5.696,6.319,6.975,7.663,8.381,9.13,9.907,10.71,11.54,12.4,13.29,14.19,15.13,16.08,17.06,18.06,19.09,20.13,21.19,22.28,23.38,24.51,25.65,26.81,27.99,29.18,30.39,31.61,32.85,34.11,35.37,36.65,37.95,39.25,40.56,41.89,43.22,44.56,45.9,47.25,48.61,49.97,51.34,52.7,54.07,55.44,56.82,58.19,59.56,60.92,62.29,63.65,65.01,66.36,67.71,69.06,70.4,71.74,73.07,0.1119,0.1414,0.1783,0.2239,0.28,0.3486,0.4316,0.5313,0.6496,0.7887,0.9505,1.137,1.349,1.588,1.856,2.152,2.478,2.832,3.215,3.628,4.068,4.536,5.03,5.551,6.097,6.668,7.264,7.882,8.523,9.187,9.871,10.58,11.3,12.05,12.82,13.6,14.4,15.23,16.07,16.92,17.8,18.69,19.6,20.52,21.46,22.41,23.38,24.37,25.36,26.37,27.39,28.42,29.47,30.52,31.59,32.66,33.74,34.83,35.92,37.02,38.13,39.24,40.36,41.47,42.59,43.72,44.84,45.96,47.08,48.2,49.32,50.44,51.56,52.67,53.78,54.89,55.99,57.09,58.18,59.27,60.35,0.1119,0.1411,0.1773,0.2219,0.2765,0.3426,0.4221,0.5167,0.628,0.7578,0.9074,1.078,1.271,1.487,1.727,1.991,2.278,2.59,2.925,3.284,3.666,4.07,4.496,4.944,5.413,5.901,6.41,6.938,7.484,8.049,8.632,9.233,9.85,10.48,11.14,11.8,12.49,13.18,13.9,14.63,15.37,16.13,16.9,17.69,18.48,19.3,20.12,20.96,21.8,22.66,23.53,24.41,25.3,26.2,27.1,28.01,28.93,29.86,30.79,31.73,32.67,33.61,34.55,35.5,36.45,37.4,38.35,39.3,40.25,41.2,42.15,43.09,44.04,44.98,45.91,46.85,47.78,48.71,49.63,50.55,51.47,0.1098,0.1382,0.1732,0.2162,0.2685,0.3316,0.4069,0.4958,0.6,0.7205,0.8586,1.015,1.191,1.387,1.603,1.84,2.097,2.374,2.672,2.989,3.326,3.682,4.056,4.448,4.858,5.285,5.729,6.19,6.666,7.159,7.666,8.189,8.727,9.279,9.845,10.43,11.02,11.63,12.25,12.88,13.53,14.19,14.86,15.55,16.24,16.95,17.67,18.39,19.13,19.88,20.64,21.4,22.18,22.96,23.74,24.54,25.34,26.14,26.95,27.77,28.58,29.4,30.22,31.05,31.87,32.69,33.52,34.34,35.17,35.99,36.81,37.63,38.44,39.26,40.07,40.88,41.69,42.49,43.29,44.09,44.88
ncgg,1.035E-11,1.041E-11,1.048E-11,1.058E-11,1.069E-11,1.084E-11,1.101E-11,1.121E-11,1.143E-11,1.167E-11,1.193E-11,1.218E-11,1.243E-11,1.267E-11,1.288E-11,1.307E-11,1.323E-11,1.336E-11,1.347E-11,1.356E-11,1.363E-11,1.369E-11,1.373E-11,1.376E-11,1.379E-11,1.381E-11,1.382E-11,1.384E-11,1.385E-11,1.385E-11,1.386E-11,1.386E-11,1.386E-11,1.387E-11,1.387E-11,1.387E-11,1.387E-11,1.387E-11,1.387E-11,1.387E-11,1.387E-11,1.388E-11,1.388E-11,1.388E-11,1.388E-11,1.388E-11,1.388E-11,1.388E-11,1.388E-11,1.388E-11,1.388E-11,1.388E-11,1.388E-11,1.388E-11,1.388E-11,1.388E-11,1.389E-11,1.389E-11,1.389E-11,1.389E-11,1.389E-11,1.389E-11,1.389E-11,1.389E-11,1.39E-11,1.39E-11,1.39E-11,1.39E-11,1.39E-11,1.391E-11,1.391E-11,1.391E-11,1.391E-11,1.392E-11,1.392E-11,1.392E-11,1.393E-11,1.393E-11,1.393E-11,1.394E-11,1.394E-11,1.291E-11,1.315E-11,1.343E-11,1.378E-11,1.419E-11,1.466E-11,1.518E-11,1.574E-11,1.63E-11,1.686E-11,1.74E-11,1.789E-11,1.832E-11,1.87E-11,1.901E-11,1.927E-11,1.948E-11,1.965E-11,1.978E-11,1.988E-11,1.996E-11,2.002E-11,2.007E-11,2.011E-11,2.013E-11,2.016E-11,2.017E-11,2.018E-11,2.019E-11,2.02E-11,2.021E-11,2.021E-11,2.022E-11,2.022E-11,2.022E-11,2.022E-11,2.022E-11,2.023E-11,2.023E-11,2.023E-11,2.023E-11,2.023E-11,2.023E-11,2.024E-11,2.024E-11,2.024E-11,2.024E-11,2.024E-11,2.025E-11,2.025E-11,2.025E-11,2.026E-11,2.026E-11,2.026E-11,2.027E-11,2.027E-11,2.028E-11,2.028E-11,2.029E-11,2.029E-11,2.03E-11,2.03E-11,2.031E-11,2.032E-11,2.032E-11,2.033E-11,2.034E-11,2.035E-11,2.036E-11,2.037E-11,2.038E-11,2.039E-11,2.04E-11,2.042E-11,2.043E-11,2.044E-11,2.046E-11,2.047E-11,2.049E-11,2.051E-11,2.052E-11,1.614E-11,1.668E-11,1.732E-11,1.805E-11,1.886E-11,1.971E-11,2.059E-11,2.145E-11,2.227E-11,2.301E-11,2.367E-11,2.424E-11,2.471E-11,2.51E-11,2.542E-11,2.567E-11,2.586E-11,2.602E-11,2.614E-11,2.623E-11,2.63E-11,2.635E-11,2.639E-11,2.642E-11,2.645E-11,2.647E-11,2.648E-11,2.649E-11,2.65E-11,2.651E-11,2.651E-11,2.652E-11,2.652E-11,2.653E-11,2.653E-11,2.653E-11,2.654E-11,2.654E-11,2.654E-11,2.654E-11,2.655E-11,2.655E-11,2.655E-11,2.656E-11,2.656E-11,2.657E-11,2.657E-11,2.658E-11,2.658E-11,2.659E-11,2.66E-11,2.66E-11,2.661E-11,2.662E-11,2.663E-11,2.664E-11,2.665E-11,2.666E-11,2.667E-11,2.668E-11,2.669E-11,2.671E-11,2.672E-11,2.674E-11,2.675E-11,2.677E-11,2.679E-11,2.681E-11,2.683E-11,2.685E-11,2.688E-11,2.69E-11,2.693E-11,2.695E-11,2.698E-11,2.701E-11,2.704E-11,2.707E-11,2.71E-11,2.714E-11,2.717E-11,2.008E-11,2.102E-11,2.207E-11,2.321E-11,2.438E-11,2.555E-11,2.668E-11,2.772E-11,2.865E-11,2.946E-11,3.014E-11,3.071E-11,3.117E-11,3.153E-11,3.182E-11,3.205E-11,3.222E-11,3.236E-11,3.246E-11,3.254E-11,3.26E-11,3.265E-11,3.268E-11,3.271E-11,3.273E-11,3.275E-11,3.276E-11,3.277E-11,3.278E-11,3.279E-11,3.279E-11,3.28E-11,3.28E-11,3.281E-11,3.281E-11,3.282E-11,3.282E-11,3.283E-11,3.283E-11,3.284E-11,3.284E-11,3.285E-11,3.285E-11,3.286E-11,3.287E-11,3.288E-11,3.289E-11,3.289E-11,3.29E-11,3.292E-11,3.293E-11,3.294E-11,3.295E-11,3.297E-11,3.298E-11,3.3E-11,3.301E-11,3.303E-11,3.305E-11,3.307E-11,3.31E-11,3.312E-11,3.314E-11,3.317E-11,3.32E-11,3.323E-11,3.326E-11,3.329E-11,3.333E-11,3.337E-11,3.341E-11,3.345E-11,3.349E-11,3.353E-11,3.358E-11,3.363E-11,3.367E-11,3.372E-11,3.378E-11,3.383E-11,3.389E-11,2.451E-11,2.586E-11,2.73E-11,2.878E-11,3.024E-11,3.164E-11,3.292E-11,3.406E-11,3.504E-11,3.587E-11,3.655E-11,3.71E-11,3.754E-11,3.789E-11,3.816E-11,3.836E-11,3.853E-11,3.865E-11,3.874E-11,3.882E-11,3.887E-11,3.892E-11,3.895E-11,3.897E-11,3.899E-11,3.901E-11,3.902E-11,3.903E-11,3.904E-11,3.905E-11,3.905E-11,3.906E-11,3.907E-11,3.907E-11,3.908E-11,3.909E-11,3.909E-11,3.91E-11,3.911E-11,3.911E-11,3.912E-11,3.913E-11,3.914E-11,3.915E-11,3.916E-11,3.917E-11,3.919E-11,3.92E-11,3.922E-11,3.923E-11,3.925E-11,3.927E-11,3.929E-11,3.931E-11,3.933E-11,3.936E-11,3.938E-11,3.941E-11,3.944E-11,3.947E-11,3.95E-11,3.954E-11,3.958E-11,3.962E-11,3.966E-11,3.97E-11,3.975E-11,3.98E-11,3.985E-11,3.99E-11,3.996E-11,4.002E-11,4.008E-11,4.014E-11,4.021E-11,4.027E-11,4.034E-11,4.042E-11,4.049E-11,4.056E-11,4.064E-11,2.922E-11,3.094E-11,3.271E-11,3.448E-11,3.618E-11,3.774E-11,3.913E-11,4.034E-11,4.135E-11,4.219E-11,4.287E-11,4.341E-11,4.384E-11,4.418E-11,4.443E-11,4.464E-11,4.479E-11,4.491E-11,4.5E-11,4.507E-11,4.512E-11,4.516E-11,4.519E-11,4.522E-11,4.524E-11,4.525E-11,4.526E-11,4.528E-11,4.529E-11,4.529E-11,4.53E-11,4.531E-11,4.532E-11,4.532E-11,4.533E-11,4.534E-11,4.535E-11,4.536E-11,4.537E-11,4.538E-11,4.539E-11,4.54E-11,4.542E-11,4.543E-11,4.545E-11,4.546E-11,4.548E-11,4.55E-11,4.552E-11,4.554E-11,4.557E-11,4.559E-11,4.562E-11,4.565E-11,4.568E-11,4.571E-11,4.575E-11,4.579E-11,4.583E-11,4.587E-11,4.592E-11,4.597E-11,4.602E-11,4.607E-11,4.613E-11,4.619E-11,4.625E-11,4.632E-11,4.639E-11,4.646E-11,4.653E-11,4.661E-11,4.669E-11,4.678E-11,4.686E-11,4.695E-11,4.704E-11,4.713E-11,4.722E-11,4.732E-11,4.742E-11,3.405E-11,3.612E-11,3.819E-11,4.021E-11,4.209E-11,4.379E-11,4.528E-11,4.654E-11,4.759E-11,4.844E-11,4.912E-11,4.967E-11,5.009E-11,5.042E-11,5.068E-11,5.087E-11,5.102E-11,5.114E-11,5.123E-11,5.13E-11,5.135E-11,5.139E-11,5.142E-11,5.145E-11,5.147E-11,5.148E-11,5.15E-11,5.151E-11,5.152E-11,5.153E-11,5.154E-11,5.155E-11,5.156E-11,5.156E-11,5.157E-11,5.159E-11,5.16E-11,5.161E-11,5.162E-11,5.164E-11,5.165E-11,5.167E-11,5.168E-11,5.17E-11,5.172E-11,5.174E-11,5.177E-11,5.179E-11,5.182E-11,5.185E-11,5.188E-11,5.191E-11,5.195E-11,5.199E-11,5.203E-11,5.207E-11,5.212E-11,5.217E-11,5.222E-11,5.228E-11,5.234E-11,5.24E-11,5.246E-11,5.253E-11,5.261E-11,5.268E-11,5.276E-11,5.285E-11,5.294E-11,5.303E-11,5.312E-11,5.322E-11,5.332E-11,5.342E-11,5.353E-11,5.364E-11,5.375E-11,5.386E-11,5.398E-11,5.409E-11,5.421E-11
ncgd,-4.279E-12,-4.278E-12,-4.278E-12,-4.277E-12,-4.276E-12,-4.276E-12,-4.274E-12,-4.273E-12,-4.272E-12,-4.27E-12,-4.269E-12,-4.267E-12,-4.265E-12,-4.264E-12,-4.263E-12,-4.262E-12,-4.261E-12,-4.26E-12,-4.26E-12,-4.259E-12,-4.259E-12,-4.259E-12,-4.259E-12,-4.259E-12,-4.259E-12,-4.26E-12,-4.26E-12,-4.26E-12,-4.261E-12,-4.261E-12,-4.262E-12,-4.262E-12,-4.263E-12,-4.263E-12,-4.264E-12,-4.265E-12,-4.265E-12,-4.266E-12,-4.267E-12,-4.268E-12,-4.269E-12,-4.27E-12,-4.271E-12,-4.272E-12,-4.273E-12,-4.274E-12,-4.276E-12,-4.277E-12,-4.278E-12,-4.28E-12,-4.282E-12,-4.283E-12,-4.285E-12,-4.287E-12,-4.289E-12,-4.292E-12,-4.294E-12,-4.297E-12,-4.299E-12,-4.302E-12,-4.305E-12,-4.308E-12,-4.312E-12,-4.315E-12,-4.319E-12,-4.323E-12,-4.328E-12,-4.332E-12,-4.337E-12,-4.342E-12,-4.348E-12,-4.353E-12,-4.36E-12,-4.366E-12,-4.373E-12,-4.38E-12,-4.388E-12,-4.396E-12,-4.405E-12,-4.414E-12,-4.424E-12,-4.268E-12,-4.267E-12,-4.265E-12,-4.263E-12,-4.261E-12,-4.259E-12,-4.256E-12,-4.254E-12,-4.251E-12,-4.248E-12,-4.246E-12,-4.243E-12,-4.242E-12,-4.24E-12,-4.239E-12,-4.238E-12,-4.238E-12,-4.237E-12,-4.238E-12,-4.238E-12,-4.238E-12,-4.239E-12,-4.24E-12,-4.241E-12,-4.242E-12,-4.243E-12,-4.244E-12,-4.245E-12,-4.247E-12,-4.248E-12,-4.25E-12,-4.252E-12,-4.253E-12,-4.255E-12,-4.258E-12,-4.26E-12,-4.262E-12,-4.265E-12,-4.268E-12,-4.271E-12,-4.274E-12,-4.277E-12,-4.281E-12,-4.285E-12,-4.289E-12,-4.293E-12,-4.298E-12,-4.303E-12,-4.309E-12,-4.314E-12,-4.321E-12,-4.327E-12,-4.334E-12,-4.342E-12,-4.35E-12,-4.358E-12,-4.367E-12,-4.377E-12,-4.387E-12,-4.399E-12,-4.41E-12,-4.423E-12,-4.437E-12,-4.451E-12,-4.466E-12,-4.483E-12,-4.5E-12,-4.519E-12,-4.538E-12,-4.559E-12,-4.582E-12,-4.605E-12,-4.63E-12,-4.656E-12,-4.684E-12,-4.714E-12,-4.745E-12,-4.777E-12,-4.812E-12,-4.848E-12,-4.885E-12,-4.259E-12,-4.257E-12,-4.254E-12,-4.251E-12,-4.248E-12,-4.245E-12,-4.242E-12,-4.238E-12,-4.235E-12,-4.233E-12,-4.231E-12,-4.229E-12,-4.228E-12,-4.227E-12,-4.227E-12,-4.227E-12,-4.228E-12,-4.228E-12,-4.229E-12,-4.231E-12,-4.232E-12,-4.234E-12,-4.235E-12,-4.237E-12,-4.239E-12,-4.242E-12,-4.244E-12,-4.247E-12,-4.25E-12,-4.253E-12,-4.256E-12,-4.26E-12,-4.263E-12,-4.267E-12,-4.272E-12,-4.276E-12,-4.281E-12,-4.287E-12,-4.292E-12,-4.298E-12,-4.305E-12,-4.312E-12,-4.319E-12,-4.327E-12,-4.336E-12,-4.345E-12,-4.354E-12,-4.365E-12,-4.376E-12,-4.388E-12,-4.401E-12,-4.415E-12,-4.43E-12,-4.445E-12,-4.462E-12,-4.48E-12,-4.5E-12,-4.521E-12,-4.543E-12,-4.567E-12,-4.592E-12,-4.619E-12,-4.648E-12,-4.679E-12,-4.712E-12,-4.746E-12,-4.784E-12,-4.823E-12,-4.865E-12,-4.909E-12,-4.956E-12,-5.006E-12,-5.058E-12,-5.113E-12,-5.171E-12,-5.232E-12,-5.296E-12,-5.362E-12,-5.432E-12,-5.504E-12,-5.579E-12,-4.252E-12,-4.249E-12,-4.246E-12,-4.243E-12,-4.239E-12,-4.236E-12,-4.233E-12,-4.23E-12,-4.228E-12,-4.226E-12,-4.225E-12,-4.224E-12,-4.224E-12,-4.224E-12,-4.225E-12,-4.226E-12,-4.228E-12,-4.229E-12,-4.231E-12,-4.234E-12,-4.236E-12,-4.239E-12,-4.242E-12,-4.245E-12,-4.249E-12,-4.252E-12,-4.256E-12,-4.261E-12,-4.265E-12,-4.27E-12,-4.276E-12,-4.281E-12,-4.288E-12,-4.294E-12,-4.301E-12,-4.309E-12,-4.317E-12,-4.326E-12,-4.335E-12,-4.345E-12,-4.356E-12,-4.367E-12,-4.379E-12,-4.393E-12,-4.407E-12,-4.422E-12,-4.438E-12,-4.456E-12,-4.475E-12,-4.495E-12,-4.517E-12,-4.54E-12,-4.565E-12,-4.592E-12,-4.62E-12,-4.651E-12,-4.684E-12,-4.719E-12,-4.757E-12,-4.797E-12,-4.84E-12,-4.886E-12,-4.935E-12,-4.987E-12,-5.042E-12,-5.101E-12,-5.164E-12,-5.23E-12,-5.3E-12,-5.374E-12,-5.451E-12,-5.533E-12,-5.619E-12,-5.709E-12,-5.804E-12,-5.902E-12,-6.004E-12,-6.111E-12,-6.221E-12,-6.334E-12,-6.452E-12,-4.248E-12,-4.245E-12,-4.241E-12,-4.238E-12,-4.235E-12,-4.232E-12,-4.229E-12,-4.227E-12,-4.226E-12,-4.225E-12,-4.225E-12,-4.226E-12,-4.227E-12,-4.228E-12,-4.23E-12,-4.232E-12,-4.234E-12,-4.237E-12,-4.24E-12,-4.244E-12,-4.247E-12,-4.251E-12,-4.256E-12,-4.26E-12,-4.265E-12,-4.271E-12,-4.277E-12,-4.283E-12,-4.29E-12,-4.297E-12,-4.304E-12,-4.313E-12,-4.322E-12,-4.331E-12,-4.341E-12,-4.352E-12,-4.364E-12,-4.377E-12,-4.391E-12,-4.405E-12,-4.421E-12,-4.438E-12,-4.456E-12,-4.475E-12,-4.496E-12,-4.519E-12,-4.543E-12,-4.569E-12,-4.597E-12,-4.627E-12,-4.659E-12,-4.694E-12,-4.731E-12,-4.77E-12,-4.813E-12,-4.859E-12,-4.908E-12,-4.96E-12,-5.016E-12,-5.075E-12,-5.139E-12,-5.207E-12,-5.28E-12,-5.356E-12,-5.438E-12,-5.525E-12,-5.616E-12,-5.713E-12,-5.815E-12,-5.922E-12,-6.035E-12,-6.153E-12,-6.276E-12,-6.405E-12,-6.539E-12,-6.678E-12,-6.822E-12,-6.97E-12,-7.124E-12,-7.281E-12,-7.442E-12,-4.247E-12,-4.243E-12,-4.24E-12,-4.237E-12,-4.234E-12,-4.232E-12,-4.231E-12,-4.23E-12,-4.229E-12,-4.23E-12,-4.23E-12,-4.232E-12,-4.234E-12,-4.236E-12,-4.239E-12,-4.242E-12,-4.245E-12,-4.249E-12,-4.253E-12,-4.258E-12,-4.263E-12,-4.268E-12,-4.274E-12,-4.28E-12,-4.287E-12,-4.294E-12,-4.302E-12,-4.311E-12,-4.319E-12,-4.329E-12,-4.339E-12,-4.351E-12,-4.362E-12,-4.375E-12,-4.389E-12,-4.404E-12,-4.42E-12,-4.437E-12,-4.455E-12,-4.475E-12,-4.496E-12,-4.519E-12,-4.544E-12,-4.57E-12,-4.599E-12,-4.629E-12,-4.662E-12,-4.698E-12,-4.736E-12,-4.777E-12,-4.821E-12,-4.868E-12,-4.918E-12,-4.973E-12,-5.031E-12,-5.093E-12,-5.16E-12,-5.231E-12,-5.308E-12,-5.389E-12,-5.476E-12,-5.568E-12,-5.667E-12,-5.771E-12,-5.881E-12,-5.998E-12,-6.121E-12,-6.251E-12,-6.388E-12,-6.531E-12,-6.681E-12,-6.837E-12,-7E-12,-7.169E-12,-7.345E-12,-7.526E-12,-7.713E-12,-7.906E-12,-8.103E-12,-8.305E-12,-8.511E-12,-4.247E-12,-4.244E-12,-4.241E-12,-4.239E-12,-4.237E-12,-4.236E-12,-4.235E-12,-4.235E-12,-4.235E-12,-4.237E-12,-4.238E-12,-4.241E-12,-4.243E-12,-4.247E-12,-4.25E-12,-4.254E-12,-4.259E-12,-4.264E-12,-4.269E-12,-4.275E-12,-4.282E-12,-4.288E-12,-4.296E-12,-4.304E-12,-4.312E-12,-4.321E-12,-4.331E-12,-4.342E-12,-4.353E-12,-4.365E-12,-4.378E-12,-4.393E-12,-4.408E-12,-4.424E-12,-4.442E-12,-4.461E-12,-4.481E-12,-4.503E-12,-4.526E-12,-4.552E-12,-4.579E-12,-4.608E-12,-4.64E-12,-4.674E-12,-4.711E-12,-4.75E-12,-4.792E-12,-4.838E-12,-4.887E-12,-4.94E-12,-4.996E-12,-5.057E-12,-5.123E-12,-5.193E-12,-5.268E-12,-5.348E-12,-5.434E-12,-5.526E-12,-5.625E-12,-5.729E-12,-5.841E-12,-5.96E-12,-6.085E-12,-6.219E-12,-6.36E-12,-6.509E-12,-6.665E-12,-6.83E-12,-7.003E-12,-7.184E-12,-7.372E-12,-7.569E-12,-7.772E-12,-7.984E-12,-8.202E-12,-8.426E-12,-8.657E-12,-8.893E-12,-9.135E-12,-9.382E-12,-9.632E-12
ncdg,-4.408E-12,-4.442E-12,-4.486E-12,-4.54E-12,-4.606E-12,-4.686E-12,-4.781E-12,-4.89E-12,-5.013E-12,-5.145E-12,-5.284E-12,-5.424E-12,-5.559E-12,-5.687E-12,-5.802E-12,-5.904E-12,-5.99E-12,-6.063E-12,-6.123E-12,-6.171E-12,-6.209E-12,-6.239E-12,-6.263E-12,-6.282E-12,-6.296E-12,-6.307E-12,-6.316E-12,-6.323E-12,-6.328E-12,-6.332E-12,-6.336E-12,-6.338E-12,-6.34E-12,-6.342E-12,-6.343E-12,-6.345E-12,-6.346E-12,-6.347E-12,-6.348E-12,-6.348E-12,-6.349E-12,-6.35E-12,-6.351E-12,-6.352E-12,-6.353E-12,-6.353E-12,-6.354E-12,-6.355E-12,-6.356E-12,-6.357E-12,-6.358E-12,-6.359E-12,-6.361E-12,-6.362E-12,-6.363E-12,-6.365E-12,-6.366E-12,-6.368E-12,-6.369E-12,-6.371E-12,-6.373E-12,-6.375E-12,-6.377E-12,-6.379E-12,-6.381E-12,-6.383E-12,-6.386E-12,-6.388E-12,-6.391E-12,-6.394E-12,-6.397E-12,-6.4E-12,-6.404E-12,-6.407E-12,-6.411E-12,-6.415E-12,-6.419E-12,-6.423E-12,-6.428E-12,-6.433E-12,-6.438E-12,-4.785E-12,-4.921E-12,-5.087E-12,-5.286E-12,-5.519E-12,-5.783E-12,-6.074E-12,-6.383E-12,-6.7E-12,-7.012E-12,-7.308E-12,-7.58E-12,-7.821E-12,-8.029E-12,-8.204E-12,-8.348E-12,-8.465E-12,-8.558E-12,-8.631E-12,-8.689E-12,-8.734E-12,-8.769E-12,-8.796E-12,-8.817E-12,-8.833E-12,-8.846E-12,-8.856E-12,-8.863E-12,-8.87E-12,-8.875E-12,-8.879E-12,-8.882E-12,-8.886E-12,-8.888E-12,-8.891E-12,-8.893E-12,-8.895E-12,-8.898E-12,-8.9E-12,-8.902E-12,-8.904E-12,-8.907E-12,-8.909E-12,-8.912E-12,-8.914E-12,-8.917E-12,-8.92E-12,-8.923E-12,-8.927E-12,-8.93E-12,-8.934E-12,-8.938E-12,-8.942E-12,-8.947E-12,-8.951E-12,-8.956E-12,-8.962E-12,-8.967E-12,-8.973E-12,-8.98E-12,-8.986E-12,-8.993E-12,-9.001E-12,-9.009E-12,-9.017E-12,-9.026E-12,-9.036E-12,-9.046E-12,-9.056E-12,-9.068E-12,-9.079E-12,-9.092E-12,-9.105E-12,-9.118E-12,-9.133E-12,-9.148E-12,-9.164E-12,-9.18E-12,-9.198E-12,-9.215E-12,-9.234E-12,-5.551E-12,-5.866E-12,-6.232E-12,-6.647E-12,-7.103E-12,-7.587E-12,-8.08E-12,-8.564E-12,-9.022E-12,-9.441E-12,-9.811E-12,-1.013E-11,-1.04E-11,-1.061E-11,-1.079E-11,-1.093E-11,-1.104E-11,-1.113E-11,-1.12E-11,-1.125E-11,-1.129E-11,-1.132E-11,-1.135E-11,-1.137E-11,-1.138E-11,-1.139E-11,-1.14E-11,-1.141E-11,-1.142E-11,-1.142E-11,-1.143E-11,-1.143E-11,-1.144E-11,-1.144E-11,-1.144E-11,-1.145E-11,-1.145E-11,-1.146E-11,-1.146E-11,-1.146E-11,-1.147E-11,-1.147E-11,-1.148E-11,-1.148E-11,-1.149E-11,-1.149E-11,-1.15E-11,-1.151E-11,-1.151E-11,-1.152E-11,-1.153E-11,-1.154E-11,-1.154E-11,-1.155E-11,-1.156E-11,-1.157E-11,-1.158E-11,-1.16E-11,-1.161E-11,-1.162E-11,-1.163E-11,-1.165E-11,-1.167E-11,-1.168E-11,-1.17E-11,-1.172E-11,-1.174E-11,-1.176E-11,-1.178E-11,-1.18E-11,-1.183E-11,-1.185E-11,-1.188E-11,-1.191E-11,-1.194E-11,-1.197E-11,-1.2E-11,-1.203E-11,-1.206E-11,-1.21E-11,-1.213E-11,-6.736E-12,-7.277E-12,-7.877E-12,-8.522E-12,-9.189E-12,-9.854E-12,-1.049E-11,-1.108E-11,-1.161E-11,-1.206E-11,-1.245E-11,-1.277E-11,-1.303E-11,-1.324E-11,-1.34E-11,-1.353E-11,-1.363E-11,-1.371E-11,-1.377E-11,-1.381E-11,-1.385E-11,-1.388E-11,-1.39E-11,-1.392E-11,-1.393E-11,-1.394E-11,-1.395E-11,-1.396E-11,-1.397E-11,-1.398E-11,-1.398E-11,-1.399E-11,-1.399E-11,-1.4E-11,-1.4E-11,-1.401E-11,-1.401E-11,-1.402E-11,-1.403E-11,-1.403E-11,-1.404E-11,-1.405E-11,-1.405E-11,-1.406E-11,-1.407E-11,-1.408E-11,-1.409E-11,-1.41E-11,-1.411E-11,-1.412E-11,-1.414E-11,-1.415E-11,-1.416E-11,-1.418E-11,-1.419E-11,-1.421E-11,-1.423E-11,-1.425E-11,-1.427E-11,-1.429E-11,-1.431E-11,-1.434E-11,-1.436E-11,-1.439E-11,-1.442E-11,-1.445E-11,-1.448E-11,-1.452E-11,-1.455E-11,-1.459E-11,-1.463E-11,-1.467E-11,-1.471E-11,-1.476E-11,-1.48E-11,-1.485E-11,-1.49E-11,-1.495E-11,-1.5E-11,-1.506E-11,-1.511E-11,-8.208E-12,-8.979E-12,-9.802E-12,-1.065E-11,-1.148E-11,-1.227E-11,-1.3E-11,-1.365E-11,-1.421E-11,-1.468E-11,-1.507E-11,-1.538E-11,-1.563E-11,-1.583E-11,-1.598E-11,-1.61E-11,-1.62E-11,-1.627E-11,-1.633E-11,-1.637E-11,-1.64E-11,-1.643E-11,-1.645E-11,-1.647E-11,-1.648E-11,-1.649E-11,-1.65E-11,-1.651E-11,-1.652E-11,-1.653E-11,-1.654E-11,-1.654E-11,-1.655E-11,-1.656E-11,-1.656E-11,-1.657E-11,-1.658E-11,-1.659E-11,-1.66E-11,-1.661E-11,-1.662E-11,-1.663E-11,-1.664E-11,-1.665E-11,-1.666E-11,-1.668E-11,-1.669E-11,-1.67E-11,-1.672E-11,-1.674E-11,-1.676E-11,-1.678E-11,-1.68E-11,-1.682E-11,-1.684E-11,-1.687E-11,-1.689E-11,-1.692E-11,-1.695E-11,-1.698E-11,-1.702E-11,-1.705E-11,-1.709E-11,-1.713E-11,-1.717E-11,-1.722E-11,-1.726E-11,-1.731E-11,-1.736E-11,-1.742E-11,-1.747E-11,-1.753E-11,-1.759E-11,-1.765E-11,-1.772E-11,-1.778E-11,-1.785E-11,-1.792E-11,-1.799E-11,-1.807E-11,-1.814E-11,-9.841E-12,-1.083E-11,-1.185E-11,-1.286E-11,-1.383E-11,-1.472E-11,-1.551E-11,-1.62E-11,-1.678E-11,-1.726E-11,-1.765E-11,-1.796E-11,-1.82E-11,-1.839E-11,-1.854E-11,-1.866E-11,-1.875E-11,-1.882E-11,-1.888E-11,-1.892E-11,-1.895E-11,-1.898E-11,-1.9E-11,-1.902E-11,-1.903E-11,-1.904E-11,-1.906E-11,-1.907E-11,-1.907E-11,-1.908E-11,-1.909E-11,-1.91E-11,-1.911E-11,-1.912E-11,-1.913E-11,-1.914E-11,-1.915E-11,-1.916E-11,-1.917E-11,-1.918E-11,-1.92E-11,-1.921E-11,-1.923E-11,-1.924E-11,-1.926E-11,-1.928E-11,-1.929E-11,-1.932E-11,-1.934E-11,-1.936E-11,-1.938E-11,-1.941E-11,-1.944E-11,-1.947E-11,-1.95E-11,-1.953E-11,-1.957E-11,-1.961E-11,-1.965E-11,-1.969E-11,-1.974E-11,-1.979E-11,-1.984E-11,-1.989E-11,-1.995E-11,-2E-11,-2.007E-11,-2.013E-11,-2.02E-11,-2.027E-11,-2.034E-11,-2.042E-11,-2.05E-11,-2.058E-11,-2.066E-11,-2.075E-11,-2.083E-11,-2.092E-11,-2.101E-11,-2.111E-11,-2.12E-11,-1.156E-11,-1.274E-11,-1.394E-11,-1.509E-11,-1.617E-11,-1.714E-11,-1.799E-11,-1.871E-11,-1.931E-11,-1.98E-11,-2.02E-11,-2.051E-11,-2.075E-11,-2.094E-11,-2.109E-11,-2.121E-11,-2.13E-11,-2.137E-11,-2.142E-11,-2.146E-11,-2.15E-11,-2.152E-11,-2.155E-11,-2.157E-11,-2.158E-11,-2.159E-11,-2.161E-11,-2.162E-11,-2.163E-11,-2.164E-11,-2.165E-11,-2.166E-11,-2.167E-11,-2.168E-11,-2.169E-11,-2.171E-11,-2.172E-11,-2.173E-11,-2.175E-11,-2.176E-11,-2.178E-11,-2.18E-11,-2.182E-11,-2.184E-11,-2.186E-11,-2.188E-11,-2.191E-11,-2.193E-11,-2.196E-11,-2.199E-11,-2.202E-11,-2.205E-11,-2.209E-11,-2.213E-11,-2.217E-11,-2.221E-11,-2.226E-11,-2.231E-11,-2.236E-11,-2.241E-11,-2.247E-11,-2.253E-11,-2.26E-11,-2.266E-11,-2.273E-11,-2.281E-11,-2.289E-11,-2.297E-11,-2.305E-11,-2.314E-11,-2.323E-11,-2.333E-11,-2.342E-11,-2.352E-11,-2.362E-11,-2.373E-11,-2.384E-11,-2.394E-11,-2.405E-11,-2.417E-11,-2.428E-11
ncdd,4.289E-12,4.289E-12,4.289E-12,4.288E-12,4.288E-12,4.288E-12,4.287E-12,4.286E-12,4.286E-12,4.285E-12,4.284E-12,4.283E-12,4.282E-12,4.282E-12,4.281E-12,4.281E-12,4.28E-12,4.28E-12,4.28E-12,4.28E-12,4.28E-12,4.28E-12,4.28E-12,4.281E-12,4.281E-12,4.281E-12,4.282E-12,4.282E-12,4.283E-12,4.283E-12,4.284E-12,4.284E-12,4.285E-12,4.286E-12,4.287E-12,4.287E-12,4.288E-12,4.289E-12,4.29E-12,4.291E-12,4.292E-12,4.293E-12,4.294E-12,4.296E-12,4.297E-12,4.299E-12,4.3E-12,4.302E-12,4.303E-12,4.305E-12,4.307E-12,4.309E-12,4.311E-12,4.314E-12,4.316E-12,4.319E-12,4.321E-12,4.324E-12,4.328E-12,4.331E-12,4.334E-12,4.338E-12,4.342E-12,4.346E-12,4.351E-12,4.355E-12,4.36E-12,4.366E-12,4.371E-12,4.377E-12,4.384E-12,4.391E-12,4.398E-12,4.405E-12,4.413E-12,4.422E-12,4.431E-12,4.44E-12,4.45E-12,4.461E-12,4.472E-12,4.288E-12,4.287E-12,4.286E-12,4.285E-12,4.284E-12,4.283E-12,4.281E-12,4.28E-12,4.279E-12,4.277E-12,4.276E-12,4.275E-12,4.274E-12,4.273E-12,4.273E-12,4.273E-12,4.273E-12,4.273E-12,4.274E-12,4.274E-12,4.275E-12,4.276E-12,4.277E-12,4.278E-12,4.279E-12,4.28E-12,4.281E-12,4.283E-12,4.284E-12,4.286E-12,4.288E-12,4.29E-12,4.292E-12,4.294E-12,4.296E-12,4.299E-12,4.301E-12,4.304E-12,4.307E-12,4.31E-12,4.313E-12,4.317E-12,4.321E-12,4.325E-12,4.329E-12,4.334E-12,4.339E-12,4.344E-12,4.35E-12,4.356E-12,4.362E-12,4.369E-12,4.377E-12,4.385E-12,4.393E-12,4.402E-12,4.412E-12,4.422E-12,4.433E-12,4.445E-12,4.457E-12,4.471E-12,4.485E-12,4.5E-12,4.516E-12,4.534E-12,4.552E-12,4.572E-12,4.592E-12,4.614E-12,4.638E-12,4.663E-12,4.689E-12,4.717E-12,4.746E-12,4.777E-12,4.81E-12,4.845E-12,4.881E-12,4.919E-12,4.958E-12,4.285E-12,4.284E-12,4.283E-12,4.281E-12,4.279E-12,4.278E-12,4.276E-12,4.274E-12,4.273E-12,4.272E-12,4.271E-12,4.27E-12,4.27E-12,4.27E-12,4.271E-12,4.271E-12,4.272E-12,4.273E-12,4.274E-12,4.276E-12,4.277E-12,4.279E-12,4.281E-12,4.283E-12,4.285E-12,4.287E-12,4.29E-12,4.293E-12,4.296E-12,4.299E-12,4.302E-12,4.306E-12,4.309E-12,4.313E-12,4.318E-12,4.323E-12,4.328E-12,4.333E-12,4.339E-12,4.345E-12,4.351E-12,4.358E-12,4.366E-12,4.374E-12,4.383E-12,4.392E-12,4.402E-12,4.412E-12,4.424E-12,4.436E-12,4.449E-12,4.463E-12,4.478E-12,4.494E-12,4.511E-12,4.529E-12,4.549E-12,4.57E-12,4.593E-12,4.617E-12,4.642E-12,4.67E-12,4.699E-12,4.73E-12,4.764E-12,4.799E-12,4.837E-12,4.877E-12,4.919E-12,4.964E-12,5.012E-12,5.062E-12,5.115E-12,5.171E-12,5.23E-12,5.291E-12,5.356E-12,5.423E-12,5.494E-12,5.567E-12,5.643E-12,4.283E-12,4.281E-12,4.279E-12,4.278E-12,4.276E-12,4.274E-12,4.273E-12,4.271E-12,4.271E-12,4.27E-12,4.27E-12,4.27E-12,4.271E-12,4.272E-12,4.273E-12,4.274E-12,4.276E-12,4.278E-12,4.28E-12,4.282E-12,4.285E-12,4.288E-12,4.291E-12,4.294E-12,4.297E-12,4.301E-12,4.305E-12,4.309E-12,4.314E-12,4.319E-12,4.324E-12,4.33E-12,4.336E-12,4.342E-12,4.349E-12,4.357E-12,4.365E-12,4.374E-12,4.383E-12,4.393E-12,4.403E-12,4.415E-12,4.427E-12,4.44E-12,4.454E-12,4.469E-12,4.485E-12,4.502E-12,4.521E-12,4.541E-12,4.563E-12,4.586E-12,4.61E-12,4.637E-12,4.665E-12,4.695E-12,4.728E-12,4.763E-12,4.8E-12,4.84E-12,4.882E-12,4.927E-12,4.976E-12,5.027E-12,5.082E-12,5.14E-12,5.202E-12,5.267E-12,5.336E-12,5.409E-12,5.486E-12,5.567E-12,5.652E-12,5.741E-12,5.834E-12,5.931E-12,6.033E-12,6.138E-12,6.246E-12,6.359E-12,6.475E-12,4.281E-12,4.279E-12,4.277E-12,4.276E-12,4.274E-12,4.273E-12,4.272E-12,4.271E-12,4.271E-12,4.272E-12,4.272E-12,4.273E-12,4.275E-12,4.276E-12,4.278E-12,4.281E-12,4.283E-12,4.286E-12,4.289E-12,4.292E-12,4.296E-12,4.3E-12,4.304E-12,4.309E-12,4.314E-12,4.319E-12,4.325E-12,4.331E-12,4.337E-12,4.344E-12,4.352E-12,4.36E-12,4.369E-12,4.378E-12,4.388E-12,4.398E-12,4.41E-12,4.422E-12,4.435E-12,4.45E-12,4.465E-12,4.481E-12,4.499E-12,4.518E-12,4.538E-12,4.56E-12,4.583E-12,4.609E-12,4.636E-12,4.665E-12,4.696E-12,4.73E-12,4.766E-12,4.804E-12,4.846E-12,4.89E-12,4.937E-12,4.988E-12,5.042E-12,5.1E-12,5.162E-12,5.228E-12,5.299E-12,5.373E-12,5.452E-12,5.536E-12,5.625E-12,5.719E-12,5.818E-12,5.922E-12,6.032E-12,6.146E-12,6.266E-12,6.391E-12,6.521E-12,6.656E-12,6.796E-12,6.94E-12,7.089E-12,7.242E-12,7.398E-12,4.28E-12,4.278E-12,4.277E-12,4.276E-12,4.274E-12,4.274E-12,4.273E-12,4.274E-12,4.274E-12,4.275E-12,4.277E-12,4.278E-12,4.281E-12,4.283E-12,4.286E-12,4.289E-12,4.292E-12,4.296E-12,4.3E-12,4.305E-12,4.31E-12,4.315E-12,4.321E-12,4.327E-12,4.333E-12,4.34E-12,4.347E-12,4.355E-12,4.364E-12,4.373E-12,4.383E-12,4.394E-12,4.405E-12,4.417E-12,4.431E-12,4.445E-12,4.46E-12,4.476E-12,4.494E-12,4.513E-12,4.533E-12,4.555E-12,4.579E-12,4.604E-12,4.631E-12,4.661E-12,4.692E-12,4.726E-12,4.763E-12,4.802E-12,4.844E-12,4.889E-12,4.938E-12,4.99E-12,5.045E-12,5.105E-12,5.169E-12,5.238E-12,5.311E-12,5.389E-12,5.472E-12,5.56E-12,5.654E-12,5.754E-12,5.86E-12,5.972E-12,6.09E-12,6.214E-12,6.345E-12,6.482E-12,6.626E-12,6.775E-12,6.932E-12,7.094E-12,7.262E-12,7.436E-12,7.615E-12,7.799E-12,7.988E-12,8.181E-12,8.378E-12,4.28E-12,4.279E-12,4.278E-12,4.277E-12,4.276E-12,4.276E-12,4.276E-12,4.277E-12,4.278E-12,4.28E-12,4.282E-12,4.285E-12,4.288E-12,4.291E-12,4.295E-12,4.299E-12,4.303E-12,4.308E-12,4.313E-12,4.319E-12,4.325E-12,4.331E-12,4.338E-12,4.346E-12,4.354E-12,4.363E-12,4.372E-12,4.382E-12,4.393E-12,4.404E-12,4.417E-12,4.43E-12,4.445E-12,4.46E-12,4.477E-12,4.495E-12,4.514E-12,4.535E-12,4.557E-12,4.581E-12,4.607E-12,4.635E-12,4.664E-12,4.697E-12,4.731E-12,4.769E-12,4.809E-12,4.852E-12,4.899E-12,4.949E-12,5.002E-12,5.06E-12,5.122E-12,5.188E-12,5.259E-12,5.336E-12,5.417E-12,5.504E-12,5.597E-12,5.697E-12,5.802E-12,5.915E-12,6.034E-12,6.16E-12,6.294E-12,6.435E-12,6.583E-12,6.74E-12,6.903E-12,7.075E-12,7.253E-12,7.439E-12,7.632E-12,7.832E-12,8.039E-12,8.252E-12,8.47E-12,8.695E-12,8.924E-12,9.157E-12,9.394E-12
ncgs,-4.507E-12,-4.588E-12,-4.691E-12,-4.82E-12,-4.977E-12,-5.167E-12,-5.392E-12,-5.651E-12,-5.941E-12,-6.255E-12,-6.583E-12,-6.913E-12,-7.235E-12,-7.535E-12,-7.808E-12,-8.048E-12,-8.253E-12,-8.424E-12,-8.565E-12,-8.678E-12,-8.769E-12,-8.841E-12,-8.897E-12,-8.941E-12,-8.975E-12,-9.002E-12,-9.023E-12,-9.039E-12,-9.052E-12,-9.062E-12,-9.07E-12,-9.076E-12,-9.082E-12,-9.086E-12,-9.09E-12,-9.093E-12,-9.095E-12,-9.097E-12,-9.099E-12,-9.101E-12,-9.103E-12,-9.104E-12,-9.106E-12,-9.107E-12,-9.109E-12,-9.11E-12,-9.111E-12,-9.112E-12,-9.113E-12,-9.114E-12,-9.115E-12,-9.116E-12,-9.117E-12,-9.117E-12,-9.118E-12,-9.119E-12,-9.119E-12,-9.12E-12,-9.12E-12,-9.121E-12,-9.121E-12,-9.121E-12,-9.121E-12,-9.121E-12,-9.121E-12,-9.121E-12,-9.12E-12,-9.12E-12,-9.119E-12,-9.118E-12,-9.117E-12,-9.116E-12,-9.115E-12,-9.113E-12,-9.112E-12,-9.11E-12,-9.107E-12,-9.105E-12,-9.102E-12,-9.099E-12,-9.096E-12,-5.405E-12,-5.727E-12,-6.12E-12,-6.59E-12,-7.139E-12,-7.763E-12,-8.45E-12,-9.179E-12,-9.926E-12,-1.066E-11,-1.136E-11,-1.2E-11,-1.257E-11,-1.306E-11,-1.347E-11,-1.381E-11,-1.409E-11,-1.431E-11,-1.448E-11,-1.462E-11,-1.473E-11,-1.481E-11,-1.487E-11,-1.493E-11,-1.497E-11,-1.5E-11,-1.502E-11,-1.504E-11,-1.506E-11,-1.507E-11,-1.508E-11,-1.509E-11,-1.51E-11,-1.511E-11,-1.511E-11,-1.512E-11,-1.512E-11,-1.513E-11,-1.513E-11,-1.514E-11,-1.514E-11,-1.515E-11,-1.515E-11,-1.515E-11,-1.516E-11,-1.516E-11,-1.516E-11,-1.517E-11,-1.517E-11,-1.517E-11,-1.517E-11,-1.518E-11,-1.518E-11,-1.518E-11,-1.518E-11,-1.518E-11,-1.518E-11,-1.518E-11,-1.519E-11,-1.519E-11,-1.519E-11,-1.519E-11,-1.518E-11,-1.518E-11,-1.518E-11,-1.518E-11,-1.518E-11,-1.517E-11,-1.517E-11,-1.516E-11,-1.516E-11,-1.515E-11,-1.515E-11,-1.514E-11,-1.513E-11,-1.512E-11,-1.511E-11,-1.51E-11,-1.509E-11,-1.508E-11,-1.506E-11,-7.246E-12,-7.987E-12,-8.852E-12,-9.832E-12,-1.091E-11,-1.205E-11,-1.321E-11,-1.435E-11,-1.543E-11,-1.642E-11,-1.729E-11,-1.804E-11,-1.866E-11,-1.918E-11,-1.96E-11,-1.993E-11,-2.02E-11,-2.04E-11,-2.056E-11,-2.069E-11,-2.079E-11,-2.087E-11,-2.093E-11,-2.097E-11,-2.101E-11,-2.104E-11,-2.107E-11,-2.109E-11,-2.111E-11,-2.112E-11,-2.113E-11,-2.115E-11,-2.116E-11,-2.117E-11,-2.117E-11,-2.118E-11,-2.119E-11,-2.12E-11,-2.12E-11,-2.121E-11,-2.122E-11,-2.122E-11,-2.123E-11,-2.123E-11,-2.124E-11,-2.125E-11,-2.125E-11,-2.125E-11,-2.126E-11,-2.126E-11,-2.127E-11,-2.127E-11,-2.127E-11,-2.127E-11,-2.128E-11,-2.128E-11,-2.128E-11,-2.128E-11,-2.128E-11,-2.128E-11,-2.127E-11,-2.127E-11,-2.127E-11,-2.126E-11,-2.126E-11,-2.125E-11,-2.124E-11,-2.124E-11,-2.123E-11,-2.121E-11,-2.12E-11,-2.119E-11,-2.117E-11,-2.116E-11,-2.114E-11,-2.112E-11,-2.11E-11,-2.107E-11,-2.105E-11,-2.102E-11,-2.099E-11,-1.005E-11,-1.132E-11,-1.273E-11,-1.424E-11,-1.581E-11,-1.737E-11,-1.887E-11,-2.025E-11,-2.149E-11,-2.256E-11,-2.347E-11,-2.422E-11,-2.483E-11,-2.532E-11,-2.57E-11,-2.601E-11,-2.625E-11,-2.644E-11,-2.658E-11,-2.67E-11,-2.679E-11,-2.686E-11,-2.691E-11,-2.696E-11,-2.7E-11,-2.703E-11,-2.705E-11,-2.707E-11,-2.709E-11,-2.711E-11,-2.712E-11,-2.714E-11,-2.715E-11,-2.716E-11,-2.717E-11,-2.718E-11,-2.719E-11,-2.72E-11,-2.721E-11,-2.722E-11,-2.723E-11,-2.724E-11,-2.724E-11,-2.725E-11,-2.726E-11,-2.727E-11,-2.727E-11,-2.728E-11,-2.728E-11,-2.729E-11,-2.729E-11,-2.729E-11,-2.73E-11,-2.73E-11,-2.73E-11,-2.73E-11,-2.73E-11,-2.73E-11,-2.73E-11,-2.729E-11,-2.729E-11,-2.728E-11,-2.727E-11,-2.726E-11,-2.725E-11,-2.724E-11,-2.722E-11,-2.721E-11,-2.719E-11,-2.717E-11,-2.714E-11,-2.712E-11,-2.709E-11,-2.706E-11,-2.703E-11,-2.7E-11,-2.696E-11,-2.692E-11,-2.688E-11,-2.684E-11,-2.679E-11,-1.349E-11,-1.529E-11,-1.722E-11,-1.92E-11,-2.115E-11,-2.301E-11,-2.471E-11,-2.623E-11,-2.753E-11,-2.863E-11,-2.954E-11,-3.028E-11,-3.086E-11,-3.133E-11,-3.169E-11,-3.198E-11,-3.221E-11,-3.238E-11,-3.252E-11,-3.263E-11,-3.271E-11,-3.278E-11,-3.283E-11,-3.288E-11,-3.292E-11,-3.295E-11,-3.297E-11,-3.3E-11,-3.302E-11,-3.304E-11,-3.305E-11,-3.307E-11,-3.309E-11,-3.31E-11,-3.311E-11,-3.313E-11,-3.314E-11,-3.315E-11,-3.316E-11,-3.317E-11,-3.318E-11,-3.319E-11,-3.32E-11,-3.321E-11,-3.322E-11,-3.323E-11,-3.324E-11,-3.324E-11,-3.325E-11,-3.325E-11,-3.326E-11,-3.326E-11,-3.326E-11,-3.326E-11,-3.326E-11,-3.326E-11,-3.326E-11,-3.325E-11,-3.325E-11,-3.324E-11,-3.323E-11,-3.322E-11,-3.32E-11,-3.319E-11,-3.317E-11,-3.315E-11,-3.312E-11,-3.31E-11,-3.307E-11,-3.304E-11,-3.3E-11,-3.297E-11,-3.293E-11,-3.288E-11,-3.284E-11,-3.279E-11,-3.273E-11,-3.268E-11,-3.262E-11,-3.256E-11,-3.249E-11,-1.727E-11,-1.958E-11,-2.196E-11,-2.432E-11,-2.657E-11,-2.865E-11,-3.05E-11,-3.21E-11,-3.346E-11,-3.457E-11,-3.548E-11,-3.621E-11,-3.678E-11,-3.724E-11,-3.759E-11,-3.787E-11,-3.809E-11,-3.826E-11,-3.839E-11,-3.85E-11,-3.858E-11,-3.865E-11,-3.871E-11,-3.875E-11,-3.879E-11,-3.883E-11,-3.885E-11,-3.888E-11,-3.89E-11,-3.893E-11,-3.895E-11,-3.896E-11,-3.898E-11,-3.9E-11,-3.901E-11,-3.903E-11,-3.904E-11,-3.906E-11,-3.907E-11,-3.909E-11,-3.91E-11,-3.911E-11,-3.912E-11,-3.913E-11,-3.914E-11,-3.915E-11,-3.916E-11,-3.917E-11,-3.917E-11,-3.918E-11,-3.918E-11,-3.918E-11,-3.918E-11,-3.918E-11,-3.918E-11,-3.918E-11,-3.917E-11,-3.916E-11,-3.915E-11,-3.914E-11,-3.912E-11,-3.91E-11,-3.908E-11,-3.906E-11,-3.903E-11,-3.9E-11,-3.897E-11,-3.893E-11,-3.889E-11,-3.885E-11,-3.88E-11,-3.875E-11,-3.87E-11,-3.864E-11,-3.858E-11,-3.851E-11,-3.844E-11,-3.837E-11,-3.829E-11,-3.821E-11,-3.813E-11,-2.123E-11,-2.399E-11,-2.677E-11,-2.945E-11,-3.196E-11,-3.421E-11,-3.619E-11,-3.787E-11,-3.926E-11,-4.04E-11,-4.132E-11,-4.205E-11,-4.262E-11,-4.308E-11,-4.343E-11,-4.371E-11,-4.392E-11,-4.409E-11,-4.423E-11,-4.433E-11,-4.442E-11,-4.449E-11,-4.455E-11,-4.46E-11,-4.464E-11,-4.467E-11,-4.471E-11,-4.473E-11,-4.476E-11,-4.478E-11,-4.481E-11,-4.483E-11,-4.485E-11,-4.487E-11,-4.489E-11,-4.491E-11,-4.492E-11,-4.494E-11,-4.495E-11,-4.497E-11,-4.498E-11,-4.5E-11,-4.501E-11,-4.502E-11,-4.503E-11,-4.504E-11,-4.505E-11,-4.506E-11,-4.506E-11,-4.507E-11,-4.507E-11,-4.507E-11,-4.507E-11,-4.507E-11,-4.506E-11,-4.506E-11,-4.505E-11,-4.504E-11,-4.502E-11,-4.5E-11,-4.498E-11,-4.496E-11,-4.493E-11,-4.49E-11,-4.486E-11,-4.482E-11,-4.478E-11,-4.473E-11,-4.468E-11,-4.462E-11,-4.456E-11,-4.45E-11,-4.443E-11,-4.435E-11,-4.427E-11,-4.419E-11,-4.41E-11,-4.401E-11,-4.392E-11,-4.382E-11,-4.372E-11
ncsg,-4.408E-12,-4.442E-12,-4.486E-12,-4.54E-12,-4.606E-12,-4.686E-12,-4.781E-12,-4.89E-12,-5.013E-12,-5.145E-12,-5.284E-12,-5.424E-12,-5.559E-12,-5.687E-12,-5.802E-12,-5.904E-12,-5.99E-12,-6.063E-12,-6.123E-12,-6.171E-12,-6.209E-12,-6.239E-12,-6.263E-12,-6.282E-12,-6.296E-12,-6.307E-12,-6.316E-12,-6.323E-12,-6.328E-12,-6.332E-12,-6.336E-12,-6.338E-12,-6.34E-12,-6.342E-12,-6.343E-12,-6.345E-12,-6.346E-12,-6.347E-12,-6.348E-12,-6.348E-12,-6.349E-12,-6.35E-12,-6.351E-12,-6.352E-12,-6.353E-12,-6.353E-12,-6.354E-12,-6.355E-12,-6.356E-12,-6.357E-12,-6.358E-12,-6.359E-12,-6.361E-12,-6.362E-12,-6.363E-12,-6.365E-12,-6.366E-12,-6.368E-12,-6.369E-12,-6.371E-12,-6.373E-12,-6.375E-12,-6.377E-12,-6.379E-12,-6.381E-12,-6.383E-12,-6.386E-12,-6.388E-12,-6.391E-12,-6.394E-12,-6.397E-12,-6.4E-12,-6.404E-12,-6.407E-12,-6.411E-12,-6.415E-12,-6.419E-12,-6.423E-12,-6.428E-12,-6.433E-12,-6.438E-12,-4.785E-12,-4.921E-12,-5.087E-12,-5.286E-12,-5.519E-12,-5.783E-12,-6.074E-12,-6.383E-12,-6.7E-12,-7.012E-12,-7.308E-12,-7.58E-12,-7.821E-12,-8.029E-12,-8.204E-12,-8.348E-12,-8.465E-12,-8.558E-12,-8.631E-12,-8.689E-12,-8.734E-12,-8.769E-12,-8.796E-12,-8.817E-12,-8.833E-12,-8.846E-12,-8.856E-12,-8.863E-12,-8.87E-12,-8.875E-12,-8.879E-12,-8.882E-12,-8.886E-12,-8.888E-12,-8.891E-12,-8.893E-12,-8.895E-12,-8.898E-12,-8.9E-12,-8.902E-12,-8.904E-12,-8.907E-12,-8.909E-12,-8.912E-12,-8.914E-12,-8.917E-12,-8.92E-12,-8.923E-12,-8.927E-12,-8.93E-12,-8.934E-12,-8.938E-12,-8.942E-12,-8.947E-12,-8.951E-12,-8.956E-12,-8.962E-12,-8.967E-12,-8.973E-12,-8.98E-12,-8.986E-12,-8.993E-12,-9.001E-12,-9.009E-12,-9.017E-12,-9.026E-12,-9.036E-12,-9.046E-12,-9.056E-12,-9.068E-12,-9.079E-12,-9.092E-12,-9.105E-12,-9.118E-12,-9.133E-12,-9.148E-12,-9.164E-12,-9.18E-12,-9.198E-12,-9.215E-12,-9.234E-12,-5.551E-12,-5.866E-12,-6.232E-12,-6.647E-12,-7.103E-12,-7.587E-12,-8.08E-12,-8.564E-12,-9.022E-12,-9.441E-12,-9.811E-12,-1.013E-11,-1.04E-11,-1.061E-11,-1.079E-11,-1.093E-11,-1.104E-11,-1.113E-11,-1.12E-11,-1.125E-11,-1.129E-11,-1.132E-11,-1.135E-11,-1.137E-11,-1.138E-11,-1.139E-11,-1.14E-11,-1.141E-11,-1.142E-11,-1.142E-11,-1.143E-11,-1.143E-11,-1.144E-11,-1.144E-11,-1.144E-11,-1.145E-11,-1.145E-11,-1.146E-11,-1.146E-11,-1.146E-11,-1.147E-11,-1.147E-11,-1.148E-11,-1.148E-11,-1.149E-11,-1.149E-11,-1.15E-11,-1.151E-11,-1.151E-11,-1.152E-11,-1.153E-11,-1.154E-11,-1.154E-11,-1.155E-11,-1.156E-11,-1.157E-11,-1.158E-11,-1.16E-11,-1.161E-11,-1.162E-11,-1.163E-11,-1.165E-11,-1.167E-11,-1.168E-11,-1.17E-11,-1.172E-11,-1.174E-11,-1.176E-11,-1.178E-11,-1.18E-11,-1.183E-11,-1.185E-11,-1.188E-11,-1.191E-11,-1.194E-11,-1.197E-11,-1.2E-11,-1.203E-11,-1.206E-11,-1.21E-11,-1.213E-11,-6.736E-12,-7.277E-12,-7.877E-12,-8.522E-12,-9.189E-12,-9.854E-12,-1.049E-11,-1.108E-11,-1.161E-11,-1.206E-11,-1.245E-11,-1.277E-11,-1.303E-11,-1.324E-11,-1.34E-11,-1.353E-11,-1.363E-11,-1.371E-11,-1.377E-11,-1.381E-11,-1.385E-11,-1.388E-11,-1.39E-11,-1.392E-11,-1.393E-11,-1.394E-11,-1.395E-11,-1.396E-11,-1.397E-11,-1.398E-11,-1.398E-11,-1.399E-11,-1.399E-11,-1.4E-11,-1.4E-11,-1.401E-11,-1.401E-11,-1.402E-11,-1.403E-11,-1.403E-11,-1.404E-11,-1.405E-11,-1.405E-11,-1.406E-11,-1.407E-11,-1.408E-11,-1.409E-11,-1.41E-11,-1.411E-11,-1.412E-11,-1.414E-11,-1.415E-11,-1.416E-11,-1.418E-11,-1.419E-11,-1.421E-11,-1.423E-11,-1.425E-11,-1.427E-11,-1.429E-11,-1.431E-11,-1.434E-11,-1.436E-11,-1.439E-11,-1.442E-11,-1.445E-11,-1.448E-11,-1.452E-11,-1.455E-11,-1.459E-11,-1.463E-11,-1.467E-11,-1.471E-11,-1.476E-11,-1.48E-11,-1.485E-11,-1.49E-11,-1.495E-11,-1.5E-11,-1.506E-11,-1.511E-11,-8.208E-12,-8.979E-12,-9.802E-12,-1.065E-11,-1.148E-11,-1.227E-11,-1.3E-11,-1.365E-11,-1.421E-11,-1.468E-11,-1.507E-11,-1.538E-11,-1.563E-11,-1.583E-11,-1.598E-11,-1.61E-11,-1.62E-11,-1.627E-11,-1.633E-11,-1.637E-11,-1.64E-11,-1.643E-11,-1.645E-11,-1.647E-11,-1.648E-11,-1.649E-11,-1.65E-11,-1.651E-11,-1.652E-11,-1.653E-11,-1.654E-11,-1.654E-11,-1.655E-11,-1.656E-11,-1.656E-11,-1.657E-11,-1.658E-11,-1.659E-11,-1.66E-11,-1.661E-11,-1.662E-11,-1.663E-11,-1.664E-11,-1.665E-11,-1.666E-11,-1.668E-11,-1.669E-11,-1.67E-11,-1.672E-11,-1.674E-11,-1.676E-11,-1.678E-11,-1.68E-11,-1.682E-11,-1.684E-11,-1.687E-11,-1.689E-11,-1.692E-11,-1.695E-11,-1.698E-11,-1.702E-11,-1.705E-11,-1.709E-11,-1.713E-11,-1.717E-11,-1.722E-11,-1.726E-11,-1.731E-11,-1.736E-11,-1.742E-11,-1.747E-11,-1.753E-11,-1.759E-11,-1.765E-11,-1.772E-11,-1.778E-11,-1.785E-11,-1.792E-11,-1.799E-11,-1.807E-11,-1.814E-11,-9.841E-12,-1.083E-11,-1.185E-11,-1.286E-11,-1.383E-11,-1.472E-11,-1.551E-11,-1.62E-11,-1.678E-11,-1.726E-11,-1.765E-11,-1.796E-11,-1.82E-11,-1.839E-11,-1.854E-11,-1.866E-11,-1.875E-11,-1.882E-11,-1.888E-11,-1.892E-11,-1.895E-11,-1.898E-11,-1.9E-11,-1.902E-11,-1.903E-11,-1.904E-11,-1.906E-11,-1.907E-11,-1.907E-11,-1.908E-11,-1.909E-11,-1.91E-11,-1.911E-11,-1.912E-11,-1.913E-11,-1.914E-11,-1.915E-11,-1.916E-11,-1.917E-11,-1.918E-11,-1.92E-11,-1.921E-11,-1.923E-11,-1.924E-11,-1.926E-11,-1.928E-11,-1.929E-11,-1.932E-11,-1.934E-11,-1.936E-11,-1.938E-11,-1.941E-11,-1.944E-11,-1.947E-11,-1.95E-11,-1.953E-11,-1.957E-11,-1.961E-11,-1.965E-11,-1.969E-11,-1.974E-11,-1.979E-11,-1.984E-11,-1.989E-11,-1.995E-11,-2E-11,-2.007E-11,-2.013E-11,-2.02E-11,-2.027E-11,-2.034E-11,-2.042E-11,-2.05E-11,-2.058E-11,-2.066E-11,-2.075E-11,-2.083E-11,-2.092E-11,-2.101E-11,-2.111E-11,-2.12E-11,-1.156E-11,-1.274E-11,-1.394E-11,-1.509E-11,-1.617E-11,-1.714E-11,-1.799E-11,-1.871E-11,-1.931E-11,-1.98E-11,-2.02E-11,-2.051E-11,-2.075E-11,-2.094E-11,-2.109E-11,-2.121E-11,-2.13E-11,-2.137E-11,-2.142E-11,-2.146E-11,-2.15E-11,-2.152E-11,-2.155E-11,-2.157E-11,-2.158E-11,-2.159E-11,-2.161E-11,-2.162E-11,-2.163E-11,-2.164E-11,-2.165E-11,-2.166E-11,-2.167E-11,-2.168E-11,-2.169E-11,-2.171E-11,-2.172E-11,-2.173E-11,-2.175E-11,-2.176E-11,-2.178E-11,-2.18E-11,-2.182E-11,-2.184E-11,-2.186E-11,-2.188E-11,-2.191E-11,-2.193E-11,-2.196E-11,-2.199E-11,-2.202E-11,-2.205E-11,-2.209E-11,-2.213E-11,-2.217E-11,-2.221E-11,-2.226E-11,-2.231E-11,-2.236E-11,-2.241E-11,-2.247E-11,-2.253E-11,-2.26E-11,-2.266E-11,-2.273E-11,-2.281E-11,-2.289E-11,-2.297E-11,-2.305E-11,-2.314E-11,-2.323E-11,-2.333E-11,-2.342E-11,-2.352E-11,-2.362E-11,-2.373E-11,-2.384E-11,-2.394E-11,-2.405E-11,-2.417E-11,-2.428E-11
ncss,4.442E-12,4.487E-12,4.542E-12,4.611E-12,4.697E-12,4.799E-12,4.92E-12,5.06E-12,5.215E-12,5.384E-12,5.56E-12,5.737E-12,5.909E-12,6.07E-12,6.216E-12,6.344E-12,6.454E-12,6.545E-12,6.62E-12,6.68E-12,6.728E-12,6.765E-12,6.795E-12,6.818E-12,6.835E-12,6.849E-12,6.859E-12,6.867E-12,6.873E-12,6.877E-12,6.881E-12,6.883E-12,6.885E-12,6.887E-12,6.888E-12,6.889E-12,6.889E-12,6.889E-12,6.889E-12,6.889E-12,6.889E-12,6.889E-12,6.889E-12,6.889E-12,6.888E-12,6.888E-12,6.888E-12,6.887E-12,6.887E-12,6.886E-12,6.885E-12,6.885E-12,6.884E-12,6.883E-12,6.882E-12,6.881E-12,6.88E-12,6.879E-12,6.878E-12,6.876E-12,6.875E-12,6.874E-12,6.872E-12,6.87E-12,6.868E-12,6.866E-12,6.864E-12,6.862E-12,6.86E-12,6.857E-12,6.854E-12,6.851E-12,6.848E-12,6.844E-12,6.841E-12,6.837E-12,6.833E-12,6.828E-12,6.823E-12,6.818E-12,6.813E-12,4.94E-12,5.118E-12,5.335E-12,5.595E-12,5.898E-12,6.241E-12,6.619E-12,7.02E-12,7.43E-12,7.834E-12,8.217E-12,8.567E-12,8.878E-12,9.145E-12,9.37E-12,9.554E-12,9.703E-12,9.822E-12,9.915E-12,9.988E-12,1.004E-11,1.009E-11,1.012E-11,1.015E-11,1.017E-11,1.018E-11,1.019E-11,1.02E-11,1.021E-11,1.021E-11,1.021E-11,1.022E-11,1.022E-11,1.022E-11,1.022E-11,1.022E-11,1.022E-11,1.022E-11,1.022E-11,1.022E-11,1.022E-11,1.022E-11,1.022E-11,1.022E-11,1.022E-11,1.022E-11,1.021E-11,1.021E-11,1.021E-11,1.021E-11,1.021E-11,1.021E-11,1.02E-11,1.02E-11,1.02E-11,1.019E-11,1.019E-11,1.019E-11,1.018E-11,1.018E-11,1.018E-11,1.017E-11,1.016E-11,1.016E-11,1.015E-11,1.015E-11,1.014E-11,1.013E-11,1.012E-11,1.011E-11,1.01E-11,1.009E-11,1.008E-11,1.007E-11,1.006E-11,1.004E-11,1.003E-11,1.001E-11,9.996E-12,9.979E-12,9.96E-12,5.959E-12,6.373E-12,6.855E-12,7.4E-12,7.998E-12,8.631E-12,9.275E-12,9.908E-12,1.051E-11,1.105E-11,1.153E-11,1.194E-11,1.229E-11,1.257E-11,1.28E-11,1.298E-11,1.312E-11,1.324E-11,1.332E-11,1.339E-11,1.344E-11,1.348E-11,1.351E-11,1.353E-11,1.355E-11,1.356E-11,1.357E-11,1.357E-11,1.358E-11,1.358E-11,1.359E-11,1.359E-11,1.359E-11,1.359E-11,1.359E-11,1.359E-11,1.359E-11,1.359E-11,1.359E-11,1.359E-11,1.359E-11,1.359E-11,1.358E-11,1.358E-11,1.358E-11,1.358E-11,1.357E-11,1.357E-11,1.357E-11,1.356E-11,1.356E-11,1.356E-11,1.355E-11,1.355E-11,1.354E-11,1.354E-11,1.353E-11,1.352E-11,1.351E-11,1.351E-11,1.35E-11,1.349E-11,1.348E-11,1.346E-11,1.345E-11,1.344E-11,1.342E-11,1.341E-11,1.339E-11,1.337E-11,1.335E-11,1.333E-11,1.331E-11,1.328E-11,1.326E-11,1.323E-11,1.32E-11,1.317E-11,1.314E-11,1.311E-11,1.307E-11,7.533E-12,8.245E-12,9.036E-12,9.884E-12,1.076E-11,1.163E-11,1.246E-11,1.323E-11,1.392E-11,1.452E-11,1.502E-11,1.543E-11,1.577E-11,1.604E-11,1.625E-11,1.641E-11,1.654E-11,1.664E-11,1.672E-11,1.677E-11,1.682E-11,1.685E-11,1.688E-11,1.69E-11,1.691E-11,1.692E-11,1.693E-11,1.694E-11,1.694E-11,1.694E-11,1.695E-11,1.695E-11,1.695E-11,1.695E-11,1.695E-11,1.695E-11,1.695E-11,1.694E-11,1.694E-11,1.694E-11,1.694E-11,1.694E-11,1.693E-11,1.693E-11,1.693E-11,1.692E-11,1.692E-11,1.691E-11,1.691E-11,1.69E-11,1.69E-11,1.689E-11,1.688E-11,1.687E-11,1.686E-11,1.685E-11,1.684E-11,1.683E-11,1.682E-11,1.681E-11,1.679E-11,1.677E-11,1.676E-11,1.674E-11,1.672E-11,1.669E-11,1.667E-11,1.664E-11,1.662E-11,1.659E-11,1.655E-11,1.652E-11,1.649E-11,1.645E-11,1.641E-11,1.637E-11,1.632E-11,1.627E-11,1.622E-11,1.617E-11,1.612E-11,9.484E-12,1.05E-11,1.158E-11,1.269E-11,1.379E-11,1.483E-11,1.578E-11,1.663E-11,1.736E-11,1.797E-11,1.847E-11,1.888E-11,1.92E-11,1.945E-11,1.965E-11,1.981E-11,1.992E-11,2.001E-11,2.008E-11,2.014E-11,2.018E-11,2.021E-11,2.023E-11,2.025E-11,2.026E-11,2.027E-11,2.028E-11,2.028E-11,2.029E-11,2.029E-11,2.029E-11,2.029E-11,2.029E-11,2.029E-11,2.029E-11,2.029E-11,2.029E-11,2.028E-11,2.028E-11,2.028E-11,2.028E-11,2.027E-11,2.027E-11,2.026E-11,2.026E-11,2.025E-11,2.025E-11,2.024E-11,2.023E-11,2.022E-11,2.022E-11,2.02E-11,2.019E-11,2.018E-11,2.017E-11,2.015E-11,2.014E-11,2.012E-11,2.01E-11,2.008E-11,2.006E-11,2.004E-11,2.001E-11,1.998E-11,1.995E-11,1.992E-11,1.989E-11,1.985E-11,1.981E-11,1.977E-11,1.972E-11,1.967E-11,1.962E-11,1.957E-11,1.951E-11,1.946E-11,1.939E-11,1.933E-11,1.926E-11,1.919E-11,1.912E-11,1.165E-11,1.295E-11,1.429E-11,1.561E-11,1.688E-11,1.805E-11,1.909E-11,1.998E-11,2.074E-11,2.136E-11,2.186E-11,2.227E-11,2.258E-11,2.283E-11,2.302E-11,2.317E-11,2.328E-11,2.337E-11,2.343E-11,2.348E-11,2.352E-11,2.355E-11,2.357E-11,2.359E-11,2.36E-11,2.361E-11,2.361E-11,2.362E-11,2.362E-11,2.362E-11,2.363E-11,2.363E-11,2.363E-11,2.362E-11,2.362E-11,2.362E-11,2.362E-11,2.362E-11,2.361E-11,2.361E-11,2.36E-11,2.36E-11,2.359E-11,2.359E-11,2.358E-11,2.357E-11,2.356E-11,2.356E-11,2.355E-11,2.353E-11,2.352E-11,2.351E-11,2.349E-11,2.348E-11,2.346E-11,2.344E-11,2.342E-11,2.34E-11,2.337E-11,2.334E-11,2.331E-11,2.328E-11,2.325E-11,2.321E-11,2.317E-11,2.313E-11,2.308E-11,2.303E-11,2.298E-11,2.292E-11,2.286E-11,2.28E-11,2.274E-11,2.267E-11,2.259E-11,2.252E-11,2.244E-11,2.236E-11,2.227E-11,2.218E-11,2.209E-11,1.391E-11,1.547E-11,1.704E-11,1.856E-11,1.997E-11,2.124E-11,2.235E-11,2.329E-11,2.407E-11,2.47E-11,2.521E-11,2.561E-11,2.593E-11,2.617E-11,2.636E-11,2.651E-11,2.662E-11,2.67E-11,2.677E-11,2.682E-11,2.685E-11,2.688E-11,2.69E-11,2.692E-11,2.693E-11,2.694E-11,2.695E-11,2.695E-11,2.695E-11,2.695E-11,2.696E-11,2.696E-11,2.695E-11,2.695E-11,2.695E-11,2.695E-11,2.694E-11,2.694E-11,2.694E-11,2.693E-11,2.693E-11,2.692E-11,2.691E-11,2.691E-11,2.69E-11,2.689E-11,2.688E-11,2.686E-11,2.685E-11,2.684E-11,2.682E-11,2.68E-11,2.678E-11,2.676E-11,2.674E-11,2.672E-11,2.669E-11,2.666E-11,2.663E-11,2.659E-11,2.656E-11,2.651E-11,2.647E-11,2.642E-11,2.637E-11,2.632E-11,2.626E-11,2.62E-11,2.613E-11,2.606E-11,2.599E-11,2.591E-11,2.583E-11,2.575E-11,2.566E-11,2.556E-11,2.547E-11,2.536E-11,2.526E-11,2.515E-11,2.504E-11
nft,329100000,414000000,518600000,646700000,802500000,990500000,1215000000,1483000000,1797000000,2163000000,2586000000,3070000000,3619000000,4234000000,4917000000,5664000000,6469000000,7324000000,8217000000,9136000000,10070000000,10990000000,11900000000,12780000000,13630000000,14420000000,15170000000,15860000000,16500000000,17080000000,17610000000,18080000000,18510000000,18900000000,19240000000,19550000000,19830000000,20080000000,20300000000,20500000000,20670000000,20830000000,20980000000,21110000000,21220000000,21330000000,21420000000,21510000000,21590000000,21650000000,21720000000,21770000000,21820000000,21860000000,21900000000,21940000000,21960000000,21990000000,22010000000,22020000000,22030000000,22040000000,22040000000,22040000000,22030000000,22020000000,22010000000,21990000000,21980000000,21950000000,21930000000,21900000000,21860000000,21830000000,21790000000,21750000000,21700000000,21660000000,21610000000,21550000000,21500000000,159600000,198300000,245100000,300800000,366900000,444300000,534500000,638900000,759100000,896600000,1053000000,1230000000,1427000000,1645000000,1882000000,2138000000,2409000000,2692000000,2984000000,3281000000,3580000000,3878000000,4171000000,4457000000,4735000000,5003000000,5259000000,5505000000,5739000000,5961000000,6172000000,6373000000,6563000000,6744000000,6916000000,7079000000,7235000000,7383000000,7525000000,7660000000,7789000000,7912000000,8030000000,8143000000,8251000000,8354000000,8453000000,8547000000,8637000000,8723000000,8804000000,8881000000,8954000000,9023000000,9088000000,9148000000,9205000000,9257000000,9306000000,9350000000,9391000000,9427000000,9459000000,9487000000,9512000000,9532000000,9548000000,9560000000,9568000000,9573000000,9573000000,9570000000,9563000000,9552000000,9537000000,9518000000,9496000000,9471000000,9442000000,9409000000,9374000000,124000000,151300000,183100000,220100000,262800000,311800000,368000000,432100000,504900000,587200000,679400000,781600000,893500000,1014000000,1143000000,1278000000,1419000000,1563000000,1709000000,1855000000,2001000000,2144000000,2285000000,2422000000,2555000000,2683000000,2808000000,2927000000,3043000000,3154000000,3260000000,3363000000,3463000000,3558000000,3651000000,3740000000,3826000000,3910000000,3991000000,4069000000,4145000000,4218000000,4289000000,4358000000,4424000000,4488000000,4550000000,4609000000,4666000000,4720000000,4771000000,4821000000,4867000000,4911000000,4952000000,4991000000,5026000000,5059000000,5088000000,5115000000,5139000000,5160000000,5178000000,5192000000,5204000000,5213000000,5218000000,5221000000,5221000000,5218000000,5212000000,5204000000,5193000000,5179000000,5163000000,5145000000,5125000000,5102000000,5078000000,5052000000,5024000000,103100000,123600000,147100000,174000000,204800000,239900000,279800000,325100000,376100000,432900000,495600000,563800000,637100000,714800000,796100000,880100000,965900000,1053000000,1140000000,1226000000,1311000000,1395000000,1477000000,1556000000,1634000000,1709000000,1781000000,1852000000,1920000000,1987000000,2051000000,2113000000,2174000000,2233000000,2290000000,2346000000,2400000000,2453000000,2505000000,2555000000,2604000000,2651000000,2698000000,2742000000,2786000000,2828000000,2868000000,2907000000,2944000000,2980000000,3014000000,3046000000,3076000000,3104000000,3130000000,3154000000,3177000000,3197000000,3214000000,3230000000,3243000000,3254000000,3263000000,3270000000,3275000000,3277000000,3277000000,3276000000,3272000000,3267000000,3260000000,3251000000,3241000000,3229000000,3216000000,3201000000,3186000000,3169000000,3152000000,3133000000,3114000000,85620000,101400000,119400000,139900000,163200000,189800000,219900000,253700000,291500000,333000000,378300000,426800000,478300000,532100000,587700000,644500000,702000000,759600000,817000000,873700000,929500000,984100000,1038000000,1090000000,1140000000,1190000000,1237000000,1284000000,1329000000,1374000000,1417000000,1459000000,1500000000,1540000000,1579000000,1617000000,1655000000,1691000000,1727000000,1762000000,1796000000,1829000000,1861000000,1893000000,1923000000,1952000000,1981000000,2008000000,2034000000,2059000000,2082000000,2104000000,2125000000,2144000000,2162000000,2178000000,2192000000,2205000000,2216000000,2226000000,2233000000,2240000000,2244000000,2247000000,2248000000,2248000000,2247000000,2244000000,2240000000,2234000000,2228000000,2220000000,2212000000,2203000000,2192000000,2181000000,2170000000,2158000000,2145000000,2132000000,2118000000,71120000,83550000,97700000,113800000,132100000,152900000,176400000,202500000,231500000,263000000,297000000,333100000,371000000,410300000,450500000,491300000,532400000,573300000,613900000,654000000,693300000,731800000,769500000,806200000,842000000,876900000,911000000,944200000,976600000,1008000000,1039000000,1070000000,1099000000,1128000000,1157000000,1185000000,1212000000,1239000000,1265000000,1291000000,1316000000,1341000000,1364000000,1387000000,1410000000,1431000000,1452000000,1472000000,1491000000,1509000000,1526000000,1542000000,1557000000,1571000000,1583000000,1595000000,1604000000,1613000000,1621000000,1627000000,1631000000,1635000000,1637000000,1638000000,1638000000,1637000000,1635000000,1632000000,1628000000,1624000000,1618000000,1612000000,1605000000,1598000000,1590000000,1581000000,1573000000,1563000000,1554000000,1544000000,1534000000,59410000,69430000,80830000,93800000,108500000,125200000,143900000,164700000,187500000,212100000,238500000,266300000,295200000,325000000,355400000,386100000,416800000,447300000,477600000,507400000,536600000,565200000,593200000,620600000,647300000,673400000,698900000,723800000,748200000,772100000,795500000,818400000,841000000,863100000,884800000,906100000,927000000,947600000,967700000,987400000,1007000000,1025000000,1044000000,1061000000,1079000000,1095000000,1111000000,1126000000,1141000000,1155000000,1167000000,1180000000,1191000000,1201000000,1210000000,1218000000,1225000000,1231000000,1236000000,1240000000,1244000000,1246000000,1247000000,1247000000,1246000000,1245000000,1243000000,1240000000,1237000000,1233000000,1228000000,1223000000,1218000000,1212000000,1205000000,1199000000,1192000000,1185000000,1177000000,1170000000,1162000000
ngm_id_ft,8081000000,10070000000,12490000000,15430000000,18940000000,23130000000,28050000000,33770000000,40340000000,47780000000,56060000000,65130000000,74900000000,85200000000,95820000000,106500000000,116900000000,126900000000,135900000000,143900000000,150600000000,155900000000,159700000000,162100000000,163200000000,163000000000,161700000000,159500000000,156600000000,153100000000,149200000000,145000000000,140600000000,136100000000,131500000000,127100000000,122700000000,118400000000,114200000000,110200000000,106400000000,102800000000,99280000000,95950000000,92790000000,89780000000,86910000000,84190000000,81600000000,79130000000,76780000000,74540000000,72400000000,70350000000,68400000000,66530000000,64740000000,63030000000,61380000000,59800000000,58270000000,56810000000,55400000000,54040000000,52730000000,51460000000,50230000000,49050000000,47900000000,46790000000,45710000000,44670000000,43660000000,42670000000,41720000000,40790000000,39880000000,39000000000,38150000000,37310000000,36500000000,3905000000,4814000000,5898000000,7177000000,8667000000,10380000000,12330000000,14530000000,16960000000,19620000000,22490000000,25530000000,28700000000,31930000000,35150000000,38280000000,41230000000,43940000000,46360000000,48430000000,50130000000,51470000000,52450000000,53090000000,53430000000,53490000000,53320000000,52950000000,52420000000,51760000000,51000000000,50170000000,49280000000,48360000000,47420000000,46470000000,45520000000,44570000000,43640000000,42720000000,41830000000,40950000000,40090000000,39260000000,38450000000,37650000000,36880000000,36130000000,35390000000,34670000000,33970000000,33280000000,32610000000,31950000000,31300000000,30670000000,30050000000,29430000000,28830000000,28240000000,27650000000,27080000000,26510000000,25950000000,25390000000,24850000000,24310000000,23780000000,23250000000,22730000000,22220000000,21710000000,21210000000,20710000000,20220000000,19740000000,19260000000,18790000000,18330000000,17870000000,17420000000,2995000000,3622000000,4344000000,5166000000,6091000000,7122000000,8259000000,9499000000,10840000000,12260000000,13740000000,15260000000,16790000000,18280000000,19710000000,21040000000,22240000000,23290000000,24190000000,24920000000,25500000000,25920000000,26200000000,26360000000,26410000000,26360000000,26230000000,26040000000,25800000000,25520000000,25210000000,24880000000,24530000000,24170000000,23810000000,23440000000,23080000000,22710000000,22350000000,22000000000,21650000000,21300000000,20960000000,20620000000,20290000000,19960000000,19640000000,19320000000,19000000000,18680000000,18370000000,18050000000,17740000000,17430000000,17120000000,16810000000,16500000000,16180000000,15870000000,15560000000,15250000000,14940000000,14620000000,14310000000,14000000000,13690000000,13370000000,13060000000,12750000000,12440000000,12140000000,11830000000,11530000000,11230000000,10940000000,10650000000,10360000000,10080000000,9803000000,9531000000,9264000000,2458000000,2917000000,3432000000,4005000000,4638000000,5329000000,6077000000,6878000000,7723000000,8597000000,9485000000,10370000000,11220000000,12030000000,12780000000,13450000000,14030000000,14520000000,14930000000,15240000000,15470000000,15630000000,15720000000,15760000000,15740000000,15680000000,15590000000,15470000000,15340000000,15180000000,15020000000,14840000000,14660000000,14480000000,14300000000,14110000000,13930000000,13750000000,13560000000,13380000000,13210000000,13030000000,12850000000,12670000000,12500000000,12320000000,12150000000,11970000000,11800000000,11620000000,11440000000,11260000000,11070000000,10890000000,10700000000,10510000000,10320000000,10130000000,9931000000,9733000000,9532000000,9330000000,9126000000,8921000000,8716000000,8510000000,8304000000,8099000000,7895000000,7692000000,7491000000,7292000000,7096000000,6903000000,6712000000,6526000000,6343000000,6164000000,5989000000,5818000000,5651000000,2018000000,2362000000,2742000000,3160000000,3615000000,4108000000,4633000000,5187000000,5760000000,6340000000,6916000000,7474000000,8001000000,8488000000,8924000000,9307000000,9631000000,9897000000,10110000000,10270000000,10380000000,10440000000,10480000000,10480000000,10450000000,10400000000,10340000000,10260000000,10180000000,10080000000,9981000000,9877000000,9771000000,9663000000,9555000000,9447000000,9339000000,9231000000,9124000000,9017000000,8911000000,8804000000,8697000000,8590000000,8483000000,8374000000,8264000000,8152000000,8039000000,7924000000,7807000000,7687000000,7565000000,7440000000,7312000000,7182000000,7049000000,6914000000,6776000000,6637000000,6495000000,6352000000,6207000000,6062000000,5916000000,5770000000,5625000000,5480000000,5336000000,5194000000,5054000000,4916000000,4780000000,4647000000,4516000000,4389000000,4264000000,4142000000,4024000000,3908000000,3796000000,1660000000,1924000000,2214000000,2530000000,2871000000,3237000000,3624000000,4025000000,4434000000,4842000000,5238000000,5616000000,5966000000,6283000000,6563000000,6803000000,7002000000,7163000000,7286000000,7376000000,7435000000,7468000000,7479000000,7471000000,7447000000,7411000000,7365000000,7312000000,7253000000,7190000000,7124000000,7056000000,6987000000,6918000000,6848000000,6778000000,6708000000,6638000000,6568000000,6498000000,6428000000,6358000000,6286000000,6215000000,6142000000,6067000000,5992000000,5914000000,5835000000,5754000000,5670000000,5584000000,5495000000,5404000000,5311000000,5215000000,5116000000,5015000000,4913000000,4808000000,4702000000,4595000000,4487000000,4378000000,4269000000,4161000000,4053000000,3946000000,3840000000,3736000000,3633000000,3532000000,3433000000,3336000000,3242000000,3150000000,3060000000,2972000000,2887000000,2804000000,2723000000,1376000000,1583000000,1810000000,2056000000,2321000000,2603000000,2897000000,3199000000,3503000000,3802000000,4089000000,4359000000,4606000000,4826000000,5018000000,5179000000,5312000000,5417000000,5496000000,5552000000,5587000000,5605000000,5607000000,5598000000,5578000000,5551000000,5517000000,5479000000,5437000000,5392000000,5346000000,5299000000,5251000000,5203000000,5154000000,5106000000,5057000000,5008000000,4960000000,4911000000,4861000000,4811000000,4761000000,4709000000,4656000000,4602000000,4547000000,4490000000,4431000000,4370000000,4307000000,4241000000,4174000000,4104000000,4032000000,3957000000,3881000000,3802000000,3723000000,3641000000,3559000000,3475000000,3391000000,3307000000,3223000000,3140000000,3057000000,2975000000,2894000000,2814000000,2736000000,2659000000,2584000000,2511000000,2439000000,2370000000,2302000000,2236000000,2172000000,2109000000,2049000000
"abs(OP(""/PM1"" ""vds""))",0.4,0.4,0.4,0.4,0.4,0.4,0.4,0.4,0.4,0.4,0.4,0.4,0.4,0.4,0.4,0.4,0.4,0.4,0.4,0.4,0.4,0.4,0.4,0.4,0.4,0.4,0.4,0.4,0.4,0.4,0.4,0.4,0.4,0.4,0.4,0.4,0.4,0.4,0.4,0.4,0.4,0.4,0.4,0.4,0.4,0.4,0.4,0.4,0.4,0.4,0.4,0.4,0.4,0.4,0.4,0.4,0.4,0.4,0.4,0.4,0.4,0.4,0.4,0.4,0.4,0.4,0.4,0.4,0.4,0.4,0.4,0.4,0.4,0.4,0.4,0.4,0.4,0.4,0.4,0.4,0.4,0.4,0.4,0.4,0.4,0.4,0.4,0.4,0.4,0.4,0.4,0.4,0.4,0.4,0.4,0.4,0.4,0.4,0.4,0.4,0.4,0.4,0.4,0.4,0.4,0.4,0.4,0.4,0.4,0.4,0.4,0.4,0.4,0.4,0.4,0.4,0.4,0.4,0.4,0.4,0.4,0.4,0.4,0.4,0.4,0.4,0.4,0.4,0.4,0.4,0.4,0.4,0.4,0.4,0.4,0.4,0.4,0.4,0.4,0.4,0.4,0.4,0.4,0.4,0.4,0.4,0.4,0.4,0.4,0.4,0.4,0.4,0.4,0.4,0.4,0.4,0.4,0.4,0.4,0.4,0.4,0.4,0.4,0.4,0.4,0.4,0.4,0.4,0.4,0.4,0.4,0.4,0.4,0.4,0.4,0.4,0.4,0.4,0.4,0.4,0.4,0.4,0.4,0.4,0.4,0.4,0.4,0.4,0.4,0.4,0.4,0.4,0.4,0.4,0.4,0.4,0.4,0.4,0.4,0.4,0.4,0.4,0.4,0.4,0.4,0.4,0.4,0.4,0.4,0.4,0.4,0.4,0.4,0.4,0.4,0.4,0.4,0.4,0.4,0.4,0.4,0.4,0.4,0.4,0.4,0.4,0.4,0.4,0.4,0.4,0.4,0.4,0.4,0.4,0.4,0.4,0.4,0.4,0.4,0.4,0.4,0.4,0.4,0.4,0.4,0.4,0.4,0.4,0.4,0.4,0.4,0.4,0.4,0.4,0.4,0.4,0.4,0.4,0.4,0.4,0.4,0.4,0.4,0.4,0.4,0.4,0.4,0.4,0.4,0.4,0.4,0.4,0.4,0.4,0.4,0.4,0.4,0.4,0.4,0.4,0.4,0.4,0.4,0.4,0.4,0.4,0.4,0.4,0.4,0.4,0.4,0.4,0.4,0.4,0.4,0.4,0.4,0.4,0.4,0.4,0.4,0.4,0.4,0.4,0.4,0.4,0.4,0.4,0.4,0.4,0.4,0.4,0.4,0.4,0.4,0.4,0.4,0.4,0.4,0.4,0.4,0.4,0.4,0.4,0.4,0.4,0.4,0.4,0.4,0.4,0.4,0.4,0.4,0.4,0.4,0.4,0.4,0.4,0.4,0.4,0.4,0.4,0.4,0.4,0.4,0.4,0.4,0.4,0.4,0.4,0.4,0.4,0.4,0.4,0.4,0.4,0.4,0.4,0.4,0.4,0.4,0.4,0.4,0.4,0.4,0.4,0.4,0.4,0.4,0.4,0.4,0.4,0.4,0.4,0.4,0.4,0.4,0.4,0.4,0.4,0.4,0.4,0.4,0.4,0.4,0.4,0.4,0.4,0.4,0.4,0.4,0.4,0.4,0.4,0.4,0.4,0.4,0.4,0.4,0.4,0.4,0.4,0.4,0.4,0.4,0.4,0.4,0.4,0.4,0.4,0.4,0.4,0.4,0.4,0.4,0.4,0.4,0.4,0.4,0.4,0.4,0.4,0.4,0.4,0.4,0.4,0.4,0.4,0.4,0.4,0.4,0.4,0.4,0.4,0.4,0.4,0.4,0.4,0.4,0.4,0.4,0.4,0.4,0.4,0.4,0.4,0.4,0.4,0.4,0.4,0.4,0.4,0.4,0.4,0.4,0.4,0.4,0.4,0.4,0.4,0.4,0.4,0.4,0.4,0.4,0.4,0.4,0.4,0.4,0.4,0.4,0.4,0.4,0.4,0.4,0.4,0.4,0.4,0.4,0.4,0.4,0.4,0.4,0.4,0.4,0.4,0.4,0.4,0.4,0.4,0.4,0.4,0.4,0.4,0.4,0.4,0.4,0.4,0.4,0.4,0.4,0.4,0.4,0.4,0.4,0.4,0.4,0.4,0.4,0.4,0.4,0.4,0.4,0.4,0.4,0.4,0.4,0.4,0.4,0.4,0.4,0.4,0.4,0.4,0.4,0.4,0.4,0.4,0.4,0.4,0.4,0.4,0.4,0.4,0.4,0.4,0.4,0.4,0.4,0.4,0.4,0.4,0.4,0.4,0.4,0.4,0.4,0.4,0.4,0.4,0.4,0.4,0.4,0.4,0.4,0.4,0.4,0.4,0.4,0.4,0.4,0.4,0.4,0.4,0.4,0.4,0.4
"OP(""/PM1"" ""region"")",3,3,3,3,3,3,3,3,3,2,2,2,2,2,2,2,2,2,2,2,2,2,2,2,2,2,2,2,2,2,2,2,2,2,2,2,2,2,2,2,2,2,2,2,2,2,2,2,2,2,2,2,2,2,2,2,2,2,2,2,2,2,2,2,1,1,1,1,1,1,1,1,1,1,1,1,1,1,1,1,1,3,3,3,3,3,2,2,2,2,2,2,2,2,2,2,2,2,2,2,2,2,2,2,2,2,2,2,2,2,2,2,2,2,2,2,2,2,2,2,2,2,2,2,2,2,2,2,2,2,2,2,2,2,2,2,2,1,1,1,1,1,1,1,1,1,1,1,1,1,1,1,1,1,1,1,1,1,1,1,1,1,3,3,3,3,2,2,2,2,2,2,2,2,2,2,2,2,2,2,2,2,2,2,2,2,2,2,2,2,2,2,2,2,2,2,2,2,2,2,2,2,2,2,2,2,2,2,2,2,2,2,2,2,2,2,2,1,1,1,1,1,1,1,1,1,1,1,1,1,1,1,1,1,1,1,1,1,1,1,1,1,1,3,3,3,2,2,2,2,2,2,2,2,2,2,2,2,2,2,2,2,2,2,2,2,2,2,2,2,2,2,2,2,2,2,2,2,2,2,2,2,2,2,2,2,2,2,2,2,2,2,2,2,2,2,2,1,1,1,1,1,1,1,1,1,1,1,1,1,1,1,1,1,1,1,1,1,1,1,1,1,1,1,3,3,2,2,2,2,2,2,2,2,2,2,2,2,2,2,2,2,2,2,2,2,2,2,2,2,2,2,2,2,2,2,2,2,2,2,2,2,2,2,2,2,2,2,2,2,2,2,2,2,2,2,2,1,1,1,1,1,1,1,1,1,1,1,1,1,1,1,1,1,1,1,1,1,1,1,1,1,1,1,1,3,2,2,2,2,2,2,2,2,2,2,2,2,2,2,2,2,2,2,2,2,2,2,2,2,2,2,2,2,2,2,2,2,2,2,2,2,2,2,2,2,2,2,2,2,2,2,2,2,2,2,2,1,1,1,1,1,1,1,1,1,1,1,1,1,1,1,1,1,1,1,1,1,1,1,1,1,1,1,1,1,3,2,2,2,2,2,2,2,2,2,2,2,2,2,2,2,2,2,2,2,2,2,2,2,2,2,2,2,2,2,2,2,2,2,2,2,2,2,2,2,2,2,2,2,2,2,2,2,2,2,2,2,1,1,1,1,1,1,1,1,1,1,1,1,1,1,1,1,1,1,1,1,1,1,1,1,1,1,1,1,1
"abs(OP(""/PM1"" ""vgs""))",0.4,0.41,0.42,0.43,0.44,0.45,0.46,0.47,0.48,0.49,0.5,0.51,0.52,0.53,0.54,0.55,0.56,0.57,0.58,0.59,0.6,0.61,0.62,0.63,0.64,0.65,0.66,0.67,0.68,0.69,0.7,0.71,0.72,0.73,0.74,0.75,0.76,0.77,0.78,0.79,0.8,0.81,0.82,0.83,0.84,0.85,0.86,0.87,0.88,0.89,0.9,0.91,0.92,0.93,0.94,0.95,0.96,0.97,0.98,0.99,1,1.01,1.02,1.03,1.04,1.05,1.06,1.07,1.08,1.09,1.1,1.11,1.12,1.13,1.14,1.15,1.16,1.17,1.18,1.19,1.2,0.4,0.41,0.42,0.43,0.44,0.45,0.46,0.47,0.48,0.49,0.5,0.51,0.52,0.53,0.54,0.55,0.56,0.57,0.58,0.59,0.6,0.61,0.62,0.63,0.64,0.65,0.66,0.67,0.68,0.69,0.7,0.71,0.72,0.73,0.74,0.75,0.76,0.77,0.78,0.79,0.8,0.81,0.82,0.83,0.84,0.85,0.86,0.87,0.88,0.89,0.9,0.91,0.92,0.93,0.94,0.95,0.96,0.97,0.98,0.99,1,1.01,1.02,1.03,1.04,1.05,1.06,1.07,1.08,1.09,1.1,1.11,1.12,1.13,1.14,1.15,1.16,1.17,1.18,1.19,1.2,0.4,0.41,0.42,0.43,0.44,0.45,0.46,0.47,0.48,0.49,0.5,0.51,0.52,0.53,0.54,0.55,0.56,0.57,0.58,0.59,0.6,0.61,0.62,0.63,0.64,0.65,0.66,0.67,0.68,0.69,0.7,0.71,0.72,0.73,0.74,0.75,0.76,0.77,0.78,0.79,0.8,0.81,0.82,0.83,0.84,0.85,0.86,0.87,0.88,0.89,0.9,0.91,0.92,0.93,0.94,0.95,0.96,0.97,0.98,0.99,1,1.01,1.02,1.03,1.04,1.05,1.06,1.07,1.08,1.09,1.1,1.11,1.12,1.13,1.14,1.15,1.16,1.17,1.18,1.19,1.2,0.4,0.41,0.42,0.43,0.44,0.45,0.46,0.47,0.48,0.49,0.5,0.51,0.52,0.53,0.54,0.55,0.56,0.57,0.58,0.59,0.6,0.61,0.62,0.63,0.64,0.65,0.66,0.67,0.68,0.69,0.7,0.71,0.72,0.73,0.74,0.75,0.76,0.77,0.78,0.79,0.8,0.81,0.82,0.83,0.84,0.85,0.86,0.87,0.88,0.89,0.9,0.91,0.92,0.93,0.94,0.95,0.96,0.97,0.98,0.99,1,1.01,1.02,1.03,1.04,1.05,1.06,1.07,1.08,1.09,1.1,1.11,1.12,1.13,1.14,1.15,1.16,1.17,1.18,1.19,1.2,0.4,0.41,0.42,0.43,0.44,0.45,0.46,0.47,0.48,0.49,0.5,0.51,0.52,0.53,0.54,0.55,0.56,0.57,0.58,0.59,0.6,0.61,0.62,0.63,0.64,0.65,0.66,0.67,0.68,0.69,0.7,0.71,0.72,0.73,0.74,0.75,0.76,0.77,0.78,0.79,0.8,0.81,0.82,0.83,0.84,0.85,0.86,0.87,0.88,0.89,0.9,0.91,0.92,0.93,0.94,0.95,0.96,0.97,0.98,0.99,1,1.01,1.02,1.03,1.04,1.05,1.06,1.07,1.08,1.09,1.1,1.11,1.12,1.13,1.14,1.15,1.16,1.17,1.18,1.19,1.2,0.4,0.41,0.42,0.43,0.44,0.45,0.46,0.47,0.48,0.49,0.5,0.51,0.52,0.53,0.54,0.55,0.56,0.57,0.58,0.59,0.6,0.61,0.62,0.63,0.64,0.65,0.66,0.67,0.68,0.69,0.7,0.71,0.72,0.73,0.74,0.75,0.76,0.77,0.78,0.79,0.8,0.81,0.82,0.83,0.84,0.85,0.86,0.87,0.88,0.89,0.9,0.91,0.92,0.93,0.94,0.95,0.96,0.97,0.98,0.99,1,1.01,1.02,1.03,1.04,1.05,1.06,1.07,1.08,1.09,1.1,1.11,1.12,1.13,1.14,1.15,1.16,1.17,1.18,1.19,1.2,0.4,0.41,0.42,0.43,0.44,0.45,0.46,0.47,0.48,0.49,0.5,0.51,0.52,0.53,0.54,0.55,0.56,0.57,0.58,0.59,0.6,0.61,0.62,0.63,0.64,0.65,0.66,0.67,0.68,0.69,0.7,0.71,0.72,0.73,0.74,0.75,0.76,0.77,0.78,0.79,0.8,0.81,0.82,0.83,0.84,0.85,0.86,0.87,0.88,0.89,0.9,0.91,0.92,0.93,0.94,0.95,0.96,0.97,0.98,0.99,1,1.01,1.02,1.03,1.04,1.05,1.06,1.07,1.08,1.09,1.1,1.11,1.12,1.13,1.14,1.15,1.16,1.17,1.18,1.19,1.2
"abs(OP(""/PM1"" ""vth""))",0.485,0.485,0.485,0.485,0.485,0.485,0.485,0.485,0.485,0.485,0.485,0.485,0.485,0.485,0.485,0.485,0.485,0.485,0.485,0.485,0.485,0.485,0.485,0.485,0.485,0.485,0.485,0.485,0.485,0.485,0.485,0.485,0.485,0.485,0.485,0.485,0.485,0.485,0.485,0.485,0.485,0.485,0.485,0.485,0.485,0.485,0.485,0.485,0.485,0.485,0.485,0.485,0.485,0.485,0.485,0.485,0.485,0.485,0.485,0.485,0.485,0.485,0.485,0.485,0.485,0.485,0.485,0.485,0.485,0.485,0.485,0.485,0.485,0.485,0.485,0.485,0.485,0.485,0.485,0.485,0.485,0.4433,0.4433,0.4433,0.4433,0.4433,0.4433,0.4433,0.4433,0.4433,0.4433,0.4433,0.4433,0.4433,0.4433,0.4433,0.4433,0.4433,0.4433,0.4433,0.4433,0.4433,0.4433,0.4433,0.4433,0.4433,0.4433,0.4433,0.4433,0.4433,0.4433,0.4433,0.4433,0.4433,0.4433,0.4433,0.4433,0.4433,0.4433,0.4433,0.4433,0.4433,0.4433,0.4433,0.4433,0.4433,0.4433,0.4433,0.4433,0.4433,0.4433,0.4433,0.4433,0.4433,0.4433,0.4433,0.4433,0.4433,0.4433,0.4433,0.4433,0.4433,0.4433,0.4433,0.4433,0.4433,0.4433,0.4433,0.4433,0.4433,0.4433,0.4433,0.4433,0.4433,0.4433,0.4433,0.4433,0.4433,0.4433,0.4433,0.4433,0.4433,0.4305,0.4305,0.4305,0.4305,0.4305,0.4305,0.4305,0.4305,0.4305,0.4305,0.4305,0.4305,0.4305,0.4305,0.4305,0.4305,0.4305,0.4305,0.4305,0.4305,0.4305,0.4305,0.4305,0.4305,0.4305,0.4305,0.4305,0.4305,0.4305,0.4305,0.4305,0.4305,0.4305,0.4305,0.4305,0.4305,0.4305,0.4305,0.4305,0.4305,0.4305,0.4305,0.4305,0.4305,0.4305,0.4305,0.4305,0.4305,0.4305,0.4305,0.4305,0.4305,0.4305,0.4305,0.4305,0.4305,0.4305,0.4305,0.4305,0.4305,0.4305,0.4305,0.4305,0.4305,0.4305,0.4305,0.4305,0.4305,0.4305,0.4305,0.4305,0.4305,0.4305,0.4305,0.4305,0.4305,0.4305,0.4305,0.4305,0.4305,0.4305,0.4214,0.4214,0.4214,0.4214,0.4214,0.4214,0.4214,0.4214,0.4214,0.4214,0.4214,0.4214,0.4214,0.4214,0.4214,0.4214,0.4214,0.4214,0.4214,0.4214,0.4214,0.4214,0.4214,0.4214,0.4214,0.4214,0.4214,0.4214,0.4214,0.4214,0.4214,0.4214,0.4214,0.4214,0.4214,0.4214,0.4214,0.4214,0.4214,0.4214,0.4214,0.4214,0.4214,0.4214,0.4214,0.4214,0.4214,0.4214,0.4214,0.4214,0.4214,0.4214,0.4214,0.4214,0.4214,0.4214,0.4214,0.4214,0.4214,0.4214,0.4214,0.4214,0.4214,0.4214,0.4214,0.4214,0.4214,0.4214,0.4214,0.4214,0.4214,0.4214,0.4214,0.4214,0.4214,0.4214,0.4214,0.4214,0.4214,0.4214,0.4214,0.4147,0.4147,0.4147,0.4147,0.4147,0.4147,0.4147,0.4147,0.4147,0.4147,0.4147,0.4147,0.4147,0.4147,0.4147,0.4147,0.4147,0.4147,0.4147,0.4147,0.4147,0.4147,0.4147,0.4147,0.4147,0.4147,0.4147,0.4147,0.4147,0.4147,0.4147,0.4147,0.4147,0.4147,0.4147,0.4147,0.4147,0.4147,0.4147,0.4147,0.4147,0.4147,0.4147,0.4147,0.4147,0.4147,0.4147,0.4147,0.4147,0.4147,0.4147,0.4147,0.4147,0.4147,0.4147,0.4147,0.4147,0.4147,0.4147,0.4147,0.4147,0.4147,0.4147,0.4147,0.4147,0.4147,0.4147,0.4147,0.4147,0.4147,0.4147,0.4147,0.4147,0.4147,0.4147,0.4147,0.4147,0.4147,0.4147,0.4147,0.4147,0.4097,0.4097,0.4097,0.4097,0.4097,0.4097,0.4097,0.4097,0.4097,0.4097,0.4097,0.4097,0.4097,0.4097,0.4097,0.4097,0.4097,0.4097,0.4097,0.4097,0.4097,0.4097,0.4097,0.4097,0.4097,0.4097,0.4097,0.4097,0.4097,0.4097,0.4097,0.4097,0.4097,0.4097,0.4097,0.4097,0.4097,0.4097,0.4097,0.4097,0.4097,0.4097,0.4097,0.4097,0.4097,0.4097,0.4097,0.4097,0.4097,0.4097,0.4097,0.4097,0.4097,0.4097,0.4097,0.4097,0.4097,0.4097,0.4097,0.4097,0.4097,0.4097,0.4097,0.4097,0.4097,0.4097,0.4097,0.4097,0.4097,0.4097,0.4097,0.4097,0.4097,0.4097,0.4097,0.4097,0.4097,0.4097,0.4097,0.4097,0.4097,0.4059,0.4059,0.4059,0.4059,0.4059,0.4059,0.4059,0.4059,0.4059,0.4059,0.4059,0.4059,0.4059,0.4059,0.4059,0.4059,0.4059,0.4059,0.4059,0.4059,0.4059,0.4059,0.4059,0.4059,0.4059,0.4059,0.4059,0.4059,0.4059,0.4059,0.4059,0.4059,0.4059,0.4059,0.4059,0.4059,0.4059,0.4059,0.4059,0.4059,0.4059,0.4059,0.4059,0.4059,0.4059,0.4059,0.4059,0.4059,0.4059,0.4059,0.4059,0.4059,0.4059,0.4059,0.4059,0.4059,0.4059,0.4059,0.4059,0.4059,0.4059,0.4059,0.4059,0.4059,0.4059,0.4059,0.4059,0.4059,0.4059,0.4059,0.4059,0.4059,0.4059,0.4059,0.4059,0.4059,0.4059,0.4059,0.4059,0.4059,0.4059
pov,0.08495,0.07495,0.06495,0.05495,0.04495,0.03495,0.02495,0.01495,0.004951,-0.005049,-0.01505,-0.02505,-0.03505,-0.04505,-0.05505,-0.06505,-0.07505,-0.08505,-0.09505,-0.105,-0.115,-0.125,-0.135,-0.145,-0.155,-0.165,-0.175,-0.185,-0.195,-0.205,-0.215,-0.225,-0.235,-0.245,-0.255,-0.265,-0.275,-0.285,-0.295,-0.305,-0.315,-0.325,-0.335,-0.345,-0.355,-0.365,-0.375,-0.385,-0.395,-0.405,-0.415,-0.425,-0.435,-0.445,-0.455,-0.465,-0.475,-0.485,-0.495,-0.505,-0.515,-0.525,-0.535,-0.545,-0.555,-0.565,-0.575,-0.585,-0.595,-0.605,-0.615,-0.625,-0.635,-0.645,-0.655,-0.665,-0.675,-0.685,-0.695,-0.705,-0.715,0.04334,0.03334,0.02334,0.01334,0.003339,-0.006661,-0.01666,-0.02666,-0.03666,-0.04666,-0.05666,-0.06666,-0.07666,-0.08666,-0.09666,-0.1067,-0.1167,-0.1267,-0.1367,-0.1467,-0.1567,-0.1667,-0.1767,-0.1867,-0.1967,-0.2067,-0.2167,-0.2267,-0.2367,-0.2467,-0.2567,-0.2667,-0.2767,-0.2867,-0.2967,-0.3067,-0.3167,-0.3267,-0.3367,-0.3467,-0.3567,-0.3667,-0.3767,-0.3867,-0.3967,-0.4067,-0.4167,-0.4267,-0.4367,-0.4467,-0.4567,-0.4667,-0.4767,-0.4867,-0.4967,-0.5067,-0.5167,-0.5267,-0.5367,-0.5467,-0.5567,-0.5667,-0.5767,-0.5867,-0.5967,-0.6067,-0.6167,-0.6267,-0.6367,-0.6467,-0.6567,-0.6667,-0.6767,-0.6867,-0.6967,-0.7067,-0.7167,-0.7267,-0.7367,-0.7467,-0.7567,0.03052,0.02052,0.01052,0.0005196,-0.00948,-0.01948,-0.02948,-0.03948,-0.04948,-0.05948,-0.06948,-0.07948,-0.08948,-0.09948,-0.1095,-0.1195,-0.1295,-0.1395,-0.1495,-0.1595,-0.1695,-0.1795,-0.1895,-0.1995,-0.2095,-0.2195,-0.2295,-0.2395,-0.2495,-0.2595,-0.2695,-0.2795,-0.2895,-0.2995,-0.3095,-0.3195,-0.3295,-0.3395,-0.3495,-0.3595,-0.3695,-0.3795,-0.3895,-0.3995,-0.4095,-0.4195,-0.4295,-0.4395,-0.4495,-0.4595,-0.4695,-0.4795,-0.4895,-0.4995,-0.5095,-0.5195,-0.5295,-0.5395,-0.5495,-0.5595,-0.5695,-0.5795,-0.5895,-0.5995,-0.6095,-0.6195,-0.6295,-0.6395,-0.6495,-0.6595,-0.6695,-0.6795,-0.6895,-0.6995,-0.7095,-0.7195,-0.7295,-0.7395,-0.7495,-0.7595,-0.7695,0.02142,0.01142,0.001416,-0.008584,-0.01858,-0.02858,-0.03858,-0.04858,-0.05858,-0.06858,-0.07858,-0.08858,-0.09858,-0.1086,-0.1186,-0.1286,-0.1386,-0.1486,-0.1586,-0.1686,-0.1786,-0.1886,-0.1986,-0.2086,-0.2186,-0.2286,-0.2386,-0.2486,-0.2586,-0.2686,-0.2786,-0.2886,-0.2986,-0.3086,-0.3186,-0.3286,-0.3386,-0.3486,-0.3586,-0.3686,-0.3786,-0.3886,-0.3986,-0.4086,-0.4186,-0.4286,-0.4386,-0.4486,-0.4586,-0.4686,-0.4786,-0.4886,-0.4986,-0.5086,-0.5186,-0.5286,-0.5386,-0.5486,-0.5586,-0.5686,-0.5786,-0.5886,-0.5986,-0.6086,-0.6186,-0.6286,-0.6386,-0.6486,-0.6586,-0.6686,-0.6786,-0.6886,-0.6986,-0.7086,-0.7186,-0.7286,-0.7386,-0.7486,-0.7586,-0.7686,-0.7786,0.01471,0.004714,-0.005286,-0.01529,-0.02529,-0.03529,-0.04529,-0.05529,-0.06529,-0.07529,-0.08529,-0.09529,-0.1053,-0.1153,-0.1253,-0.1353,-0.1453,-0.1553,-0.1653,-0.1753,-0.1853,-0.1953,-0.2053,-0.2153,-0.2253,-0.2353,-0.2453,-0.2553,-0.2653,-0.2753,-0.2853,-0.2953,-0.3053,-0.3153,-0.3253,-0.3353,-0.3453,-0.3553,-0.3653,-0.3753,-0.3853,-0.3953,-0.4053,-0.4153,-0.4253,-0.4353,-0.4453,-0.4553,-0.4653,-0.4753,-0.4853,-0.4953,-0.5053,-0.5153,-0.5253,-0.5353,-0.5453,-0.5553,-0.5653,-0.5753,-0.5853,-0.5953,-0.6053,-0.6153,-0.6253,-0.6353,-0.6453,-0.6553,-0.6653,-0.6753,-0.6853,-0.6953,-0.7053,-0.7153,-0.7253,-0.7353,-0.7453,-0.7553,-0.7653,-0.7753,-0.7853,0.009713,-0.0002867,-0.01029,-0.02029,-0.03029,-0.04029,-0.05029,-0.06029,-0.07029,-0.08029,-0.09029,-0.1003,-0.1103,-0.1203,-0.1303,-0.1403,-0.1503,-0.1603,-0.1703,-0.1803,-0.1903,-0.2003,-0.2103,-0.2203,-0.2303,-0.2403,-0.2503,-0.2603,-0.2703,-0.2803,-0.2903,-0.3003,-0.3103,-0.3203,-0.3303,-0.3403,-0.3503,-0.3603,-0.3703,-0.3803,-0.3903,-0.4003,-0.4103,-0.4203,-0.4303,-0.4403,-0.4503,-0.4603,-0.4703,-0.4803,-0.4903,-0.5003,-0.5103,-0.5203,-0.5303,-0.5403,-0.5503,-0.5603,-0.5703,-0.5803,-0.5903,-0.6003,-0.6103,-0.6203,-0.6303,-0.6403,-0.6503,-0.6603,-0.6703,-0.6803,-0.6903,-0.7003,-0.7103,-0.7203,-0.7303,-0.7403,-0.7503,-0.7603,-0.7703,-0.7803,-0.7903,0.00591,-0.00409,-0.01409,-0.02409,-0.03409,-0.04409,-0.05409,-0.06409,-0.07409,-0.08409,-0.09409,-0.1041,-0.1141,-0.1241,-0.1341,-0.1441,-0.1541,-0.1641,-0.1741,-0.1841,-0.1941,-0.2041,-0.2141,-0.2241,-0.2341,-0.2441,-0.2541,-0.2641,-0.2741,-0.2841,-0.2941,-0.3041,-0.3141,-0.3241,-0.3341,-0.3441,-0.3541,-0.3641,-0.3741,-0.3841,-0.3941,-0.4041,-0.4141,-0.4241,-0.4341,-0.4441,-0.4541,-0.4641,-0.4741,-0.4841,-0.4941,-0.5041,-0.5141,-0.5241,-0.5341,-0.5441,-0.5541,-0.5641,-0.5741,-0.5841,-0.5941,-0.6041,-0.6141,-0.6241,-0.6341,-0.6441,-0.6541,-0.6641,-0.6741,-0.6841,-0.6941,-0.7041,-0.7141,-0.7241,-0.7341,-0.7441,-0.7541,-0.7641,-0.7741,-0.7841,-0.7941
pgm,0.009304,0.0116,0.01444,0.01793,0.02221,0.02744,0.03377,0.04139,0.05045,0.06114,0.07357,0.08786,0.104,0.1221,0.1419,0.1634,0.1863,0.2104,0.2354,0.2609,0.2866,0.3123,0.3377,0.3625,0.3866,0.4097,0.4319,0.4529,0.4729,0.4917,0.5094,0.526,0.5415,0.5561,0.5698,0.5826,0.5946,0.6059,0.6165,0.6264,0.6358,0.6445,0.6528,0.6606,0.6679,0.6747,0.6812,0.6872,0.6928,0.698,0.7028,0.7072,0.7113,0.7149,0.7182,0.721,0.7235,0.7256,0.7273,0.7286,0.7295,0.7301,0.7303,0.7301,0.7296,0.7287,0.7276,0.7261,0.7244,0.7225,0.7203,0.7179,0.7153,0.7125,0.7096,0.7066,0.7034,0.7001,0.6968,0.6933,0.6898,0.008222,0.01019,0.01257,0.01544,0.01887,0.02292,0.02763,0.03306,0.03921,0.04608,0.05365,0.06186,0.07065,0.07992,0.08957,0.0995,0.1096,0.1197,0.1299,0.1399,0.1497,0.1593,0.1686,0.1776,0.1863,0.1946,0.2026,0.2103,0.2177,0.2248,0.2315,0.2381,0.2443,0.2504,0.2562,0.2618,0.2672,0.2724,0.2774,0.2822,0.2869,0.2914,0.2957,0.2998,0.3037,0.3075,0.311,0.3144,0.3175,0.3204,0.323,0.3255,0.3276,0.3296,0.3312,0.3326,0.3338,0.3347,0.3354,0.3358,0.3361,0.3362,0.3361,0.3358,0.3354,0.3348,0.3342,0.3334,0.3325,0.3316,0.3306,0.3295,0.3284,0.3273,0.3261,0.3248,0.3236,0.3223,0.3209,0.3196,0.3183,0.006483,0.008001,0.009827,0.012,0.01456,0.01753,0.02094,0.0248,0.0291,0.03381,0.03892,0.04437,0.05011,0.05607,0.06219,0.06842,0.07468,0.08093,0.08712,0.0932,0.09915,0.1049,0.1106,0.116,0.1213,0.1264,0.1313,0.136,0.1406,0.145,0.1493,0.1534,0.1574,0.1613,0.1651,0.1687,0.1723,0.1758,0.1791,0.1824,0.1855,0.1885,0.1915,0.1943,0.197,0.1995,0.202,0.2043,0.2064,0.2084,0.2102,0.2118,0.2132,0.2145,0.2156,0.2165,0.2172,0.2178,0.2182,0.2185,0.2186,0.2187,0.2186,0.2184,0.2181,0.2178,0.2173,0.2169,0.2163,0.2158,0.2151,0.2145,0.2138,0.2131,0.2124,0.2116,0.2108,0.2101,0.2093,0.2085,0.2076,0.00559,0.006873,0.008402,0.01021,0.01231,0.01472,0.01745,0.0205,0.02386,0.0275,0.03139,0.0355,0.03978,0.04418,0.04867,0.05319,0.05772,0.06221,0.06663,0.07097,0.07521,0.07933,0.08333,0.08721,0.09097,0.0946,0.09812,0.1015,0.1048,0.108,0.1111,0.1142,0.1171,0.12,0.1227,0.1255,0.1281,0.1307,0.1332,0.1356,0.138,0.1403,0.1425,0.1446,0.1466,0.1485,0.1503,0.152,0.1536,0.1551,0.1564,0.1576,0.1586,0.1595,0.1603,0.1609,0.1614,0.1618,0.1621,0.1623,0.1623,0.1623,0.1622,0.1621,0.1619,0.1616,0.1613,0.1609,0.1605,0.1601,0.1596,0.1592,0.1587,0.1582,0.1576,0.1571,0.1565,0.156,0.1554,0.1548,0.1542,0.004981,0.006104,0.007433,0.008989,0.01078,0.01283,0.01512,0.01766,0.02043,0.0234,0.02656,0.02986,0.03327,0.03676,0.0403,0.04384,0.04737,0.05086,0.0543,0.05766,0.06094,0.06413,0.06722,0.07023,0.07314,0.07596,0.0787,0.08135,0.08393,0.08644,0.08888,0.09126,0.09357,0.09584,0.09804,0.1002,0.1023,0.1044,0.1063,0.1083,0.1102,0.112,0.1138,0.1154,0.117,0.1186,0.12,0.1214,0.1226,0.1237,0.1248,0.1257,0.1265,0.1272,0.1277,0.1282,0.1286,0.1289,0.1291,0.1292,0.1292,0.1292,0.1291,0.129,0.1288,0.1285,0.1283,0.128,0.1277,0.1273,0.127,0.1266,0.1262,0.1258,0.1254,0.125,0.1245,0.1241,0.1237,0.1232,0.1227,0.004504,0.005504,0.006681,0.00805,0.009621,0.0114,0.01338,0.01555,0.0179,0.02042,0.02307,0.02583,0.02866,0.03155,0.03446,0.03738,0.04027,0.04312,0.04592,0.04866,0.05133,0.05393,0.05645,0.0589,0.06128,0.06358,0.06582,0.06799,0.07011,0.07217,0.07418,0.07614,0.07805,0.07993,0.08175,0.08354,0.08528,0.08699,0.08865,0.09026,0.09183,0.09334,0.0948,0.0962,0.09753,0.09879,0.09998,0.1011,0.1021,0.103,0.1039,0.1046,0.1052,0.1058,0.1063,0.1066,0.1069,0.1071,0.1073,0.1073,0.1073,0.1073,0.1072,0.1071,0.1069,0.1068,0.1065,0.1063,0.106,0.1057,0.1054,0.1051,0.1048,0.1045,0.1041,0.1038,0.1034,0.1031,0.1027,0.1023,0.102,0.004107,0.005008,0.006064,0.007286,0.008681,0.01025,0.01199,0.01389,0.01594,0.01811,0.0204,0.02277,0.02519,0.02765,0.03013,0.0326,0.03504,0.03745,0.03982,0.04213,0.04438,0.04657,0.04869,0.05076,0.05276,0.05471,0.05661,0.05845,0.06024,0.06199,0.0637,0.06537,0.067,0.06859,0.07016,0.07168,0.07317,0.07463,0.07605,0.07743,0.07877,0.08006,0.08131,0.0825,0.08364,0.08471,0.08572,0.08665,0.08751,0.08829,0.08899,0.08961,0.09014,0.0906,0.09097,0.09127,0.0915,0.09167,0.09178,0.09183,0.09183,0.09179,0.09171,0.0916,0.09146,0.09129,0.0911,0.09089,0.09066,0.09042,0.09017,0.0899,0.08963,0.08934,0.08905,0.08875,0.08845,0.08814,0.08783,0.08752,0.0872
"abs(OP(""/PM1"" ""id""))",0.0004066,0.0005107,0.0006404,0.0008016,0.001002,0.001249,0.001554,0.001929,0.002387,0.002943,0.003615,0.004421,0.005379,0.006508,0.007826,0.009352,0.0111,0.01308,0.01531,0.01779,0.02053,0.02352,0.02677,0.03028,0.03402,0.038,0.04221,0.04664,0.05127,0.05609,0.0611,0.06628,0.07161,0.0771,0.08273,0.0885,0.09438,0.1004,0.1065,0.1127,0.119,0.1254,0.1319,0.1385,0.1451,0.1518,0.1586,0.1655,0.1724,0.1793,0.1863,0.1934,0.2005,0.2076,0.2148,0.222,0.2292,0.2364,0.2437,0.251,0.2583,0.2656,0.2729,0.2802,0.2875,0.2948,0.302,0.3093,0.3166,0.3238,0.331,0.3382,0.3454,0.3525,0.3596,0.3667,0.3737,0.3808,0.3877,0.3947,0.4016,0.0003656,0.0004573,0.0005707,0.0007104,0.0008815,0.00109,0.001342,0.001645,0.002006,0.002431,0.00293,0.003507,0.004169,0.004921,0.005768,0.006714,0.007759,0.008906,0.01015,0.0115,0.01295,0.0145,0.01614,0.01787,0.01969,0.02159,0.02358,0.02564,0.02778,0.03,0.03228,0.03463,0.03704,0.03951,0.04204,0.04463,0.04728,0.04998,0.05272,0.05552,0.05837,0.06126,0.0642,0.06717,0.07019,0.07325,0.07634,0.07947,0.08263,0.08581,0.08903,0.09228,0.09554,0.09883,0.1021,0.1055,0.1088,0.1121,0.1155,0.1188,0.1222,0.1256,0.1289,0.1323,0.1356,0.139,0.1423,0.1457,0.149,0.1523,0.1556,0.1589,0.1622,0.1655,0.1688,0.172,0.1753,0.1785,0.1817,0.1849,0.1881,0.0002906,0.0003628,0.0004516,0.0005605,0.0006929,0.000853,0.001045,0.001273,0.001543,0.001857,0.00222,0.002636,0.003108,0.003639,0.00423,0.004883,0.005599,0.006377,0.007217,0.008119,0.009081,0.0101,0.01118,0.01231,0.0135,0.01474,0.01603,0.01736,0.01875,0.02017,0.02165,0.02316,0.02471,0.02631,0.02794,0.02961,0.03131,0.03305,0.03483,0.03664,0.03848,0.04035,0.04225,0.04417,0.04613,0.04811,0.05012,0.05215,0.05421,0.05628,0.05837,0.06048,0.06261,0.06475,0.0669,0.06906,0.07123,0.0734,0.07558,0.07777,0.07995,0.08214,0.08432,0.08651,0.08869,0.09087,0.09305,0.09522,0.09738,0.09954,0.1017,0.1038,0.106,0.1081,0.1102,0.1124,0.1145,0.1166,0.1187,0.1208,0.1229,0.0002526,0.0003148,0.0003909,0.0004837,0.000596,0.0007309,0.0008915,0.001081,0.001303,0.001559,0.001853,0.002188,0.002564,0.002984,0.003448,0.003957,0.004512,0.005112,0.005756,0.006444,0.007175,0.007948,0.008761,0.009614,0.0105,0.01143,0.0124,0.01339,0.01443,0.01549,0.01659,0.01771,0.01887,0.02006,0.02127,0.02251,0.02378,0.02507,0.02639,0.02773,0.0291,0.03049,0.03191,0.03334,0.0348,0.03627,0.03777,0.03928,0.04081,0.04235,0.04391,0.04548,0.04706,0.04865,0.05025,0.05186,0.05347,0.05508,0.0567,0.05833,0.05995,0.06157,0.0632,0.06482,0.06644,0.06805,0.06967,0.07128,0.07289,0.07449,0.07609,0.07768,0.07927,0.08086,0.08244,0.08401,0.08558,0.08714,0.0887,0.09025,0.09179,0.0002268,0.000282,0.0003495,0.0004315,0.0005301,0.000648,0.0007875,0.0009513,0.001142,0.001361,0.00161,0.001892,0.002208,0.002558,0.002943,0.003364,0.00382,0.004311,0.004837,0.005397,0.00599,0.006615,0.007272,0.007959,0.008676,0.009422,0.0102,0.011,0.01182,0.01267,0.01355,0.01445,0.01538,0.01632,0.01729,0.01828,0.0193,0.02033,0.02138,0.02246,0.02355,0.02466,0.02579,0.02693,0.0281,0.02927,0.03047,0.03167,0.03289,0.03413,0.03537,0.03662,0.03788,0.03915,0.04043,0.04171,0.04299,0.04428,0.04557,0.04686,0.04815,0.04944,0.05073,0.05202,0.05331,0.0546,0.05588,0.05716,0.05844,0.05972,0.06099,0.06226,0.06352,0.06478,0.06604,0.06729,0.06854,0.06978,0.07102,0.07225,0.07348,0.0002063,0.0002562,0.000317,0.0003905,0.0004787,0.0005836,0.0007073,0.0008517,0.001019,0.00121,0.001428,0.001672,0.001945,0.002246,0.002576,0.002935,0.003323,0.00374,0.004185,0.004658,0.005158,0.005685,0.006237,0.006814,0.007414,0.008039,0.008686,0.009355,0.01005,0.01076,0.01149,0.01224,0.01301,0.0138,0.01461,0.01544,0.01628,0.01714,0.01802,0.01891,0.01983,0.02075,0.02169,0.02265,0.02362,0.0246,0.02559,0.0266,0.02761,0.02864,0.02967,0.03072,0.03176,0.03282,0.03388,0.03494,0.03601,0.03708,0.03815,0.03923,0.0403,0.04137,0.04245,0.04352,0.04459,0.04566,0.04672,0.04779,0.04885,0.04991,0.05096,0.05202,0.05307,0.05411,0.05516,0.0562,0.05723,0.05826,0.05929,0.06032,0.06134,0.0001891,0.0002346,0.0002898,0.0003564,0.0004361,0.0005306,0.0006417,0.0007709,0.00092,0.00109,0.001283,0.001498,0.001738,0.002002,0.002291,0.002605,0.002943,0.003306,0.003692,0.004102,0.004534,0.004989,0.005465,0.005963,0.00648,0.007018,0.007574,0.00815,0.008743,0.009354,0.009983,0.01063,0.01129,0.01197,0.01266,0.01337,0.0141,0.01483,0.01559,0.01636,0.01714,0.01793,0.01874,0.01956,0.02039,0.02123,0.02208,0.02294,0.02381,0.02469,0.02558,0.02647,0.02737,0.02828,0.02918,0.03009,0.03101,0.03192,0.03284,0.03376,0.03468,0.0356,0.03651,0.03743,0.03835,0.03926,0.04017,0.04108,0.04199,0.04289,0.0438,0.0447,0.0456,0.04649,0.04738,0.04827,0.04916,0.05004,0.05092,0.0518,0.05267
pgm_id,22.88,22.72,22.55,22.37,22.18,21.97,21.73,21.46,21.14,20.77,20.35,19.87,19.34,18.76,18.13,17.47,16.79,16.08,15.37,14.66,13.96,13.28,12.61,11.97,11.36,10.78,10.23,9.712,9.223,8.765,8.337,7.936,7.562,7.213,6.887,6.584,6.3,6.036,5.789,5.558,5.341,5.139,4.949,4.77,4.602,4.444,4.294,4.153,4.019,3.892,3.772,3.657,3.548,3.444,3.344,3.249,3.157,3.069,2.985,2.903,2.825,2.749,2.676,2.606,2.538,2.472,2.409,2.348,2.288,2.231,2.176,2.123,2.071,2.021,1.973,1.927,1.882,1.839,1.797,1.757,1.718,22.49,22.27,22.03,21.74,21.41,21.03,20.59,20.1,19.55,18.95,18.31,17.64,16.95,16.24,15.53,14.82,14.12,13.45,12.79,12.16,11.56,10.99,10.45,9.94,9.462,9.014,8.594,8.202,7.835,7.493,7.174,6.875,6.597,6.336,6.093,5.865,5.651,5.45,5.261,5.083,4.915,4.756,4.606,4.463,4.327,4.198,4.074,3.956,3.842,3.733,3.628,3.527,3.429,3.335,3.243,3.154,3.068,2.985,2.904,2.826,2.751,2.677,2.607,2.539,2.473,2.409,2.348,2.289,2.232,2.177,2.124,2.074,2.025,1.977,1.932,1.888,1.846,1.806,1.766,1.728,1.692,22.31,22.06,21.76,21.41,21.01,20.55,20.04,19.48,18.86,18.21,17.53,16.83,16.12,15.41,14.7,14.01,13.34,12.69,12.07,11.48,10.92,10.39,9.891,9.423,8.985,8.575,8.192,7.834,7.5,7.188,6.897,6.624,6.37,6.132,5.909,5.699,5.502,5.317,5.142,4.977,4.821,4.673,4.532,4.398,4.27,4.147,4.03,3.917,3.808,3.702,3.6,3.502,3.406,3.313,3.223,3.135,3.05,2.967,2.887,2.81,2.735,2.662,2.592,2.524,2.459,2.396,2.336,2.278,2.221,2.167,2.115,2.065,2.017,1.971,1.926,1.883,1.842,1.802,1.763,1.726,1.69,22.13,21.84,21.49,21.1,20.65,20.14,19.58,18.97,18.32,17.64,16.94,16.23,15.51,14.81,14.12,13.44,12.79,12.17,11.58,11.01,10.48,9.982,9.512,9.072,8.66,8.275,7.915,7.579,7.266,6.973,6.7,6.445,6.205,5.981,5.771,5.573,5.387,5.212,5.046,4.89,4.741,4.599,4.465,4.336,4.213,4.094,3.98,3.87,3.764,3.661,3.562,3.465,3.37,3.279,3.19,3.103,3.019,2.938,2.859,2.782,2.708,2.636,2.567,2.501,2.436,2.374,2.315,2.258,2.202,2.149,2.098,2.049,2.002,1.956,1.912,1.87,1.829,1.79,1.752,1.716,1.68,21.97,21.64,21.27,20.83,20.34,19.8,19.2,18.57,17.9,17.2,16.49,15.78,15.07,14.37,13.69,13.03,12.4,11.8,11.23,10.68,10.17,9.694,9.244,8.823,8.43,8.062,7.719,7.399,7.1,6.82,6.559,6.315,6.086,5.871,5.67,5.48,5.302,5.133,4.973,4.822,4.679,4.542,4.411,4.286,4.166,4.05,3.939,3.831,3.727,3.626,3.527,3.432,3.339,3.248,3.16,3.074,2.991,2.911,2.832,2.757,2.683,2.613,2.545,2.479,2.415,2.354,2.296,2.239,2.185,2.132,2.082,2.034,1.987,1.942,1.899,1.857,1.817,1.778,1.741,1.705,1.67,21.83,21.48,21.08,20.62,20.1,19.53,18.91,18.26,17.57,16.87,16.16,15.45,14.74,14.05,13.38,12.74,12.12,11.53,10.97,10.45,9.951,9.487,9.052,8.645,8.264,7.909,7.578,7.268,6.979,6.709,6.457,6.22,5.999,5.791,5.596,5.412,5.238,5.075,4.919,4.772,4.632,4.498,4.37,4.248,4.13,4.016,3.907,3.801,3.698,3.598,3.5,3.406,3.313,3.224,3.136,3.051,2.969,2.889,2.811,2.736,2.664,2.594,2.526,2.461,2.398,2.338,2.28,2.224,2.17,2.119,2.069,2.021,1.975,1.931,1.888,1.847,1.807,1.769,1.732,1.696,1.662,21.72,21.35,20.92,20.44,19.9,19.32,18.68,18.02,17.32,16.62,15.9,15.19,14.49,13.81,13.15,12.51,11.91,11.33,10.78,10.27,9.787,9.334,8.909,8.513,8.142,7.796,7.473,7.172,6.89,6.627,6.381,6.15,5.934,5.731,5.541,5.361,5.191,5.031,4.879,4.734,4.596,4.465,4.339,4.219,4.102,3.99,3.882,3.777,3.675,3.576,3.479,3.385,3.293,3.204,3.117,3.033,2.951,2.872,2.795,2.72,2.648,2.579,2.512,2.447,2.385,2.325,2.268,2.212,2.159,2.108,2.059,2.011,1.966,1.922,1.879,1.839,1.799,1.761,1.725,1.69,1.656
"OP(""/PM1"" ""rout"")",7386,5920,4758,3834,3099,2511,2042,1665,1363,1119,922.2,763.1,634.1,529.1,443.5,373.5,316,268.6,229.5,197,169.9,147.3,128.3,112.2,98.62,87.05,77.17,68.68,61.37,55.04,49.54,44.74,40.53,36.82,33.55,30.65,28.07,25.77,23.71,21.86,20.19,18.68,17.32,16.07,14.94,13.91,12.96,12.1,11.3,10.56,9.886,9.26,8.68,8.143,7.645,7.182,6.752,6.352,5.981,5.635,5.314,5.015,4.737,4.48,4.24,4.018,3.813,3.622,3.445,3.281,3.128,2.987,2.856,2.735,2.622,2.517,2.42,2.329,2.244,2.165,2.09,12180,9888,8057,6592,5418,4474,3713,3096,2596,2189,1855,1580,1354,1165,1008,876.4,765.2,671,590.8,522.2,463.2,412.2,368,329.5,295.8,266.3,240.2,217.2,196.8,178.6,162.3,147.8,134.7,122.9,112.3,102.7,93.96,86.02,78.78,72.17,66.13,60.59,55.52,50.86,46.58,42.65,39.03,35.72,32.68,29.89,27.35,25.02,22.91,20.99,19.25,17.67,16.25,14.97,13.82,12.79,11.86,11.03,10.28,9.608,9.003,8.458,7.965,7.52,7.116,6.749,6.414,6.109,5.83,5.573,5.337,5.12,4.919,4.733,4.56,4.4,4.25,18930,15430,12630,10390,8593,7146,5977,5029,4257,3625,3105,2675,2318,2019,1768,1555,1373,1218,1084,968.3,867.4,779.2,701.7,633.3,572.6,518.7,470.5,427.4,388.6,353.7,322.2,293.6,267.6,244,222.4,202.8,184.8,168.3,153.2,139.3,126.6,115,104.3,94.45,85.48,77.29,69.83,63.05,56.9,51.35,46.36,41.87,37.86,34.29,31.11,28.29,25.79,23.58,21.62,19.89,18.36,17,15.79,14.72,13.76,12.9,12.13,11.43,10.81,10.24,9.73,9.262,8.835,8.443,8.084,7.753,7.448,7.166,6.904,6.66,6.433,25360,20730,17020,14060,11680,9756,8203,6942,5912,5067,4371,3792,3309,2904,2560,2268,2017,1801,1614,1450,1307,1180,1068,968.4,879.2,799.1,727,661.8,602.8,549.1,500.3,455.7,414.9,377.6,343.3,311.9,283.1,256.6,232.2,209.9,189.4,170.7,153.6,137.9,123.8,110.9,99.29,88.85,79.5,71.15,63.73,57.16,51.36,46.24,41.75,37.81,34.35,31.31,28.65,26.31,24.25,22.43,20.83,19.4,18.13,17,15.99,15.08,14.26,13.52,12.84,12.23,11.67,11.16,10.69,10.25,9.852,9.481,9.138,8.818,8.52,31860,26090,21480,17790,14820,12420,10480,8905,7617,6558,5682,4953,4343,3829,3392,3018,2697,2419,2176,1963,1775,1609,1460,1327,1208,1100,1002,912.7,831.7,757.6,689.8,627.6,570.4,517.9,469.6,425.2,384.4,346.8,312.4,280.8,252,225.6,201.7,180,160.4,142.8,127,113,100.5,89.49,79.78,71.25,63.79,57.27,51.58,46.61,42.29,38.51,35.21,32.33,29.79,27.56,25.59,23.85,22.3,20.92,19.68,18.57,17.57,16.66,15.84,15.09,14.41,13.78,13.2,12.67,12.18,11.73,11.31,10.92,10.55,38670,31710,26150,21690,18110,15220,12870,10970,9408,8125,7062,6176,5433,4805,4270,3811,3416,3072,2771,2506,2271,2062,1875,1707,1555,1417,1292,1177,1073,976.4,888.1,806.8,732,663.1,599.6,541.2,487.4,438.1,392.9,351.6,313.9,279.7,248.8,220.9,195.8,173.5,153.6,136,120.5,106.9,95.04,84.66,75.62,67.78,60.96,55.05,49.91,45.44,41.54,38.14,35.16,32.54,30.22,28.18,26.36,24.74,23.29,21.98,20.81,19.74,18.78,17.9,17.09,16.36,15.68,15.06,14.48,13.95,13.45,12.99,12.56,45890,37670,31090,25830,21590,18170,15400,13150,11300,9781,8521,7468,6584,5835,5197,4649,4174,3761,3399,3079,2795,2541,2313,2107,1921,1751,1596,1454,1324,1204,1094,992.3,898.5,812.1,732.5,659.2,591.9,530.1,473.7,422.2,375.5,333.2,295.1,261,230.5,203.4,179.5,158.4,140,123.9,109.9,97.69,87.15,78.02,70.13,63.3,57.37,52.23,47.76,43.86,40.44,37.44,34.79,32.45,30.37,28.51,26.85,25.36,24.02,22.8,21.69,20.68,19.76,18.91,18.14,17.42,16.76,16.14,15.57,15.04,14.55
pgmro,68.72,68.68,68.69,68.75,68.83,68.91,68.95,68.91,68.74,68.41,67.85,67.05,65.97,64.6,62.95,61.03,58.87,56.52,54.01,51.39,48.7,46,43.31,40.68,38.12,35.67,33.33,31.11,29.02,27.06,25.23,23.53,21.95,20.48,19.12,17.86,16.69,15.62,14.62,13.69,12.84,12.04,11.3,10.62,9.98,9.385,8.83,8.312,7.827,7.373,6.948,6.549,6.174,5.821,5.49,5.178,4.885,4.609,4.35,4.106,3.877,3.661,3.46,3.271,3.094,2.928,2.774,2.63,2.495,2.37,2.253,2.145,2.043,1.949,1.861,1.779,1.702,1.63,1.563,1.501,1.442,100.2,100.7,101.3,101.8,102.3,102.5,102.6,102.4,101.8,100.8,99.51,97.76,95.63,93.13,90.31,87.2,83.86,80.36,76.73,73.04,69.34,65.66,62.05,58.52,55.11,51.82,48.68,45.68,42.83,40.13,37.59,35.18,32.91,30.78,28.77,26.88,25.1,23.43,21.85,20.37,18.97,17.65,16.41,15.25,14.15,13.11,12.14,11.23,10.37,9.577,8.834,8.144,7.505,6.916,6.374,5.878,5.424,5.011,4.636,4.295,3.987,3.707,3.455,3.226,3.019,2.832,2.662,2.507,2.366,2.238,2.121,2.013,1.915,1.824,1.74,1.663,1.592,1.525,1.464,1.406,1.353,122.7,123.4,124.1,124.7,125.1,125.3,125.2,124.7,123.9,122.6,120.8,118.7,116.1,113.2,109.9,106.4,102.6,98.57,94.45,90.24,86.01,81.78,77.59,73.47,69.45,65.55,61.77,58.13,54.64,51.29,48.09,45.04,42.13,39.36,36.72,34.22,31.84,29.58,27.44,25.41,23.49,21.67,19.96,18.35,16.84,15.42,14.1,12.88,11.74,10.7,9.742,8.868,8.074,7.355,6.707,6.125,5.603,5.136,4.719,4.346,4.014,3.717,3.451,3.214,3,2.809,2.636,2.48,2.338,2.21,2.093,1.986,1.889,1.799,1.717,1.641,1.57,1.505,1.445,1.388,1.336,141.8,142.5,143,143.5,143.7,143.6,143.2,142.3,141.1,139.4,137.2,134.6,131.6,128.3,124.6,120.6,116.4,112.1,107.5,102.9,98.29,93.64,89.02,84.46,79.98,75.6,71.33,67.19,63.19,59.32,55.6,52.02,48.58,45.29,42.14,39.13,36.26,33.53,30.93,28.47,26.14,23.94,21.87,19.94,18.14,16.47,14.93,13.51,12.21,11.03,9.967,9.007,8.146,7.377,6.692,6.084,5.545,5.067,4.644,4.269,3.937,3.642,3.379,3.145,2.935,2.747,2.579,2.426,2.289,2.164,2.05,1.946,1.852,1.764,1.684,1.61,1.542,1.479,1.42,1.365,1.314,158.7,159.3,159.7,159.9,159.8,159.3,158.5,157.3,155.6,153.5,150.9,147.9,144.5,140.7,136.7,132.3,127.8,123,118.1,113.2,108.2,103.2,98.16,93.2,88.32,83.52,78.83,74.25,69.8,65.49,61.31,57.27,53.38,49.64,46.05,42.61,39.32,36.19,33.22,30.41,27.76,25.27,22.94,20.78,18.78,16.93,15.25,13.71,12.32,11.07,9.953,8.955,8.068,7.282,6.589,5.977,5.438,4.963,4.545,4.176,3.849,3.56,3.304,3.075,2.872,2.689,2.525,2.377,2.243,2.122,2.011,1.911,1.818,1.734,1.656,1.584,1.517,1.456,1.398,1.345,1.295,174.2,174.5,174.7,174.6,174.2,173.4,172.2,170.6,168.5,165.9,162.9,159.5,155.7,151.6,147.2,142.5,137.5,132.5,127.2,121.9,116.6,111.2,105.9,100.6,95.3,90.12,85.03,80.05,75.2,70.47,65.88,61.43,57.14,53,49.02,45.21,41.57,38.11,34.83,31.73,28.83,26.11,23.58,21.25,19.1,17.14,15.36,13.75,12.31,11.02,9.871,8.855,7.959,7.17,6.478,5.869,5.336,4.868,4.456,4.094,3.774,3.492,3.241,3.018,2.819,2.641,2.481,2.337,2.206,2.088,1.98,1.882,1.792,1.709,1.633,1.563,1.498,1.437,1.381,1.329,1.28,188.5,188.6,188.6,188.2,187.4,186.3,184.7,182.6,180.1,177.2,173.8,170,165.9,161.4,156.6,151.5,146.3,140.9,135.3,129.7,124,118.3,112.6,106.9,101.3,95.79,90.34,84.99,79.76,74.65,69.68,64.86,60.2,55.71,51.39,47.25,43.31,39.56,36.02,32.69,29.57,26.67,23.99,21.53,19.28,17.23,15.39,13.73,12.25,10.94,9.777,8.754,7.856,7.069,6.38,5.777,5.25,4.788,4.383,4.027,3.714,3.437,3.191,2.972,2.778,2.603,2.446,2.305,2.177,2.061,1.956,1.859,1.771,1.69,1.615,1.546,1.482,1.423,1.368,1.316,1.268
pidw,0.08131,0.1021,0.1281,0.1603,0.2003,0.2498,0.3108,0.3857,0.4773,0.5886,0.7231,0.8842,1.076,1.302,1.565,1.87,2.22,2.616,3.062,3.558,4.106,4.705,5.355,6.055,6.804,7.601,8.443,9.328,10.25,11.22,12.22,13.26,14.32,15.42,16.55,17.7,18.88,20.08,21.3,22.54,23.81,25.09,26.38,27.7,29.03,30.37,31.72,33.09,34.47,35.86,37.26,38.67,40.09,41.52,42.95,44.39,45.84,47.28,48.74,50.19,51.65,53.11,54.57,56.03,57.49,58.95,60.41,61.86,63.31,64.76,66.2,67.64,69.07,70.5,71.92,73.34,74.75,76.15,77.55,78.94,80.32,0.07312,0.09146,0.1141,0.1421,0.1763,0.218,0.2684,0.329,0.4011,0.4863,0.5859,0.7013,0.8337,0.9842,1.154,1.343,1.552,1.781,2.031,2.301,2.59,2.899,3.227,3.573,3.937,4.318,4.716,5.129,5.557,5.999,6.455,6.925,7.407,7.902,8.409,8.927,9.456,9.995,10.54,11.1,11.67,12.25,12.84,13.43,14.04,14.65,15.27,15.89,16.53,17.16,17.81,18.46,19.11,19.77,20.43,21.09,21.76,22.43,23.1,23.77,24.44,25.11,25.78,26.45,27.13,27.8,28.47,29.13,29.8,30.46,31.13,31.79,32.44,33.1,33.75,34.4,35.05,35.7,36.34,36.98,37.62,0.05812,0.07255,0.09033,0.1121,0.1386,0.1706,0.209,0.2547,0.3085,0.3713,0.444,0.5273,0.6217,0.7278,0.8461,0.9767,1.12,1.275,1.443,1.624,1.816,2.02,2.236,2.462,2.7,2.948,3.205,3.473,3.749,4.035,4.329,4.632,4.943,5.261,5.588,5.922,6.263,6.611,6.966,7.327,7.695,8.069,8.449,8.835,9.226,9.623,10.02,10.43,10.84,11.26,11.67,12.1,12.52,12.95,13.38,13.81,14.25,14.68,15.12,15.55,15.99,16.43,16.86,17.3,17.74,18.17,18.61,19.04,19.48,19.91,20.34,20.77,21.2,21.62,22.05,22.47,22.9,23.32,23.74,24.15,24.57,0.05053,0.06295,0.07818,0.09674,0.1192,0.1462,0.1783,0.2162,0.2605,0.3118,0.3707,0.4375,0.5128,0.5967,0.6896,0.7915,0.9024,1.022,1.151,1.289,1.435,1.59,1.752,1.923,2.101,2.287,2.479,2.679,2.885,3.098,3.317,3.543,3.774,4.011,4.254,4.502,4.755,5.014,5.278,5.547,5.82,6.099,6.381,6.668,6.96,7.255,7.554,7.856,8.162,8.47,8.782,9.096,9.412,9.73,10.05,10.37,10.69,11.02,11.34,11.67,11.99,12.31,12.64,12.96,13.29,13.61,13.93,14.26,14.58,14.9,15.22,15.54,15.85,16.17,16.49,16.8,17.12,17.43,17.74,18.05,18.36,0.04536,0.05641,0.06991,0.08629,0.106,0.1296,0.1575,0.1903,0.2283,0.2721,0.322,0.3784,0.4415,0.5116,0.5886,0.6727,0.764,0.8622,0.9674,1.079,1.198,1.323,1.454,1.592,1.735,1.884,2.039,2.199,2.364,2.535,2.71,2.89,3.075,3.265,3.458,3.657,3.859,4.066,4.277,4.491,4.71,4.932,5.158,5.387,5.619,5.855,6.094,6.335,6.579,6.825,7.074,7.324,7.576,7.83,8.085,8.341,8.598,8.855,9.113,9.372,9.63,9.888,10.15,10.4,10.66,10.92,11.18,11.43,11.69,11.94,12.2,12.45,12.7,12.96,13.21,13.46,13.71,13.96,14.2,14.45,14.7,0.04126,0.05124,0.0634,0.07809,0.09573,0.1167,0.1415,0.1703,0.2038,0.2421,0.2855,0.3344,0.3889,0.4491,0.5151,0.587,0.6646,0.748,0.8371,0.9317,1.032,1.137,1.247,1.363,1.483,1.608,1.737,1.871,2.009,2.151,2.298,2.448,2.602,2.76,2.922,3.087,3.256,3.428,3.604,3.783,3.965,4.15,4.338,4.529,4.723,4.919,5.118,5.319,5.522,5.728,5.935,6.143,6.353,6.564,6.776,6.989,7.202,7.416,7.631,7.845,8.06,8.275,8.489,8.704,8.918,9.131,9.345,9.558,9.77,9.982,10.19,10.4,10.61,10.82,11.03,11.24,11.45,11.65,11.86,12.06,12.27,0.03783,0.04692,0.05796,0.07129,0.08722,0.1061,0.1283,0.1542,0.184,0.218,0.2565,0.2997,0.3476,0.4005,0.4582,0.521,0.5886,0.6611,0.7384,0.8203,0.9069,0.9978,1.093,1.193,1.296,1.404,1.515,1.63,1.749,1.871,1.997,2.126,2.258,2.394,2.532,2.674,2.819,2.967,3.118,3.271,3.427,3.586,3.747,3.911,4.077,4.246,4.416,4.589,4.763,4.939,5.116,5.295,5.474,5.655,5.837,6.019,6.202,6.385,6.568,6.752,6.936,7.119,7.303,7.486,7.669,7.852,8.034,8.216,8.398,8.579,8.76,8.94,9.119,9.298,9.476,9.654,9.831,10.01,10.18,10.36,10.53
pcgg,9.395E-12,9.473E-12,9.569E-12,9.683E-12,9.818E-12,9.974E-12,1.015E-11,1.034E-11,1.054E-11,1.074E-11,1.094E-11,1.113E-11,1.13E-11,1.146E-11,1.16E-11,1.172E-11,1.182E-11,1.19E-11,1.197E-11,1.202E-11,1.206E-11,1.21E-11,1.212E-11,1.215E-11,1.216E-11,1.218E-11,1.218E-11,1.219E-11,1.22E-11,1.22E-11,1.221E-11,1.221E-11,1.221E-11,1.221E-11,1.222E-11,1.222E-11,1.222E-11,1.222E-11,1.222E-11,1.222E-11,1.222E-11,1.222E-11,1.222E-11,1.222E-11,1.222E-11,1.222E-11,1.222E-11,1.222E-11,1.222E-11,1.222E-11,1.223E-11,1.223E-11,1.223E-11,1.223E-11,1.223E-11,1.223E-11,1.223E-11,1.223E-11,1.223E-11,1.223E-11,1.223E-11,1.224E-11,1.224E-11,1.224E-11,1.224E-11,1.224E-11,1.224E-11,1.225E-11,1.225E-11,1.225E-11,1.225E-11,1.226E-11,1.226E-11,1.226E-11,1.226E-11,1.227E-11,1.227E-11,1.227E-11,1.228E-11,1.228E-11,1.228E-11,1.276E-11,1.314E-11,1.357E-11,1.403E-11,1.452E-11,1.502E-11,1.55E-11,1.596E-11,1.638E-11,1.675E-11,1.708E-11,1.735E-11,1.758E-11,1.777E-11,1.793E-11,1.805E-11,1.814E-11,1.822E-11,1.828E-11,1.833E-11,1.836E-11,1.839E-11,1.841E-11,1.843E-11,1.845E-11,1.846E-11,1.846E-11,1.847E-11,1.848E-11,1.848E-11,1.848E-11,1.849E-11,1.849E-11,1.849E-11,1.849E-11,1.85E-11,1.85E-11,1.85E-11,1.85E-11,1.85E-11,1.851E-11,1.851E-11,1.851E-11,1.851E-11,1.852E-11,1.852E-11,1.852E-11,1.853E-11,1.853E-11,1.854E-11,1.854E-11,1.854E-11,1.855E-11,1.856E-11,1.856E-11,1.857E-11,1.857E-11,1.858E-11,1.859E-11,1.86E-11,1.861E-11,1.862E-11,1.863E-11,1.864E-11,1.865E-11,1.866E-11,1.867E-11,1.868E-11,1.87E-11,1.871E-11,1.873E-11,1.874E-11,1.876E-11,1.878E-11,1.88E-11,1.882E-11,1.884E-11,1.886E-11,1.888E-11,1.89E-11,1.892E-11,1.644E-11,1.713E-11,1.788E-11,1.866E-11,1.944E-11,2.019E-11,2.09E-11,2.154E-11,2.211E-11,2.26E-11,2.302E-11,2.336E-11,2.364E-11,2.386E-11,2.404E-11,2.418E-11,2.43E-11,2.438E-11,2.445E-11,2.45E-11,2.454E-11,2.458E-11,2.46E-11,2.462E-11,2.464E-11,2.465E-11,2.466E-11,2.467E-11,2.467E-11,2.468E-11,2.468E-11,2.469E-11,2.469E-11,2.47E-11,2.47E-11,2.471E-11,2.471E-11,2.471E-11,2.472E-11,2.472E-11,2.473E-11,2.473E-11,2.474E-11,2.475E-11,2.475E-11,2.476E-11,2.477E-11,2.478E-11,2.479E-11,2.48E-11,2.481E-11,2.482E-11,2.483E-11,2.484E-11,2.486E-11,2.487E-11,2.489E-11,2.49E-11,2.492E-11,2.494E-11,2.496E-11,2.498E-11,2.501E-11,2.503E-11,2.506E-11,2.508E-11,2.511E-11,2.514E-11,2.517E-11,2.52E-11,2.524E-11,2.527E-11,2.531E-11,2.535E-11,2.539E-11,2.543E-11,2.547E-11,2.551E-11,2.555E-11,2.56E-11,2.564E-11,2.047E-11,2.148E-11,2.254E-11,2.36E-11,2.464E-11,2.561E-11,2.649E-11,2.728E-11,2.796E-11,2.853E-11,2.9E-11,2.939E-11,2.97E-11,2.995E-11,3.014E-11,3.03E-11,3.042E-11,3.051E-11,3.059E-11,3.065E-11,3.069E-11,3.073E-11,3.075E-11,3.077E-11,3.079E-11,3.081E-11,3.082E-11,3.083E-11,3.084E-11,3.084E-11,3.085E-11,3.086E-11,3.086E-11,3.087E-11,3.087E-11,3.088E-11,3.089E-11,3.089E-11,3.09E-11,3.091E-11,3.092E-11,3.093E-11,3.094E-11,3.095E-11,3.096E-11,3.097E-11,3.099E-11,3.1E-11,3.102E-11,3.104E-11,3.105E-11,3.107E-11,3.11E-11,3.112E-11,3.114E-11,3.117E-11,3.12E-11,3.122E-11,3.126E-11,3.129E-11,3.132E-11,3.136E-11,3.14E-11,3.144E-11,3.148E-11,3.153E-11,3.158E-11,3.163E-11,3.168E-11,3.173E-11,3.179E-11,3.185E-11,3.191E-11,3.197E-11,3.203E-11,3.209E-11,3.216E-11,3.222E-11,3.229E-11,3.236E-11,3.242E-11,2.471E-11,2.603E-11,2.738E-11,2.87E-11,2.996E-11,3.112E-11,3.216E-11,3.306E-11,3.382E-11,3.446E-11,3.498E-11,3.541E-11,3.574E-11,3.601E-11,3.622E-11,3.639E-11,3.652E-11,3.662E-11,3.67E-11,3.676E-11,3.681E-11,3.685E-11,3.688E-11,3.69E-11,3.692E-11,3.694E-11,3.695E-11,3.696E-11,3.697E-11,3.698E-11,3.699E-11,3.7E-11,3.701E-11,3.702E-11,3.702E-11,3.703E-11,3.704E-11,3.705E-11,3.707E-11,3.708E-11,3.709E-11,3.711E-11,3.712E-11,3.714E-11,3.715E-11,3.717E-11,3.719E-11,3.722E-11,3.724E-11,3.727E-11,3.729E-11,3.732E-11,3.736E-11,3.739E-11,3.743E-11,3.746E-11,3.75E-11,3.755E-11,3.76E-11,3.764E-11,3.77E-11,3.775E-11,3.781E-11,3.787E-11,3.793E-11,3.8E-11,3.807E-11,3.814E-11,3.822E-11,3.829E-11,3.837E-11,3.845E-11,3.854E-11,3.862E-11,3.871E-11,3.879E-11,3.888E-11,3.897E-11,3.906E-11,3.915E-11,3.924E-11,2.907E-11,3.068E-11,3.23E-11,3.387E-11,3.533E-11,3.666E-11,3.783E-11,3.883E-11,3.968E-11,4.038E-11,4.095E-11,4.14E-11,4.177E-11,4.206E-11,4.228E-11,4.246E-11,4.26E-11,4.271E-11,4.279E-11,4.286E-11,4.291E-11,4.295E-11,4.298E-11,4.301E-11,4.303E-11,4.305E-11,4.306E-11,4.308E-11,4.309E-11,4.31E-11,4.311E-11,4.312E-11,4.313E-11,4.315E-11,4.316E-11,4.317E-11,4.318E-11,4.32E-11,4.321E-11,4.323E-11,4.325E-11,4.327E-11,4.329E-11,4.331E-11,4.334E-11,4.336E-11,4.339E-11,4.342E-11,4.346E-11,4.349E-11,4.353E-11,4.357E-11,4.361E-11,4.366E-11,4.371E-11,4.376E-11,4.382E-11,4.388E-11,4.394E-11,4.401E-11,4.408E-11,4.415E-11,4.423E-11,4.431E-11,4.44E-11,4.449E-11,4.458E-11,4.467E-11,4.477E-11,4.487E-11,4.498E-11,4.508E-11,4.519E-11,4.53E-11,4.541E-11,4.552E-11,4.564E-11,4.575E-11,4.586E-11,4.598E-11,4.609E-11,3.347E-11,3.538E-11,3.726E-11,3.905E-11,4.071E-11,4.22E-11,4.349E-11,4.46E-11,4.552E-11,4.628E-11,4.689E-11,4.739E-11,4.778E-11,4.808E-11,4.833E-11,4.852E-11,4.866E-11,4.878E-11,4.887E-11,4.894E-11,4.9E-11,4.904E-11,4.907E-11,4.91E-11,4.913E-11,4.915E-11,4.916E-11,4.918E-11,4.919E-11,4.921E-11,4.922E-11,4.924E-11,4.925E-11,4.926E-11,4.928E-11,4.93E-11,4.931E-11,4.933E-11,4.935E-11,4.937E-11,4.94E-11,4.942E-11,4.945E-11,4.948E-11,4.951E-11,4.954E-11,4.958E-11,4.962E-11,4.966E-11,4.971E-11,4.976E-11,4.981E-11,4.987E-11,4.993E-11,4.999E-11,5.006E-11,5.013E-11,5.021E-11,5.029E-11,5.038E-11,5.047E-11,5.056E-11,5.066E-11,5.077E-11,5.087E-11,5.099E-11,5.11E-11,5.122E-11,5.134E-11,5.147E-11,5.16E-11,5.173E-11,5.186E-11,5.2E-11,5.213E-11,5.227E-11,5.241E-11,5.254E-11,5.268E-11,5.282E-11,5.295E-11
pcgd,3.908E-12,3.908E-12,3.908E-12,3.908E-12,3.908E-12,3.908E-12,3.908E-12,3.908E-12,3.908E-12,3.907E-12,3.907E-12,3.907E-12,3.907E-12,3.907E-12,3.907E-12,3.907E-12,3.907E-12,3.907E-12,3.908E-12,3.908E-12,3.908E-12,3.908E-12,3.909E-12,3.909E-12,3.909E-12,3.91E-12,3.91E-12,3.91E-12,3.911E-12,3.911E-12,3.912E-12,3.912E-12,3.913E-12,3.913E-12,3.914E-12,3.915E-12,3.915E-12,3.916E-12,3.917E-12,3.918E-12,3.918E-12,3.919E-12,3.92E-12,3.921E-12,3.922E-12,3.924E-12,3.925E-12,3.926E-12,3.928E-12,3.929E-12,3.931E-12,3.932E-12,3.934E-12,3.936E-12,3.938E-12,3.94E-12,3.942E-12,3.945E-12,3.947E-12,3.95E-12,3.953E-12,3.956E-12,3.959E-12,3.963E-12,3.967E-12,3.97E-12,3.975E-12,3.979E-12,3.984E-12,3.989E-12,3.994E-12,3.999E-12,4.005E-12,4.012E-12,4.018E-12,4.025E-12,4.032E-12,4.04E-12,4.048E-12,4.057E-12,4.066E-12,3.905E-12,3.905E-12,3.905E-12,3.905E-12,3.904E-12,3.904E-12,3.904E-12,3.904E-12,3.904E-12,3.904E-12,3.904E-12,3.904E-12,3.904E-12,3.905E-12,3.905E-12,3.906E-12,3.907E-12,3.908E-12,3.909E-12,3.91E-12,3.911E-12,3.912E-12,3.913E-12,3.914E-12,3.916E-12,3.917E-12,3.919E-12,3.921E-12,3.923E-12,3.925E-12,3.927E-12,3.929E-12,3.932E-12,3.935E-12,3.937E-12,3.941E-12,3.944E-12,3.947E-12,3.951E-12,3.955E-12,3.959E-12,3.964E-12,3.969E-12,3.974E-12,3.98E-12,3.986E-12,3.993E-12,4E-12,4.008E-12,4.016E-12,4.024E-12,4.034E-12,4.044E-12,4.054E-12,4.066E-12,4.078E-12,4.091E-12,4.105E-12,4.12E-12,4.136E-12,4.153E-12,4.172E-12,4.191E-12,4.212E-12,4.234E-12,4.257E-12,4.282E-12,4.309E-12,4.337E-12,4.366E-12,4.398E-12,4.431E-12,4.465E-12,4.502E-12,4.54E-12,4.58E-12,4.621E-12,4.665E-12,4.71E-12,4.757E-12,4.805E-12,3.902E-12,3.902E-12,3.901E-12,3.901E-12,3.9E-12,3.9E-12,3.9E-12,3.9E-12,3.9E-12,3.901E-12,3.901E-12,3.902E-12,3.903E-12,3.904E-12,3.905E-12,3.906E-12,3.908E-12,3.91E-12,3.911E-12,3.913E-12,3.916E-12,3.918E-12,3.92E-12,3.923E-12,3.926E-12,3.929E-12,3.932E-12,3.936E-12,3.94E-12,3.944E-12,3.948E-12,3.953E-12,3.958E-12,3.964E-12,3.97E-12,3.976E-12,3.983E-12,3.99E-12,3.998E-12,4.007E-12,4.016E-12,4.026E-12,4.037E-12,4.048E-12,4.06E-12,4.074E-12,4.088E-12,4.103E-12,4.12E-12,4.138E-12,4.157E-12,4.177E-12,4.199E-12,4.223E-12,4.248E-12,4.276E-12,4.305E-12,4.336E-12,4.369E-12,4.405E-12,4.443E-12,4.484E-12,4.527E-12,4.574E-12,4.622E-12,4.674E-12,4.729E-12,4.787E-12,4.848E-12,4.912E-12,4.979E-12,5.049E-12,5.123E-12,5.199E-12,5.278E-12,5.36E-12,5.445E-12,5.533E-12,5.623E-12,5.715E-12,5.809E-12,3.899E-12,3.898E-12,3.898E-12,3.897E-12,3.897E-12,3.897E-12,3.897E-12,3.897E-12,3.898E-12,3.898E-12,3.899E-12,3.901E-12,3.902E-12,3.904E-12,3.906E-12,3.908E-12,3.911E-12,3.913E-12,3.916E-12,3.919E-12,3.923E-12,3.926E-12,3.93E-12,3.935E-12,3.939E-12,3.944E-12,3.949E-12,3.955E-12,3.961E-12,3.968E-12,3.975E-12,3.983E-12,3.991E-12,4E-12,4.01E-12,4.02E-12,4.032E-12,4.044E-12,4.057E-12,4.071E-12,4.086E-12,4.103E-12,4.12E-12,4.14E-12,4.16E-12,4.182E-12,4.206E-12,4.232E-12,4.26E-12,4.29E-12,4.322E-12,4.357E-12,4.394E-12,4.435E-12,4.478E-12,4.524E-12,4.573E-12,4.627E-12,4.683E-12,4.744E-12,4.808E-12,4.877E-12,4.95E-12,5.027E-12,5.108E-12,5.194E-12,5.285E-12,5.38E-12,5.48E-12,5.585E-12,5.693E-12,5.806E-12,5.924E-12,6.045E-12,6.17E-12,6.298E-12,6.43E-12,6.564E-12,6.701E-12,6.841E-12,6.982E-12,3.895E-12,3.895E-12,3.894E-12,3.894E-12,3.893E-12,3.893E-12,3.894E-12,3.894E-12,3.895E-12,3.897E-12,3.898E-12,3.9E-12,3.902E-12,3.905E-12,3.908E-12,3.911E-12,3.914E-12,3.918E-12,3.922E-12,3.927E-12,3.931E-12,3.937E-12,3.942E-12,3.948E-12,3.955E-12,3.962E-12,3.969E-12,3.978E-12,3.986E-12,3.996E-12,4.006E-12,4.017E-12,4.029E-12,4.042E-12,4.056E-12,4.071E-12,4.088E-12,4.105E-12,4.124E-12,4.145E-12,4.167E-12,4.191E-12,4.217E-12,4.245E-12,4.275E-12,4.308E-12,4.343E-12,4.381E-12,4.422E-12,4.467E-12,4.514E-12,4.566E-12,4.621E-12,4.68E-12,4.744E-12,4.812E-12,4.885E-12,4.964E-12,5.047E-12,5.136E-12,5.23E-12,5.331E-12,5.437E-12,5.549E-12,5.667E-12,5.792E-12,5.922E-12,6.059E-12,6.201E-12,6.349E-12,6.502E-12,6.661E-12,6.824E-12,6.992E-12,7.165E-12,7.341E-12,7.52E-12,7.703E-12,7.887E-12,8.074E-12,8.263E-12,3.892E-12,3.891E-12,3.89E-12,3.89E-12,3.89E-12,3.89E-12,3.891E-12,3.892E-12,3.893E-12,3.895E-12,3.897E-12,3.9E-12,3.903E-12,3.906E-12,3.91E-12,3.914E-12,3.919E-12,3.924E-12,3.929E-12,3.935E-12,3.941E-12,3.948E-12,3.955E-12,3.963E-12,3.972E-12,3.981E-12,3.991E-12,4.002E-12,4.014E-12,4.026E-12,4.04E-12,4.055E-12,4.071E-12,4.088E-12,4.107E-12,4.127E-12,4.149E-12,4.173E-12,4.198E-12,4.226E-12,4.256E-12,4.288E-12,4.323E-12,4.361E-12,4.402E-12,4.447E-12,4.494E-12,4.546E-12,4.602E-12,4.662E-12,4.727E-12,4.797E-12,4.872E-12,4.952E-12,5.039E-12,5.132E-12,5.231E-12,5.336E-12,5.449E-12,5.569E-12,5.696E-12,5.831E-12,5.973E-12,6.123E-12,6.281E-12,6.446E-12,6.618E-12,6.798E-12,6.985E-12,7.178E-12,7.378E-12,7.584E-12,7.795E-12,8.011E-12,8.231E-12,8.455E-12,8.682E-12,8.912E-12,9.145E-12,9.378E-12,9.613E-12,3.888E-12,3.888E-12,3.887E-12,3.887E-12,3.887E-12,3.887E-12,3.888E-12,3.89E-12,3.892E-12,3.894E-12,3.897E-12,3.9E-12,3.904E-12,3.908E-12,3.913E-12,3.918E-12,3.924E-12,3.93E-12,3.937E-12,3.944E-12,3.952E-12,3.96E-12,3.97E-12,3.98E-12,3.99E-12,4.002E-12,4.015E-12,4.028E-12,4.043E-12,4.059E-12,4.076E-12,4.095E-12,4.115E-12,4.137E-12,4.161E-12,4.187E-12,4.215E-12,4.245E-12,4.277E-12,4.313E-12,4.351E-12,4.393E-12,4.437E-12,4.486E-12,4.539E-12,4.595E-12,4.657E-12,4.723E-12,4.795E-12,4.872E-12,4.956E-12,5.045E-12,5.142E-12,5.245E-12,5.356E-12,5.475E-12,5.602E-12,5.737E-12,5.881E-12,6.034E-12,6.196E-12,6.367E-12,6.547E-12,6.737E-12,6.935E-12,7.143E-12,7.359E-12,7.583E-12,7.816E-12,8.056E-12,8.303E-12,8.556E-12,8.815E-12,9.079E-12,9.347E-12,9.62E-12,9.895E-12,1.017E-11,1.045E-11,1.073E-11,1.101E-11
pcdg,4.082E-12,4.126E-12,4.18E-12,4.243E-12,4.318E-12,4.403E-12,4.498E-12,4.601E-12,4.708E-12,4.818E-12,4.926E-12,5.029E-12,5.124E-12,5.209E-12,5.283E-12,5.347E-12,5.401E-12,5.445E-12,5.481E-12,5.51E-12,5.533E-12,5.552E-12,5.567E-12,5.578E-12,5.587E-12,5.595E-12,5.6E-12,5.605E-12,5.608E-12,5.611E-12,5.613E-12,5.615E-12,5.617E-12,5.618E-12,5.619E-12,5.62E-12,5.621E-12,5.622E-12,5.623E-12,5.624E-12,5.624E-12,5.625E-12,5.626E-12,5.627E-12,5.627E-12,5.628E-12,5.629E-12,5.63E-12,5.631E-12,5.632E-12,5.633E-12,5.634E-12,5.635E-12,5.636E-12,5.637E-12,5.639E-12,5.64E-12,5.641E-12,5.643E-12,5.645E-12,5.646E-12,5.648E-12,5.65E-12,5.652E-12,5.654E-12,5.656E-12,5.659E-12,5.661E-12,5.664E-12,5.666E-12,5.669E-12,5.672E-12,5.676E-12,5.679E-12,5.682E-12,5.686E-12,5.69E-12,5.694E-12,5.698E-12,5.703E-12,5.708E-12,4.942E-12,5.159E-12,5.401E-12,5.663E-12,5.937E-12,6.213E-12,6.484E-12,6.74E-12,6.975E-12,7.184E-12,7.366E-12,7.52E-12,7.648E-12,7.754E-12,7.839E-12,7.908E-12,7.962E-12,8.006E-12,8.04E-12,8.066E-12,8.088E-12,8.104E-12,8.117E-12,8.128E-12,8.136E-12,8.143E-12,8.149E-12,8.153E-12,8.157E-12,8.161E-12,8.164E-12,8.166E-12,8.169E-12,8.172E-12,8.174E-12,8.176E-12,8.179E-12,8.181E-12,8.184E-12,8.187E-12,8.19E-12,8.193E-12,8.196E-12,8.199E-12,8.203E-12,8.206E-12,8.21E-12,8.215E-12,8.219E-12,8.224E-12,8.229E-12,8.234E-12,8.24E-12,8.246E-12,8.252E-12,8.259E-12,8.267E-12,8.274E-12,8.283E-12,8.291E-12,8.301E-12,8.31E-12,8.321E-12,8.332E-12,8.344E-12,8.356E-12,8.369E-12,8.382E-12,8.397E-12,8.412E-12,8.428E-12,8.444E-12,8.462E-12,8.48E-12,8.498E-12,8.518E-12,8.538E-12,8.559E-12,8.581E-12,8.603E-12,8.626E-12,6.006E-12,6.404E-12,6.831E-12,7.273E-12,7.715E-12,8.144E-12,8.546E-12,8.911E-12,9.234E-12,9.511E-12,9.746E-12,9.94E-12,1.01E-11,1.023E-11,1.033E-11,1.041E-11,1.047E-11,1.052E-11,1.056E-11,1.06E-11,1.062E-11,1.064E-11,1.066E-11,1.067E-11,1.068E-11,1.069E-11,1.069E-11,1.07E-11,1.071E-11,1.071E-11,1.072E-11,1.072E-11,1.072E-11,1.073E-11,1.073E-11,1.074E-11,1.074E-11,1.075E-11,1.075E-11,1.076E-11,1.076E-11,1.077E-11,1.078E-11,1.078E-11,1.079E-11,1.08E-11,1.081E-11,1.082E-11,1.083E-11,1.084E-11,1.085E-11,1.086E-11,1.087E-11,1.088E-11,1.09E-11,1.091E-11,1.093E-11,1.094E-11,1.096E-11,1.098E-11,1.1E-11,1.102E-11,1.104E-11,1.107E-11,1.109E-11,1.112E-11,1.115E-11,1.118E-11,1.121E-11,1.124E-11,1.127E-11,1.131E-11,1.134E-11,1.138E-11,1.142E-11,1.145E-11,1.149E-11,1.153E-11,1.158E-11,1.162E-11,1.166E-11,7.285E-12,7.868E-12,8.475E-12,9.086E-12,9.678E-12,1.024E-11,1.074E-11,1.119E-11,1.158E-11,1.191E-11,1.218E-11,1.24E-11,1.258E-11,1.272E-11,1.283E-11,1.292E-11,1.299E-11,1.305E-11,1.309E-11,1.313E-11,1.316E-11,1.318E-11,1.32E-11,1.321E-11,1.322E-11,1.323E-11,1.324E-11,1.325E-11,1.326E-11,1.326E-11,1.327E-11,1.328E-11,1.328E-11,1.329E-11,1.33E-11,1.33E-11,1.331E-11,1.332E-11,1.333E-11,1.334E-11,1.335E-11,1.336E-11,1.337E-11,1.338E-11,1.339E-11,1.34E-11,1.342E-11,1.343E-11,1.345E-11,1.346E-11,1.348E-11,1.35E-11,1.352E-11,1.354E-11,1.357E-11,1.359E-11,1.362E-11,1.365E-11,1.367E-11,1.371E-11,1.374E-11,1.377E-11,1.381E-11,1.385E-11,1.389E-11,1.393E-11,1.398E-11,1.403E-11,1.407E-11,1.412E-11,1.418E-11,1.423E-11,1.429E-11,1.434E-11,1.44E-11,1.446E-11,1.452E-11,1.458E-11,1.464E-11,1.471E-11,1.477E-11,8.696E-12,9.462E-12,1.024E-11,1.1E-11,1.173E-11,1.24E-11,1.299E-11,1.351E-11,1.395E-11,1.432E-11,1.462E-11,1.487E-11,1.506E-11,1.522E-11,1.534E-11,1.544E-11,1.552E-11,1.558E-11,1.563E-11,1.566E-11,1.57E-11,1.572E-11,1.574E-11,1.576E-11,1.577E-11,1.578E-11,1.579E-11,1.58E-11,1.581E-11,1.582E-11,1.583E-11,1.584E-11,1.585E-11,1.586E-11,1.587E-11,1.588E-11,1.589E-11,1.59E-11,1.591E-11,1.592E-11,1.593E-11,1.595E-11,1.596E-11,1.598E-11,1.6E-11,1.602E-11,1.604E-11,1.606E-11,1.608E-11,1.61E-11,1.613E-11,1.616E-11,1.619E-11,1.622E-11,1.625E-11,1.629E-11,1.633E-11,1.637E-11,1.641E-11,1.646E-11,1.651E-11,1.656E-11,1.661E-11,1.667E-11,1.672E-11,1.678E-11,1.685E-11,1.691E-11,1.698E-11,1.705E-11,1.712E-11,1.72E-11,1.727E-11,1.735E-11,1.743E-11,1.751E-11,1.759E-11,1.767E-11,1.776E-11,1.784E-11,1.792E-11,1.018E-11,1.112E-11,1.206E-11,1.297E-11,1.382E-11,1.459E-11,1.527E-11,1.585E-11,1.634E-11,1.674E-11,1.707E-11,1.734E-11,1.755E-11,1.772E-11,1.785E-11,1.796E-11,1.804E-11,1.811E-11,1.816E-11,1.82E-11,1.823E-11,1.826E-11,1.828E-11,1.83E-11,1.832E-11,1.833E-11,1.834E-11,1.836E-11,1.837E-11,1.838E-11,1.839E-11,1.84E-11,1.841E-11,1.842E-11,1.844E-11,1.845E-11,1.846E-11,1.848E-11,1.849E-11,1.851E-11,1.853E-11,1.855E-11,1.857E-11,1.859E-11,1.861E-11,1.864E-11,1.866E-11,1.869E-11,1.872E-11,1.876E-11,1.879E-11,1.883E-11,1.887E-11,1.891E-11,1.896E-11,1.901E-11,1.906E-11,1.911E-11,1.917E-11,1.923E-11,1.929E-11,1.936E-11,1.943E-11,1.95E-11,1.958E-11,1.966E-11,1.974E-11,1.983E-11,1.992E-11,2.001E-11,2.01E-11,2.02E-11,2.029E-11,2.039E-11,2.049E-11,2.059E-11,2.069E-11,2.079E-11,2.09E-11,2.1E-11,2.11E-11,1.17E-11,1.282E-11,1.391E-11,1.496E-11,1.592E-11,1.679E-11,1.754E-11,1.818E-11,1.872E-11,1.916E-11,1.952E-11,1.981E-11,2.004E-11,2.022E-11,2.036E-11,2.048E-11,2.057E-11,2.064E-11,2.069E-11,2.074E-11,2.077E-11,2.08E-11,2.083E-11,2.085E-11,2.087E-11,2.088E-11,2.09E-11,2.091E-11,2.092E-11,2.094E-11,2.095E-11,2.096E-11,2.098E-11,2.099E-11,2.101E-11,2.102E-11,2.104E-11,2.106E-11,2.108E-11,2.11E-11,2.112E-11,2.115E-11,2.117E-11,2.12E-11,2.123E-11,2.126E-11,2.13E-11,2.133E-11,2.137E-11,2.141E-11,2.146E-11,2.151E-11,2.156E-11,2.161E-11,2.167E-11,2.173E-11,2.18E-11,2.187E-11,2.194E-11,2.202E-11,2.21E-11,2.218E-11,2.227E-11,2.236E-11,2.246E-11,2.256E-11,2.266E-11,2.277E-11,2.288E-11,2.299E-11,2.31E-11,2.322E-11,2.333E-11,2.345E-11,2.357E-11,2.369E-11,2.382E-11,2.394E-11,2.406E-11,2.418E-11,2.43E-11
pcdd,3.91E-12,3.91E-12,3.91E-12,3.91E-12,3.91E-12,3.91E-12,3.91E-12,3.91E-12,3.91E-12,3.91E-12,3.91E-12,3.91E-12,3.91E-12,3.91E-12,3.91E-12,3.91E-12,3.91E-12,3.91E-12,3.911E-12,3.911E-12,3.911E-12,3.911E-12,3.912E-12,3.912E-12,3.913E-12,3.913E-12,3.913E-12,3.914E-12,3.914E-12,3.915E-12,3.915E-12,3.916E-12,3.917E-12,3.917E-12,3.918E-12,3.919E-12,3.92E-12,3.92E-12,3.921E-12,3.922E-12,3.923E-12,3.924E-12,3.925E-12,3.927E-12,3.928E-12,3.929E-12,3.931E-12,3.932E-12,3.934E-12,3.936E-12,3.937E-12,3.939E-12,3.941E-12,3.943E-12,3.946E-12,3.948E-12,3.951E-12,3.954E-12,3.957E-12,3.96E-12,3.963E-12,3.967E-12,3.97E-12,3.974E-12,3.979E-12,3.983E-12,3.988E-12,3.993E-12,3.998E-12,4.004E-12,4.01E-12,4.016E-12,4.023E-12,4.03E-12,4.038E-12,4.046E-12,4.055E-12,4.064E-12,4.073E-12,4.083E-12,4.093E-12,3.909E-12,3.909E-12,3.909E-12,3.909E-12,3.909E-12,3.909E-12,3.909E-12,3.909E-12,3.909E-12,3.909E-12,3.91E-12,3.91E-12,3.911E-12,3.911E-12,3.912E-12,3.913E-12,3.913E-12,3.914E-12,3.915E-12,3.916E-12,3.917E-12,3.918E-12,3.92E-12,3.921E-12,3.923E-12,3.924E-12,3.926E-12,3.928E-12,3.929E-12,3.932E-12,3.934E-12,3.936E-12,3.939E-12,3.941E-12,3.944E-12,3.947E-12,3.951E-12,3.954E-12,3.958E-12,3.962E-12,3.966E-12,3.971E-12,3.976E-12,3.981E-12,3.987E-12,3.993E-12,4E-12,4.007E-12,4.015E-12,4.023E-12,4.031E-12,4.041E-12,4.051E-12,4.061E-12,4.073E-12,4.085E-12,4.098E-12,4.112E-12,4.127E-12,4.144E-12,4.161E-12,4.179E-12,4.199E-12,4.219E-12,4.242E-12,4.265E-12,4.29E-12,4.317E-12,4.345E-12,4.375E-12,4.406E-12,4.439E-12,4.474E-12,4.51E-12,4.549E-12,4.589E-12,4.63E-12,4.674E-12,4.719E-12,4.766E-12,4.815E-12,3.909E-12,3.909E-12,3.908E-12,3.908E-12,3.908E-12,3.908E-12,3.909E-12,3.909E-12,3.909E-12,3.91E-12,3.911E-12,3.911E-12,3.912E-12,3.913E-12,3.915E-12,3.916E-12,3.917E-12,3.919E-12,3.921E-12,3.923E-12,3.925E-12,3.927E-12,3.929E-12,3.932E-12,3.935E-12,3.938E-12,3.941E-12,3.944E-12,3.948E-12,3.952E-12,3.956E-12,3.961E-12,3.966E-12,3.971E-12,3.976E-12,3.982E-12,3.989E-12,3.996E-12,4.004E-12,4.012E-12,4.02E-12,4.03E-12,4.04E-12,4.051E-12,4.063E-12,4.075E-12,4.089E-12,4.103E-12,4.119E-12,4.136E-12,4.154E-12,4.174E-12,4.195E-12,4.217E-12,4.241E-12,4.267E-12,4.295E-12,4.325E-12,4.356E-12,4.39E-12,4.427E-12,4.465E-12,4.507E-12,4.55E-12,4.597E-12,4.646E-12,4.698E-12,4.753E-12,4.811E-12,4.872E-12,4.936E-12,5.003E-12,5.073E-12,5.145E-12,5.221E-12,5.299E-12,5.379E-12,5.463E-12,5.548E-12,5.636E-12,5.725E-12,3.908E-12,3.908E-12,3.908E-12,3.908E-12,3.908E-12,3.908E-12,3.908E-12,3.909E-12,3.91E-12,3.911E-12,3.912E-12,3.913E-12,3.915E-12,3.916E-12,3.918E-12,3.92E-12,3.923E-12,3.925E-12,3.928E-12,3.931E-12,3.934E-12,3.937E-12,3.941E-12,3.945E-12,3.949E-12,3.954E-12,3.959E-12,3.964E-12,3.97E-12,3.976E-12,3.982E-12,3.989E-12,3.997E-12,4.005E-12,4.014E-12,4.024E-12,4.034E-12,4.046E-12,4.058E-12,4.071E-12,4.085E-12,4.1E-12,4.116E-12,4.134E-12,4.153E-12,4.173E-12,4.195E-12,4.219E-12,4.245E-12,4.272E-12,4.302E-12,4.334E-12,4.368E-12,4.405E-12,4.445E-12,4.488E-12,4.533E-12,4.582E-12,4.634E-12,4.69E-12,4.749E-12,4.813E-12,4.88E-12,4.951E-12,5.026E-12,5.105E-12,5.189E-12,5.276E-12,5.368E-12,5.464E-12,5.565E-12,5.669E-12,5.777E-12,5.888E-12,6.003E-12,6.121E-12,6.243E-12,6.367E-12,6.493E-12,6.621E-12,6.752E-12,3.907E-12,3.907E-12,3.907E-12,3.907E-12,3.907E-12,3.908E-12,3.909E-12,3.909E-12,3.911E-12,3.912E-12,3.914E-12,3.915E-12,3.918E-12,3.92E-12,3.923E-12,3.925E-12,3.929E-12,3.932E-12,3.936E-12,3.94E-12,3.944E-12,3.949E-12,3.954E-12,3.959E-12,3.965E-12,3.971E-12,3.978E-12,3.986E-12,3.994E-12,4.002E-12,4.011E-12,4.021E-12,4.032E-12,4.044E-12,4.057E-12,4.07E-12,4.085E-12,4.101E-12,4.118E-12,4.136E-12,4.156E-12,4.178E-12,4.201E-12,4.227E-12,4.254E-12,4.283E-12,4.315E-12,4.349E-12,4.386E-12,4.426E-12,4.469E-12,4.516E-12,4.565E-12,4.619E-12,4.676E-12,4.738E-12,4.804E-12,4.874E-12,4.949E-12,5.029E-12,5.114E-12,5.205E-12,5.3E-12,5.401E-12,5.508E-12,5.62E-12,5.737E-12,5.86E-12,5.989E-12,6.122E-12,6.26E-12,6.403E-12,6.55E-12,6.702E-12,6.857E-12,7.016E-12,7.177E-12,7.341E-12,7.508E-12,7.676E-12,7.846E-12,3.907E-12,3.907E-12,3.907E-12,3.907E-12,3.907E-12,3.908E-12,3.909E-12,3.91E-12,3.912E-12,3.913E-12,3.916E-12,3.918E-12,3.921E-12,3.924E-12,3.927E-12,3.931E-12,3.935E-12,3.939E-12,3.944E-12,3.949E-12,3.955E-12,3.961E-12,3.968E-12,3.975E-12,3.982E-12,3.99E-12,3.999E-12,4.009E-12,4.019E-12,4.031E-12,4.043E-12,4.056E-12,4.07E-12,4.085E-12,4.102E-12,4.12E-12,4.139E-12,4.16E-12,4.183E-12,4.207E-12,4.234E-12,4.263E-12,4.294E-12,4.327E-12,4.364E-12,4.403E-12,4.445E-12,4.491E-12,4.54E-12,4.594E-12,4.651E-12,4.713E-12,4.78E-12,4.851E-12,4.928E-12,5.01E-12,5.098E-12,5.191E-12,5.291E-12,5.397E-12,5.51E-12,5.63E-12,5.756E-12,5.888E-12,6.028E-12,6.174E-12,6.327E-12,6.487E-12,6.652E-12,6.823E-12,7E-12,7.183E-12,7.37E-12,7.561E-12,7.756E-12,7.955E-12,8.156E-12,8.36E-12,8.566E-12,8.773E-12,8.98E-12,3.906E-12,3.906E-12,3.906E-12,3.906E-12,3.907E-12,3.908E-12,3.909E-12,3.911E-12,3.913E-12,3.915E-12,3.918E-12,3.921E-12,3.924E-12,3.928E-12,3.932E-12,3.937E-12,3.942E-12,3.947E-12,3.953E-12,3.959E-12,3.966E-12,3.974E-12,3.982E-12,3.991E-12,4E-12,4.01E-12,4.021E-12,4.033E-12,4.046E-12,4.06E-12,4.075E-12,4.092E-12,4.109E-12,4.129E-12,4.149E-12,4.172E-12,4.196E-12,4.223E-12,4.251E-12,4.282E-12,4.316E-12,4.352E-12,4.391E-12,4.434E-12,4.48E-12,4.529E-12,4.583E-12,4.641E-12,4.704E-12,4.771E-12,4.844E-12,4.923E-12,5.007E-12,5.098E-12,5.195E-12,5.298E-12,5.409E-12,5.528E-12,5.654E-12,5.787E-12,5.929E-12,6.079E-12,6.236E-12,6.402E-12,6.576E-12,6.757E-12,6.946E-12,7.143E-12,7.346E-12,7.556E-12,7.772E-12,7.993E-12,8.22E-12,8.451E-12,8.686E-12,8.924E-12,9.164E-12,9.407E-12,9.651E-12,9.895E-12,1.014E-11
pcgs,4.34E-12,4.448E-12,4.58E-12,4.736E-12,4.919E-12,5.129E-12,5.362E-12,5.614E-12,5.879E-12,6.147E-12,6.412E-12,6.664E-12,6.896E-12,7.104E-12,7.286E-12,7.442E-12,7.572E-12,7.68E-12,7.768E-12,7.839E-12,7.895E-12,7.94E-12,7.976E-12,8.004E-12,8.027E-12,8.044E-12,8.058E-12,8.069E-12,8.077E-12,8.084E-12,8.09E-12,8.094E-12,8.098E-12,8.101E-12,8.103E-12,8.105E-12,8.107E-12,8.108E-12,8.11E-12,8.111E-12,8.112E-12,8.113E-12,8.114E-12,8.114E-12,8.115E-12,8.116E-12,8.116E-12,8.117E-12,8.117E-12,8.118E-12,8.118E-12,8.119E-12,8.119E-12,8.119E-12,8.12E-12,8.12E-12,8.12E-12,8.12E-12,8.12E-12,8.12E-12,8.12E-12,8.119E-12,8.119E-12,8.119E-12,8.118E-12,8.117E-12,8.117E-12,8.116E-12,8.115E-12,8.113E-12,8.112E-12,8.111E-12,8.109E-12,8.107E-12,8.105E-12,8.103E-12,8.101E-12,8.098E-12,8.095E-12,8.092E-12,8.089E-12,6.408E-12,6.927E-12,7.505E-12,8.128E-12,8.78E-12,9.439E-12,1.008E-11,1.069E-11,1.125E-11,1.175E-11,1.218E-11,1.254E-11,1.285E-11,1.31E-11,1.33E-11,1.346E-11,1.359E-11,1.369E-11,1.378E-11,1.384E-11,1.389E-11,1.393E-11,1.396E-11,1.398E-11,1.4E-11,1.402E-11,1.403E-11,1.404E-11,1.405E-11,1.406E-11,1.407E-11,1.407E-11,1.408E-11,1.408E-11,1.408E-11,1.409E-11,1.409E-11,1.409E-11,1.409E-11,1.41E-11,1.41E-11,1.41E-11,1.41E-11,1.41E-11,1.411E-11,1.411E-11,1.411E-11,1.411E-11,1.411E-11,1.411E-11,1.411E-11,1.411E-11,1.411E-11,1.411E-11,1.411E-11,1.411E-11,1.411E-11,1.411E-11,1.411E-11,1.41E-11,1.41E-11,1.41E-11,1.409E-11,1.409E-11,1.408E-11,1.408E-11,1.407E-11,1.406E-11,1.406E-11,1.405E-11,1.404E-11,1.403E-11,1.402E-11,1.4E-11,1.399E-11,1.398E-11,1.396E-11,1.395E-11,1.393E-11,1.391E-11,1.389E-11,8.941E-12,9.879E-12,1.088E-11,1.193E-11,1.297E-11,1.398E-11,1.492E-11,1.578E-11,1.654E-11,1.719E-11,1.774E-11,1.819E-11,1.857E-11,1.887E-11,1.911E-11,1.93E-11,1.945E-11,1.957E-11,1.966E-11,1.973E-11,1.979E-11,1.984E-11,1.987E-11,1.99E-11,1.993E-11,1.995E-11,1.996E-11,1.998E-11,1.999E-11,2E-11,2.001E-11,2.001E-11,2.002E-11,2.003E-11,2.003E-11,2.004E-11,2.004E-11,2.005E-11,2.005E-11,2.005E-11,2.006E-11,2.006E-11,2.006E-11,2.007E-11,2.007E-11,2.007E-11,2.007E-11,2.007E-11,2.007E-11,2.007E-11,2.007E-11,2.007E-11,2.007E-11,2.007E-11,2.007E-11,2.007E-11,2.006E-11,2.006E-11,2.005E-11,2.005E-11,2.004E-11,2.003E-11,2.002E-11,2.001E-11,2E-11,1.998E-11,1.997E-11,1.995E-11,1.994E-11,1.992E-11,1.99E-11,1.987E-11,1.985E-11,1.982E-11,1.98E-11,1.977E-11,1.974E-11,1.971E-11,1.967E-11,1.964E-11,1.96E-11,1.194E-11,1.331E-11,1.473E-11,1.616E-11,1.754E-11,1.884E-11,2.002E-11,2.107E-11,2.197E-11,2.273E-11,2.337E-11,2.388E-11,2.43E-11,2.463E-11,2.49E-11,2.511E-11,2.527E-11,2.54E-11,2.551E-11,2.559E-11,2.565E-11,2.57E-11,2.574E-11,2.578E-11,2.58E-11,2.583E-11,2.585E-11,2.586E-11,2.588E-11,2.589E-11,2.59E-11,2.591E-11,2.592E-11,2.593E-11,2.593E-11,2.594E-11,2.595E-11,2.595E-11,2.596E-11,2.596E-11,2.597E-11,2.597E-11,2.598E-11,2.598E-11,2.598E-11,2.598E-11,2.599E-11,2.599E-11,2.599E-11,2.599E-11,2.599E-11,2.599E-11,2.598E-11,2.598E-11,2.597E-11,2.597E-11,2.596E-11,2.595E-11,2.594E-11,2.593E-11,2.592E-11,2.59E-11,2.588E-11,2.587E-11,2.584E-11,2.582E-11,2.58E-11,2.577E-11,2.574E-11,2.571E-11,2.568E-11,2.564E-11,2.56E-11,2.556E-11,2.552E-11,2.547E-11,2.543E-11,2.538E-11,2.533E-11,2.527E-11,2.522E-11,1.523E-11,1.701E-11,1.882E-11,2.059E-11,2.228E-11,2.383E-11,2.521E-11,2.641E-11,2.743E-11,2.829E-11,2.898E-11,2.955E-11,3.001E-11,3.037E-11,3.066E-11,3.088E-11,3.106E-11,3.12E-11,3.131E-11,3.14E-11,3.147E-11,3.153E-11,3.157E-11,3.161E-11,3.164E-11,3.167E-11,3.169E-11,3.171E-11,3.172E-11,3.174E-11,3.175E-11,3.176E-11,3.177E-11,3.178E-11,3.179E-11,3.18E-11,3.181E-11,3.182E-11,3.182E-11,3.183E-11,3.184E-11,3.184E-11,3.185E-11,3.185E-11,3.185E-11,3.186E-11,3.186E-11,3.186E-11,3.186E-11,3.186E-11,3.186E-11,3.185E-11,3.185E-11,3.184E-11,3.183E-11,3.182E-11,3.181E-11,3.18E-11,3.178E-11,3.176E-11,3.174E-11,3.172E-11,3.17E-11,3.167E-11,3.164E-11,3.16E-11,3.157E-11,3.153E-11,3.149E-11,3.144E-11,3.139E-11,3.134E-11,3.129E-11,3.123E-11,3.117E-11,3.111E-11,3.105E-11,3.098E-11,3.091E-11,3.084E-11,3.077E-11,1.866E-11,2.084E-11,2.301E-11,2.511E-11,2.707E-11,2.885E-11,3.041E-11,3.175E-11,3.288E-11,3.381E-11,3.458E-11,3.519E-11,3.568E-11,3.607E-11,3.638E-11,3.662E-11,3.682E-11,3.697E-11,3.709E-11,3.718E-11,3.726E-11,3.732E-11,3.737E-11,3.741E-11,3.744E-11,3.747E-11,3.75E-11,3.752E-11,3.754E-11,3.756E-11,3.757E-11,3.758E-11,3.76E-11,3.761E-11,3.762E-11,3.763E-11,3.764E-11,3.765E-11,3.766E-11,3.767E-11,3.767E-11,3.768E-11,3.769E-11,3.769E-11,3.769E-11,3.77E-11,3.77E-11,3.77E-11,3.77E-11,3.769E-11,3.769E-11,3.768E-11,3.768E-11,3.767E-11,3.766E-11,3.764E-11,3.762E-11,3.761E-11,3.758E-11,3.756E-11,3.753E-11,3.75E-11,3.747E-11,3.743E-11,3.739E-11,3.734E-11,3.729E-11,3.724E-11,3.719E-11,3.713E-11,3.707E-11,3.7E-11,3.693E-11,3.686E-11,3.678E-11,3.67E-11,3.662E-11,3.654E-11,3.645E-11,3.637E-11,3.628E-11,2.216E-11,2.472E-11,2.724E-11,2.965E-11,3.187E-11,3.386E-11,3.559E-11,3.707E-11,3.83E-11,3.931E-11,4.014E-11,4.08E-11,4.133E-11,4.175E-11,4.208E-11,4.234E-11,4.254E-11,4.271E-11,4.283E-11,4.294E-11,4.302E-11,4.309E-11,4.314E-11,4.319E-11,4.322E-11,4.326E-11,4.328E-11,4.331E-11,4.333E-11,4.335E-11,4.337E-11,4.338E-11,4.34E-11,4.341E-11,4.343E-11,4.344E-11,4.345E-11,4.346E-11,4.347E-11,4.348E-11,4.349E-11,4.349E-11,4.35E-11,4.351E-11,4.351E-11,4.351E-11,4.351E-11,4.351E-11,4.351E-11,4.351E-11,4.35E-11,4.349E-11,4.348E-11,4.347E-11,4.345E-11,4.343E-11,4.341E-11,4.339E-11,4.336E-11,4.333E-11,4.329E-11,4.325E-11,4.321E-11,4.316E-11,4.311E-11,4.305E-11,4.299E-11,4.292E-11,4.285E-11,4.278E-11,4.27E-11,4.262E-11,4.254E-11,4.245E-11,4.236E-11,4.226E-11,4.216E-11,4.206E-11,4.196E-11,4.185E-11,4.175E-11
pcsg,4.082E-12,4.126E-12,4.18E-12,4.243E-12,4.318E-12,4.403E-12,4.498E-12,4.601E-12,4.708E-12,4.818E-12,4.926E-12,5.029E-12,5.124E-12,5.209E-12,5.283E-12,5.347E-12,5.401E-12,5.445E-12,5.481E-12,5.51E-12,5.533E-12,5.552E-12,5.567E-12,5.578E-12,5.587E-12,5.595E-12,5.6E-12,5.605E-12,5.608E-12,5.611E-12,5.613E-12,5.615E-12,5.617E-12,5.618E-12,5.619E-12,5.62E-12,5.621E-12,5.622E-12,5.623E-12,5.624E-12,5.624E-12,5.625E-12,5.626E-12,5.627E-12,5.627E-12,5.628E-12,5.629E-12,5.63E-12,5.631E-12,5.632E-12,5.633E-12,5.634E-12,5.635E-12,5.636E-12,5.637E-12,5.639E-12,5.64E-12,5.641E-12,5.643E-12,5.645E-12,5.646E-12,5.648E-12,5.65E-12,5.652E-12,5.654E-12,5.656E-12,5.659E-12,5.661E-12,5.664E-12,5.666E-12,5.669E-12,5.672E-12,5.676E-12,5.679E-12,5.682E-12,5.686E-12,5.69E-12,5.694E-12,5.698E-12,5.703E-12,5.708E-12,4.942E-12,5.159E-12,5.401E-12,5.663E-12,5.937E-12,6.213E-12,6.484E-12,6.74E-12,6.975E-12,7.184E-12,7.366E-12,7.52E-12,7.648E-12,7.754E-12,7.839E-12,7.908E-12,7.962E-12,8.006E-12,8.04E-12,8.066E-12,8.088E-12,8.104E-12,8.117E-12,8.128E-12,8.136E-12,8.143E-12,8.149E-12,8.153E-12,8.157E-12,8.161E-12,8.164E-12,8.166E-12,8.169E-12,8.172E-12,8.174E-12,8.176E-12,8.179E-12,8.181E-12,8.184E-12,8.187E-12,8.19E-12,8.193E-12,8.196E-12,8.199E-12,8.203E-12,8.206E-12,8.21E-12,8.215E-12,8.219E-12,8.224E-12,8.229E-12,8.234E-12,8.24E-12,8.246E-12,8.252E-12,8.259E-12,8.267E-12,8.274E-12,8.283E-12,8.291E-12,8.301E-12,8.31E-12,8.321E-12,8.332E-12,8.344E-12,8.356E-12,8.369E-12,8.382E-12,8.397E-12,8.412E-12,8.428E-12,8.444E-12,8.462E-12,8.48E-12,8.498E-12,8.518E-12,8.538E-12,8.559E-12,8.581E-12,8.603E-12,8.626E-12,6.006E-12,6.404E-12,6.831E-12,7.273E-12,7.715E-12,8.144E-12,8.546E-12,8.911E-12,9.234E-12,9.511E-12,9.746E-12,9.94E-12,1.01E-11,1.023E-11,1.033E-11,1.041E-11,1.047E-11,1.052E-11,1.056E-11,1.06E-11,1.062E-11,1.064E-11,1.066E-11,1.067E-11,1.068E-11,1.069E-11,1.069E-11,1.07E-11,1.071E-11,1.071E-11,1.072E-11,1.072E-11,1.072E-11,1.073E-11,1.073E-11,1.074E-11,1.074E-11,1.075E-11,1.075E-11,1.076E-11,1.076E-11,1.077E-11,1.078E-11,1.078E-11,1.079E-11,1.08E-11,1.081E-11,1.082E-11,1.083E-11,1.084E-11,1.085E-11,1.086E-11,1.087E-11,1.088E-11,1.09E-11,1.091E-11,1.093E-11,1.094E-11,1.096E-11,1.098E-11,1.1E-11,1.102E-11,1.104E-11,1.107E-11,1.109E-11,1.112E-11,1.115E-11,1.118E-11,1.121E-11,1.124E-11,1.127E-11,1.131E-11,1.134E-11,1.138E-11,1.142E-11,1.145E-11,1.149E-11,1.153E-11,1.158E-11,1.162E-11,1.166E-11,7.285E-12,7.868E-12,8.475E-12,9.086E-12,9.678E-12,1.024E-11,1.074E-11,1.119E-11,1.158E-11,1.191E-11,1.218E-11,1.24E-11,1.258E-11,1.272E-11,1.283E-11,1.292E-11,1.299E-11,1.305E-11,1.309E-11,1.313E-11,1.316E-11,1.318E-11,1.32E-11,1.321E-11,1.322E-11,1.323E-11,1.324E-11,1.325E-11,1.326E-11,1.326E-11,1.327E-11,1.328E-11,1.328E-11,1.329E-11,1.33E-11,1.33E-11,1.331E-11,1.332E-11,1.333E-11,1.334E-11,1.335E-11,1.336E-11,1.337E-11,1.338E-11,1.339E-11,1.34E-11,1.342E-11,1.343E-11,1.345E-11,1.346E-11,1.348E-11,1.35E-11,1.352E-11,1.354E-11,1.357E-11,1.359E-11,1.362E-11,1.365E-11,1.367E-11,1.371E-11,1.374E-11,1.377E-11,1.381E-11,1.385E-11,1.389E-11,1.393E-11,1.398E-11,1.403E-11,1.407E-11,1.412E-11,1.418E-11,1.423E-11,1.429E-11,1.434E-11,1.44E-11,1.446E-11,1.452E-11,1.458E-11,1.464E-11,1.471E-11,1.477E-11,8.696E-12,9.462E-12,1.024E-11,1.1E-11,1.173E-11,1.24E-11,1.299E-11,1.351E-11,1.395E-11,1.432E-11,1.462E-11,1.487E-11,1.506E-11,1.522E-11,1.534E-11,1.544E-11,1.552E-11,1.558E-11,1.563E-11,1.566E-11,1.57E-11,1.572E-11,1.574E-11,1.576E-11,1.577E-11,1.578E-11,1.579E-11,1.58E-11,1.581E-11,1.582E-11,1.583E-11,1.584E-11,1.585E-11,1.586E-11,1.587E-11,1.588E-11,1.589E-11,1.59E-11,1.591E-11,1.592E-11,1.593E-11,1.595E-11,1.596E-11,1.598E-11,1.6E-11,1.602E-11,1.604E-11,1.606E-11,1.608E-11,1.61E-11,1.613E-11,1.616E-11,1.619E-11,1.622E-11,1.625E-11,1.629E-11,1.633E-11,1.637E-11,1.641E-11,1.646E-11,1.651E-11,1.656E-11,1.661E-11,1.667E-11,1.672E-11,1.678E-11,1.685E-11,1.691E-11,1.698E-11,1.705E-11,1.712E-11,1.72E-11,1.727E-11,1.735E-11,1.743E-11,1.751E-11,1.759E-11,1.767E-11,1.776E-11,1.784E-11,1.792E-11,1.018E-11,1.112E-11,1.206E-11,1.297E-11,1.382E-11,1.459E-11,1.527E-11,1.585E-11,1.634E-11,1.674E-11,1.707E-11,1.734E-11,1.755E-11,1.772E-11,1.785E-11,1.796E-11,1.804E-11,1.811E-11,1.816E-11,1.82E-11,1.823E-11,1.826E-11,1.828E-11,1.83E-11,1.832E-11,1.833E-11,1.834E-11,1.836E-11,1.837E-11,1.838E-11,1.839E-11,1.84E-11,1.841E-11,1.842E-11,1.844E-11,1.845E-11,1.846E-11,1.848E-11,1.849E-11,1.851E-11,1.853E-11,1.855E-11,1.857E-11,1.859E-11,1.861E-11,1.864E-11,1.866E-11,1.869E-11,1.872E-11,1.876E-11,1.879E-11,1.883E-11,1.887E-11,1.891E-11,1.896E-11,1.901E-11,1.906E-11,1.911E-11,1.917E-11,1.923E-11,1.929E-11,1.936E-11,1.943E-11,1.95E-11,1.958E-11,1.966E-11,1.974E-11,1.983E-11,1.992E-11,2.001E-11,2.01E-11,2.02E-11,2.029E-11,2.039E-11,2.049E-11,2.059E-11,2.069E-11,2.079E-11,2.09E-11,2.1E-11,2.11E-11,1.17E-11,1.282E-11,1.391E-11,1.496E-11,1.592E-11,1.679E-11,1.754E-11,1.818E-11,1.872E-11,1.916E-11,1.952E-11,1.981E-11,2.004E-11,2.022E-11,2.036E-11,2.048E-11,2.057E-11,2.064E-11,2.069E-11,2.074E-11,2.077E-11,2.08E-11,2.083E-11,2.085E-11,2.087E-11,2.088E-11,2.09E-11,2.091E-11,2.092E-11,2.094E-11,2.095E-11,2.096E-11,2.098E-11,2.099E-11,2.101E-11,2.102E-11,2.104E-11,2.106E-11,2.108E-11,2.11E-11,2.112E-11,2.115E-11,2.117E-11,2.12E-11,2.123E-11,2.126E-11,2.13E-11,2.133E-11,2.137E-11,2.141E-11,2.146E-11,2.151E-11,2.156E-11,2.161E-11,2.167E-11,2.173E-11,2.18E-11,2.187E-11,2.194E-11,2.202E-11,2.21E-11,2.218E-11,2.227E-11,2.236E-11,2.246E-11,2.256E-11,2.266E-11,2.277E-11,2.288E-11,2.299E-11,2.31E-11,2.322E-11,2.333E-11,2.345E-11,2.357E-11,2.369E-11,2.382E-11,2.394E-11,2.406E-11,2.418E-11,2.43E-11
pcss,4.139E-12,4.197E-12,4.268E-12,4.352E-12,4.45E-12,4.562E-12,4.687E-12,4.821E-12,4.963E-12,5.106E-12,5.247E-12,5.381E-12,5.505E-12,5.616E-12,5.712E-12,5.795E-12,5.864E-12,5.921E-12,5.968E-12,6.005E-12,6.035E-12,6.058E-12,6.077E-12,6.091E-12,6.103E-12,6.111E-12,6.118E-12,6.123E-12,6.128E-12,6.131E-12,6.133E-12,6.135E-12,6.136E-12,6.137E-12,6.138E-12,6.139E-12,6.139E-12,6.139E-12,6.139E-12,6.139E-12,6.139E-12,6.139E-12,6.139E-12,6.139E-12,6.138E-12,6.138E-12,6.138E-12,6.137E-12,6.137E-12,6.136E-12,6.136E-12,6.135E-12,6.134E-12,6.134E-12,6.133E-12,6.132E-12,6.131E-12,6.13E-12,6.129E-12,6.128E-12,6.127E-12,6.125E-12,6.124E-12,6.122E-12,6.121E-12,6.119E-12,6.117E-12,6.115E-12,6.113E-12,6.111E-12,6.108E-12,6.105E-12,6.103E-12,6.099E-12,6.096E-12,6.093E-12,6.089E-12,6.085E-12,6.081E-12,6.076E-12,6.072E-12,5.282E-12,5.57E-12,5.89E-12,6.235E-12,6.595E-12,6.959E-12,7.314E-12,7.65E-12,7.957E-12,8.23E-12,8.466E-12,8.667E-12,8.834E-12,8.97E-12,9.081E-12,9.169E-12,9.239E-12,9.294E-12,9.337E-12,9.371E-12,9.397E-12,9.417E-12,9.432E-12,9.445E-12,9.454E-12,9.461E-12,9.466E-12,9.47E-12,9.474E-12,9.476E-12,9.478E-12,9.479E-12,9.48E-12,9.48E-12,9.48E-12,9.48E-12,9.48E-12,9.48E-12,9.479E-12,9.479E-12,9.478E-12,9.477E-12,9.476E-12,9.475E-12,9.474E-12,9.472E-12,9.47E-12,9.469E-12,9.467E-12,9.465E-12,9.462E-12,9.46E-12,9.457E-12,9.454E-12,9.45E-12,9.446E-12,9.442E-12,9.438E-12,9.433E-12,9.428E-12,9.422E-12,9.416E-12,9.409E-12,9.402E-12,9.394E-12,9.385E-12,9.376E-12,9.367E-12,9.356E-12,9.345E-12,9.333E-12,9.32E-12,9.306E-12,9.292E-12,9.276E-12,9.26E-12,9.243E-12,9.225E-12,9.206E-12,9.186E-12,9.165E-12,6.706E-12,7.234E-12,7.798E-12,8.382E-12,8.966E-12,9.531E-12,1.006E-11,1.054E-11,1.096E-11,1.132E-11,1.163E-11,1.188E-11,1.209E-11,1.225E-11,1.239E-11,1.249E-11,1.257E-11,1.264E-11,1.269E-11,1.273E-11,1.275E-11,1.278E-11,1.28E-11,1.281E-11,1.282E-11,1.283E-11,1.283E-11,1.284E-11,1.284E-11,1.284E-11,1.285E-11,1.285E-11,1.285E-11,1.285E-11,1.285E-11,1.285E-11,1.285E-11,1.285E-11,1.285E-11,1.284E-11,1.284E-11,1.284E-11,1.284E-11,1.284E-11,1.284E-11,1.283E-11,1.283E-11,1.283E-11,1.282E-11,1.282E-11,1.281E-11,1.281E-11,1.28E-11,1.28E-11,1.279E-11,1.278E-11,1.277E-11,1.277E-11,1.276E-11,1.274E-11,1.273E-11,1.272E-11,1.271E-11,1.269E-11,1.268E-11,1.266E-11,1.264E-11,1.262E-11,1.26E-11,1.258E-11,1.256E-11,1.253E-11,1.25E-11,1.248E-11,1.245E-11,1.242E-11,1.238E-11,1.235E-11,1.231E-11,1.228E-11,1.224E-11,8.416E-12,9.19E-12,9.994E-12,1.08E-11,1.158E-11,1.232E-11,1.298E-11,1.357E-11,1.408E-11,1.451E-11,1.486E-11,1.515E-11,1.538E-11,1.557E-11,1.572E-11,1.583E-11,1.592E-11,1.599E-11,1.604E-11,1.609E-11,1.612E-11,1.614E-11,1.616E-11,1.618E-11,1.619E-11,1.62E-11,1.62E-11,1.621E-11,1.621E-11,1.622E-11,1.622E-11,1.622E-11,1.622E-11,1.622E-11,1.622E-11,1.622E-11,1.622E-11,1.622E-11,1.621E-11,1.621E-11,1.621E-11,1.621E-11,1.62E-11,1.62E-11,1.62E-11,1.619E-11,1.619E-11,1.618E-11,1.618E-11,1.617E-11,1.616E-11,1.616E-11,1.615E-11,1.614E-11,1.613E-11,1.611E-11,1.61E-11,1.609E-11,1.607E-11,1.605E-11,1.604E-11,1.602E-11,1.6E-11,1.597E-11,1.595E-11,1.592E-11,1.589E-11,1.586E-11,1.583E-11,1.579E-11,1.576E-11,1.572E-11,1.568E-11,1.564E-11,1.559E-11,1.555E-11,1.55E-11,1.545E-11,1.54E-11,1.534E-11,1.529E-11,1.03E-11,1.132E-11,1.235E-11,1.336E-11,1.432E-11,1.52E-11,1.598E-11,1.666E-11,1.724E-11,1.772E-11,1.811E-11,1.843E-11,1.869E-11,1.889E-11,1.905E-11,1.917E-11,1.927E-11,1.934E-11,1.94E-11,1.945E-11,1.948E-11,1.951E-11,1.953E-11,1.954E-11,1.956E-11,1.956E-11,1.957E-11,1.958E-11,1.958E-11,1.958E-11,1.958E-11,1.959E-11,1.959E-11,1.959E-11,1.959E-11,1.958E-11,1.958E-11,1.958E-11,1.958E-11,1.958E-11,1.957E-11,1.957E-11,1.957E-11,1.956E-11,1.956E-11,1.955E-11,1.954E-11,1.954E-11,1.953E-11,1.952E-11,1.951E-11,1.95E-11,1.948E-11,1.947E-11,1.946E-11,1.944E-11,1.942E-11,1.94E-11,1.938E-11,1.935E-11,1.933E-11,1.93E-11,1.927E-11,1.924E-11,1.92E-11,1.917E-11,1.913E-11,1.908E-11,1.904E-11,1.899E-11,1.894E-11,1.889E-11,1.884E-11,1.878E-11,1.872E-11,1.866E-11,1.859E-11,1.853E-11,1.846E-11,1.839E-11,1.832E-11,1.229E-11,1.353E-11,1.478E-11,1.598E-11,1.71E-11,1.811E-11,1.9E-11,1.976E-11,2.041E-11,2.094E-11,2.137E-11,2.171E-11,2.199E-11,2.22E-11,2.237E-11,2.251E-11,2.261E-11,2.269E-11,2.275E-11,2.28E-11,2.284E-11,2.287E-11,2.289E-11,2.291E-11,2.292E-11,2.293E-11,2.294E-11,2.294E-11,2.295E-11,2.295E-11,2.295E-11,2.295E-11,2.295E-11,2.295E-11,2.295E-11,2.295E-11,2.295E-11,2.294E-11,2.294E-11,2.294E-11,2.293E-11,2.293E-11,2.292E-11,2.292E-11,2.291E-11,2.29E-11,2.29E-11,2.289E-11,2.287E-11,2.286E-11,2.285E-11,2.283E-11,2.282E-11,2.28E-11,2.278E-11,2.276E-11,2.273E-11,2.271E-11,2.268E-11,2.265E-11,2.261E-11,2.258E-11,2.254E-11,2.25E-11,2.245E-11,2.24E-11,2.235E-11,2.23E-11,2.224E-11,2.218E-11,2.212E-11,2.205E-11,2.198E-11,2.191E-11,2.184E-11,2.176E-11,2.168E-11,2.16E-11,2.152E-11,2.143E-11,2.135E-11,1.432E-11,1.579E-11,1.724E-11,1.862E-11,1.99E-11,2.103E-11,2.202E-11,2.287E-11,2.357E-11,2.415E-11,2.461E-11,2.499E-11,2.528E-11,2.552E-11,2.57E-11,2.584E-11,2.595E-11,2.604E-11,2.61E-11,2.616E-11,2.619E-11,2.623E-11,2.625E-11,2.627E-11,2.628E-11,2.629E-11,2.63E-11,2.63E-11,2.631E-11,2.631E-11,2.631E-11,2.631E-11,2.632E-11,2.631E-11,2.631E-11,2.631E-11,2.631E-11,2.631E-11,2.63E-11,2.63E-11,2.629E-11,2.629E-11,2.628E-11,2.627E-11,2.627E-11,2.626E-11,2.624E-11,2.623E-11,2.622E-11,2.62E-11,2.619E-11,2.617E-11,2.615E-11,2.613E-11,2.61E-11,2.607E-11,2.604E-11,2.601E-11,2.597E-11,2.594E-11,2.589E-11,2.585E-11,2.58E-11,2.575E-11,2.569E-11,2.563E-11,2.557E-11,2.55E-11,2.543E-11,2.536E-11,2.528E-11,2.52E-11,2.512E-11,2.503E-11,2.494E-11,2.485E-11,2.476E-11,2.466E-11,2.456E-11,2.447E-11,2.436E-11
pft,157600000,194900000,240100000,294700000,360000000,437800000,529600000,637100000,762100000,906000000,1070000000,1256000000,1464000000,1695000000,1947000000,2219000000,2509000000,2814000000,3130000000,3453000000,3781000000,4108000000,4432000000,4750000000,5058000000,5355000000,5640000000,5911000000,6169000000,6411000000,6640000000,6855000000,7057000000,7246000000,7423000000,7590000000,7745000000,7892000000,8029000000,8158000000,8279000000,8393000000,8500000000,8601000000,8696000000,8785000000,8868000000,8946000000,9019000000,9086000000,9148000000,9205000000,9257000000,9304000000,9346000000,9383000000,9414000000,9440000000,9462000000,9478000000,9489000000,9495000000,9496000000,9493000000,9485000000,9472000000,9456000000,9436000000,9412000000,9384000000,9354000000,9321000000,9286000000,9248000000,9208000000,9166000000,9123000000,9078000000,9031000000,8984000000,8936000000,102600000,123400000,147400000,175100000,206800000,242900000,283700000,329600000,380900000,437700000,499900000,567200000,639400000,715600000,795200000,877300000,961200000,1046000000,1131000000,1215000000,1297000000,1378000000,1457000000,1533000000,1607000000,1678000000,1746000000,1812000000,1875000000,1935000000,1993000000,2049000000,2103000000,2155000000,2204000000,2252000000,2298000000,2343000000,2386000000,2427000000,2467000000,2505000000,2542000000,2577000000,2610000000,2642000000,2672000000,2700000000,2726000000,2751000000,2773000000,2793000000,2811000000,2826000000,2840000000,2851000000,2860000000,2866000000,2871000000,2874000000,2875000000,2874000000,2871000000,2867000000,2862000000,2855000000,2848000000,2839000000,2830000000,2820000000,2809000000,2798000000,2786000000,2773000000,2760000000,2747000000,2733000000,2720000000,2705000000,2691000000,2676000000,62760000,74310000,87450000,102400000,119200000,138200000,159500000,183200000,209400000,238100000,269100000,302300000,337300000,373900000,411700000,450200000,489200000,528200000,567000000,605300000,642800000,679500000,715200000,749900000,783400000,815900000,847200000,877500000,906700000,935000000,962400000,988800000,1014000000,1039000000,1063000000,1087000000,1110000000,1132000000,1153000000,1174000000,1194000000,1213000000,1232000000,1249000000,1266000000,1282000000,1298000000,1312000000,1325000000,1337000000,1348000000,1358000000,1367000000,1374000000,1380000000,1385000000,1389000000,1392000000,1393000000,1394000000,1394000000,1393000000,1391000000,1388000000,1385000000,1382000000,1377000000,1373000000,1368000000,1362000000,1356000000,1350000000,1344000000,1338000000,1331000000,1324000000,1317000000,1310000000,1303000000,1296000000,1289000000,43460000,50910000,59320000,68810000,79490000,91470000,104800000,119600000,135800000,153400000,172300000,192200000,213200000,234800000,256900000,279400000,301900000,324400000,346600000,368500000,390000000,410900000,431200000,451000000,470100000,488700000,506700000,524100000,541000000,557400000,573300000,588700000,603800000,618400000,632600000,646500000,660000000,673100000,685800000,698100000,710100000,721600000,732700000,743300000,753400000,763000000,772000000,780400000,788100000,795100000,801400000,806900000,811700000,815800000,819100000,821600000,823500000,824700000,825300000,825300000,824700000,823700000,822200000,820300000,818100000,815600000,812700000,809700000,806400000,802900000,799200000,795400000,791400000,787400000,783200000,779000000,774600000,770300000,765900000,761400000,757000000,32070000,37310000,43200000,49830000,57280000,65600000,74840000,85020000,96120000,108100000,120800000,134200000,148100000,162400000,177000000,191700000,206400000,221000000,235400000,249600000,263400000,276900000,290100000,302900000,315200000,327300000,338900000,350300000,361300000,372000000,382400000,392500000,402400000,412000000,421400000,430500000,439500000,448100000,456600000,464800000,472700000,480300000,487600000,494700000,501300000,507600000,513500000,518900000,523900000,528400000,532400000,535800000,538800000,541300000,543200000,544600000,545600000,546200000,546300000,546000000,545400000,544500000,543300000,541900000,540200000,538300000,536300000,534000000,531700000,529200000,526600000,524000000,521200000,518400000,515500000,512600000,509700000,506700000,503700000,500700000,497700000,24660000,28540000,32910000,37830000,43330000,49470000,56270000,63720000,71810000,80470000,89650000,99260000,109200000,119400000,129700000,140100000,150400000,160700000,170800000,180700000,190400000,199800000,209000000,217900000,226600000,235000000,243200000,251200000,258900000,266500000,273800000,281000000,288000000,294800000,301400000,307900000,314300000,320400000,326400000,332200000,337900000,343300000,348500000,353400000,358100000,362500000,366700000,370400000,373900000,377000000,379700000,382100000,384000000,385600000,386800000,387700000,388300000,388500000,388400000,388100000,387600000,386800000,385800000,384600000,383300000,381900000,380300000,378600000,376900000,375000000,373100000,371100000,369100000,367000000,364900000,362800000,360700000,358500000,356300000,354200000,352000000,19530000,22530000,25900000,29690000,33930000,38660000,43870000,49560000,55720000,62290000,69220000,76450000,83910000,91510000,99200000,106900000,114600000,122200000,129700000,137000000,144100000,151100000,157900000,164500000,170900000,177200000,183200000,189100000,194900000,200500000,205900000,211300000,216500000,221600000,226500000,231400000,236100000,240700000,245200000,249600000,253700000,257800000,261700000,265300000,268800000,272100000,275100000,277900000,280400000,282600000,284600000,286300000,287700000,288800000,289600000,290100000,290500000,290500000,290400000,290100000,289600000,288900000,288100000,287100000,286100000,284900000,283700000,282400000,281000000,279600000,278100000,276600000,275000000,273400000,271800000,270200000,268600000,266900000,265300000,263700000,262100000
pgm_id_ft,3606000000,4427000000,5414000000,6592000000,7985000000,9618000000,11510000000,13670000000,16110000000,18820000000,21780000000,24970000000,28320000000,31800000000,35310000000,38770000000,42120000000,45250000000,48110000000,50640000000,52790000000,54550000000,55910000000,56870000000,57470000000,57740000000,57700000000,57410000000,56890000000,56200000000,55360000000,54400000000,53360000000,52260000000,51130000000,49970000000,48800000000,47630000000,46480000000,45340000000,44220000000,43130000000,42070000000,41030000000,40020000000,39040000000,38080000000,37150000000,36250000000,35370000000,34510000000,33670000000,32850000000,32040000000,31250000000,30480000000,29720000000,28970000000,28240000000,27520000000,26800000000,26100000000,25410000000,24740000000,24070000000,23420000000,22780000000,22150000000,21540000000,20940000000,20350000000,19790000000,19230000000,18690000000,18170000000,17660000000,17170000000,16690000000,16230000000,15780000000,15350000000,2306000000,2747000000,3247000000,3808000000,4429000000,5108000000,5842000000,6625000000,7446000000,8295000000,9154000000,10010000000,10840000000,11620000000,12350000000,13000000000,13580000000,14060000000,14460000000,14770000000,15000000000,15140000000,15220000000,15240000000,15210000000,15130000000,15010000000,14860000000,14690000000,14500000000,14300000000,14090000000,13870000000,13650000000,13430000000,13210000000,12990000000,12770000000,12550000000,12340000000,12120000000,11910000000,11710000000,11500000000,11290000000,11090000000,10890000000,10680000000,10480000000,10270000000,10060000000,9851000000,9639000000,9425000000,9209000000,8992000000,8774000000,8556000000,8338000000,8122000000,7907000000,7694000000,7485000000,7279000000,7077000000,6879000000,6686000000,6499000000,6316000000,6139000000,5967000000,5801000000,5640000000,5484000000,5333000000,5187000000,5046000000,4910000000,4779000000,4651000000,4528000000,1400000000,1639000000,1903000000,2192000000,2505000000,2840000000,3196000000,3568000000,3950000000,4335000000,4717000000,5087000000,5437000000,5761000000,6052000000,6308000000,6525000000,6703000000,6844000000,6948000000,7019000000,7060000000,7075000000,7066000000,7039000000,6996000000,6940000000,6874000000,6800000000,6721000000,6637000000,6551000000,6462000000,6373000000,6284000000,6194000000,6106000000,6017000000,5929000000,5842000000,5755000000,5669000000,5582000000,5495000000,5407000000,5319000000,5229000000,5138000000,5045000000,4951000000,4854000000,4755000000,4654000000,4552000000,4448000000,4342000000,4236000000,4130000000,4023000000,3917000000,3812000000,3708000000,3605000000,3505000000,3407000000,3311000000,3217000000,3126000000,3038000000,2952000000,2870000000,2789000000,2712000000,2636000000,2564000000,2494000000,2426000000,2361000000,2298000000,2237000000,2178000000,961600000,1112000000,1275000000,1452000000,1641000000,1842000000,2052000000,2269000000,2488000000,2706000000,2918000000,3120000000,3307000000,3477000000,3627000000,3756000000,3863000000,3948000000,4013000000,4059000000,4088000000,4101000000,4102000000,4091000000,4071000000,4044000000,4010000000,3972000000,3931000000,3887000000,3841000000,3794000000,3747000000,3699000000,3651000000,3603000000,3555000000,3508000000,3461000000,3414000000,3366000000,3319000000,3271000000,3223000000,3174000000,3124000000,3073000000,3020000000,2966000000,2911000000,2854000000,2796000000,2736000000,2675000000,2613000000,2550000000,2486000000,2423000000,2359000000,2296000000,2233000000,2172000000,2111000000,2051000000,1993000000,1937000000,1881000000,1828000000,1776000000,1726000000,1677000000,1630000000,1584000000,1540000000,1498000000,1457000000,1417000000,1379000000,1342000000,1306000000,1272000000,704500000,807400000,918700000,1038000000,1165000000,1299000000,1437000000,1579000000,1720000000,1859000000,1992000000,2118000000,2232000000,2335000000,2424000000,2499000000,2560000000,2608000000,2643000000,2667000000,2680000000,2685000000,2682000000,2672000000,2657000000,2638000000,2616000000,2591000000,2565000000,2537000000,2508000000,2479000000,2449000000,2419000000,2389000000,2360000000,2330000000,2300000000,2271000000,2241000000,2211000000,2181000000,2151000000,2120000000,2088000000,2056000000,2023000000,1988000000,1953000000,1916000000,1878000000,1839000000,1799000000,1758000000,1717000000,1674000000,1632000000,1590000000,1547000000,1505000000,1464000000,1423000000,1383000000,1343000000,1305000000,1267000000,1231000000,1196000000,1162000000,1129000000,1096000000,1066000000,1036000000,1007000000,979000000,952100000,926200000,901200000,877000000,853800000,831400000,538200000,613100000,693700000,779800000,870900000,966100000,1064000000,1163000000,1262000000,1358000000,1449000000,1533000000,1610000000,1677000000,1736000000,1784000000,1823000000,1853000000,1874000000,1887000000,1894000000,1896000000,1892000000,1884000000,1873000000,1859000000,1843000000,1826000000,1807000000,1788000000,1768000000,1748000000,1727000000,1707000000,1687000000,1667000000,1646000000,1626000000,1606000000,1585000000,1565000000,1544000000,1523000000,1501000000,1479000000,1456000000,1432000000,1408000000,1383000000,1356000000,1329000000,1301000000,1272000000,1243000000,1213000000,1183000000,1153000000,1122000000,1092000000,1062000000,1032000000,1003000000,974600000,946600000,919400000,892900000,867100000,842100000,817900000,794500000,771900000,750100000,729000000,708600000,689000000,670000000,651800000,634200000,617200000,600900000,585100000,424100000,481000000,542000000,607000000,675400000,746700000,819600000,893000000,965300000,1035000000,1101000000,1162000000,1216000000,1264000000,1304000000,1338000000,1364000000,1384000000,1398000000,1407000000,1411000000,1410000000,1407000000,1400000000,1392000000,1381000000,1369000000,1356000000,1343000000,1329000000,1314000000,1299000000,1285000000,1270000000,1255000000,1240000000,1226000000,1211000000,1196000000,1181000000,1166000000,1151000000,1135000000,1119000000,1103000000,1086000000,1068000000,1050000000,1030000000,1011000000,990100000,969000000,947300000,925200000,902700000,880000000,857100000,834300000,811500000,789000000,766800000,745000000,723600000,702700000,682400000,662600000,643400000,624800000,606700000,589300000,572500000,556200000,540600000,525400000,510900000,496800000,483300000,470200000,457600000,445500000,433800000
